plant_name,plot_name,accession_name,plot_number,block_number,is_a_control,rep_number,row_number,col_number,plant_number,FieldNotes,Picture,"stem number counting			|CO_334:0000129","branching level counting			|CO_334:0000079","number of forks on branching level 1 counting			|CO_334:0000522","number of forks on branching level 2 counting			|CO_334:0000523","number of forks on branching level 3 counting			|CO_334:0000524","number of forks on branching level 4 counting			|CO_334:0000524-Copy-(0)",Plant height at first branching  Level,Plant height at second branching  Level,Plant height at third branching  Level,Plant height at fourth branching  Level,"plant height with leaf in cm			|CO_334:0000123","number of nodes at branching level 1 counting			|CO_334:0000352","number of nodes at branching level 2 counting			|CO_334:0000363","number of nodes at branching level 3 counting			|CO_334:0000368","number of nodes at branching level 4 counting			|CO_334:0000383","days to first forking event visual observation			|CO_334:0000467","days to second forking event visual observation			|CO_334:0000468","days to senescence on the first branch visual observation			|CO_334:0000518","days to third forking event visual observation			|CO_334:0000469","leaf life span in days			|CO_334:0000049",Leaf Lobe Counting,"leaf_1 lobe length measurement in cm			|CO_334:0000164","leaf_1 lobe Width measurement in cm			|CO_334:0000164-Copy-(0)","leaf_2 lobe length measurement in cm			|CO_334:0000164-Copy-(0)","leaf_2 lobe Width measurement in cm			|CO_334:0000164-Copy-(1)","leaf_3 lobe length measurement in cm - Leaf 1		|CO_334:0000164-Copy-(1)","leaf_3 lobe width measurement in cm			|CO_334:0000165",notes,"stem diameter measurement in cm|month 5			|COMP:0000129",Section_1 from branching_1-2_diameter,section from Branching_2-3_diameter,section from Branching_3-4_diameter
2022-21.GS.C2.UYT.36.setB.IB-rep1-TMS14F1288P0008_101_plant_1,2022-21.GS.C2.UYT.36.setB.IB-rep1-TMS14F1288P0008_101,TMS14F1288P0008,101,1,,1,1,1,1,,,,,,,,,,,,,,,,,,,,,,,14,,,,,,,,,,,
2022-21.GS.C2.UYT.36.setB.IB-rep1-TMS14F1288P0008_101_plant_2,2022-21.GS.C2.UYT.36.setB.IB-rep1-TMS14F1288P0008_101,TMS14F1288P0008,101,1,,1,1,1,2,,,,,,,,,,,,,,,,,,,,,,,,,,,,,,,,,,
2022-21.GS.C2.UYT.36.setB.IB-rep1-TMS14F1288P0008_101_plant_3,2022-21.GS.C2.UYT.36.setB.IB-rep1-TMS14F1288P0008_101,TMS14F1288P0008,101,1,,1,1,1,3,,,,,,,,,,,,,,,,,,,,,,,,,,,,,,,,,,
2022-21.GS.C2.UYT.36.setB.IB-rep1-TMS14F1288P0008_101_plant_4,2022-21.GS.C2.UYT.36.setB.IB-rep1-TMS14F1288P0008_101,TMS14F1288P0008,101,1,,1,1,1,4,,,,,,,,,,,,,,,,,,,,,,,,,,,,,,,,,,
2022-21.GS.C2.UYT.36.setB.IB-rep1-TMS14F1288P0008_101_plant_5,2022-21.GS.C2.UYT.36.setB.IB-rep1-TMS14F1288P0008_101,TMS14F1288P0008,101,1,,1,1,1,5,,,,,,,,,,,,,,,,,,,,,,,,,,,,,,,,,,
2022-21.GS.C2.UYT.36.setB.IB-rep1-TMS14F1125P0010_102_plant_1,2022-21.GS.C2.UYT.36.setB.IB-rep1-TMS14F1125P0010_102,TMS14F1125P0010,102,1,,1,1,2,1,,,,,,,,,,,,,,,,,,,,,,,,,,,,,,,,,,
2022-21.GS.C2.UYT.36.setB.IB-rep1-TMS14F1125P0010_102_plant_2,2022-21.GS.C2.UYT.36.setB.IB-rep1-TMS14F1125P0010_102,TMS14F1125P0010,102,1,,1,1,2,2,,,,,,,,,,,,,,,,,,,,,,,,,,,,,,,,,,
2022-21.GS.C2.UYT.36.setB.IB-rep1-TMS14F1125P0010_102_plant_3,2022-21.GS.C2.UYT.36.setB.IB-rep1-TMS14F1125P0010_102,TMS14F1125P0010,102,1,,1,1,2,3,,,,,,,,,,,,,,,,,,,,,,,,,,,,,,,,,,
2022-21.GS.C2.UYT.36.setB.IB-rep1-TMS14F1125P0010_102_plant_4,2022-21.GS.C2.UYT.36.setB.IB-rep1-TMS14F1125P0010_102,TMS14F1125P0010,102,1,,1,1,2,4,,,,,,,,,,,,,,,,,,,,,,,,,,,,,,,,,,
2022-21.GS.C2.UYT.36.setB.IB-rep1-TMS14F1125P0010_102_plant_5,2022-21.GS.C2.UYT.36.setB.IB-rep1-TMS14F1125P0010_102,TMS14F1125P0010,102,1,,1,1,2,5,,,,,,,,,,,,,,,,,,,,,,,,,,,,,,,,,,
2022-21.GS.C2.UYT.36.setB.IB-rep1-TMS14F1278P0003_103_plant_1,2022-21.GS.C2.UYT.36.setB.IB-rep1-TMS14F1278P0003_103,TMS14F1278P0003,103,1,,1,1,3,1,,,,,,,,,,,,,,,,,,,,,,,,,,,,,,,,,,
2022-21.GS.C2.UYT.36.setB.IB-rep1-TMS14F1278P0003_103_plant_2,2022-21.GS.C2.UYT.36.setB.IB-rep1-TMS14F1278P0003_103,TMS14F1278P0003,103,1,,1,1,3,2,,,,,,,,,,,,,,,,,,,,,,,,,,,,,,,,,,
2022-21.GS.C2.UYT.36.setB.IB-rep1-TMS14F1278P0003_103_plant_3,2022-21.GS.C2.UYT.36.setB.IB-rep1-TMS14F1278P0003_103,TMS14F1278P0003,103,1,,1,1,3,3,,,,,,,,,,,,,,,,,,,,,,,,,,,,,,,,,,
2022-21.GS.C2.UYT.36.setB.IB-rep1-TMS14F1278P0003_103_plant_4,2022-21.GS.C2.UYT.36.setB.IB-rep1-TMS14F1278P0003_103,TMS14F1278P0003,103,1,,1,1,3,4,,,,,,,,,,,,,,,,,,,,,,,,,,,,,,,,,,
2022-21.GS.C2.UYT.36.setB.IB-rep1-TMS14F1278P0003_103_plant_5,2022-21.GS.C2.UYT.36.setB.IB-rep1-TMS14F1278P0003_103,TMS14F1278P0003,103,1,,1,1,3,5,,,,,,,,,,,,,,,,,,,,,,,,,,,,,,,,,,
2022-21.GS.C2.UYT.36.setB.IB-rep1-TMS14F1195P0004_104_plant_1,2022-21.GS.C2.UYT.36.setB.IB-rep1-TMS14F1195P0004_104,TMS14F1195P0004,104,1,,1,2,3,1,,,,,,,,,,,,,,,,,,,,,,,,,,,,,,,,,,
2022-21.GS.C2.UYT.36.setB.IB-rep1-TMS14F1195P0004_104_plant_2,2022-21.GS.C2.UYT.36.setB.IB-rep1-TMS14F1195P0004_104,TMS14F1195P0004,104,1,,1,2,3,2,,,,,,,,,,,,,,,,,,,,,,,,,,,,,,,,,,
2022-21.GS.C2.UYT.36.setB.IB-rep1-TMS14F1195P0004_104_plant_3,2022-21.GS.C2.UYT.36.setB.IB-rep1-TMS14F1195P0004_104,TMS14F1195P0004,104,1,,1,2,3,3,,,,,,,,,,,,,,,,,,,,,,,,,,,,,,,,,,
2022-21.GS.C2.UYT.36.setB.IB-rep1-TMS14F1195P0004_104_plant_4,2022-21.GS.C2.UYT.36.setB.IB-rep1-TMS14F1195P0004_104,TMS14F1195P0004,104,1,,1,2,3,4,,,,,,,,,,,,,,,,,,,,,,,,,,,,,,,,,,
2022-21.GS.C2.UYT.36.setB.IB-rep1-TMS14F1195P0004_104_plant_5,2022-21.GS.C2.UYT.36.setB.IB-rep1-TMS14F1195P0004_104,TMS14F1195P0004,104,1,,1,2,3,5,,,,,,,,,,,,,,,,,,,,,,,,,,,,,,,,,,
2022-21.GS.C2.UYT.36.setB.IB-rep1-TMS13F1304P0003_105_plant_1,2022-21.GS.C2.UYT.36.setB.IB-rep1-TMS13F1304P0003_105,TMS13F1304P0003,105,1,,1,2,2,1,,,,,,,,,,,,,,,,,,,,,,,,,,,,,,,,,,
2022-21.GS.C2.UYT.36.setB.IB-rep1-TMS13F1304P0003_105_plant_2,2022-21.GS.C2.UYT.36.setB.IB-rep1-TMS13F1304P0003_105,TMS13F1304P0003,105,1,,1,2,2,2,,,,,,,,,,,,,,,,,,,,,,,,,,,,,,,,,,
2022-21.GS.C2.UYT.36.setB.IB-rep1-TMS13F1304P0003_105_plant_3,2022-21.GS.C2.UYT.36.setB.IB-rep1-TMS13F1304P0003_105,TMS13F1304P0003,105,1,,1,2,2,3,,,,,,,,,,,,,,,,,,,,,,,,,,,,,,,,,,
2022-21.GS.C2.UYT.36.setB.IB-rep1-TMS13F1304P0003_105_plant_4,2022-21.GS.C2.UYT.36.setB.IB-rep1-TMS13F1304P0003_105,TMS13F1304P0003,105,1,,1,2,2,4,,,,,,,,,,,,,,,,,,,,,,,,,,,,,,,,,,
2022-21.GS.C2.UYT.36.setB.IB-rep1-TMS13F1304P0003_105_plant_5,2022-21.GS.C2.UYT.36.setB.IB-rep1-TMS13F1304P0003_105,TMS13F1304P0003,105,1,,1,2,2,5,,,,,,,,,,,,,,,,,,,,,,,,,,,,,,,,,,
2022-21.GS.C2.UYT.36.setB.IB-rep1-TMS14F1022P0003_106_plant_1,2022-21.GS.C2.UYT.36.setB.IB-rep1-TMS14F1022P0003_106,TMS14F1022P0003,106,1,,1,2,1,1,,,,,,,,,,,,,,,,,,,,,,,,,,,,,,,,,,
2022-21.GS.C2.UYT.36.setB.IB-rep1-TMS14F1022P0003_106_plant_2,2022-21.GS.C2.UYT.36.setB.IB-rep1-TMS14F1022P0003_106,TMS14F1022P0003,106,1,,1,2,1,2,,,,,,,,,,,,,,,,,,,,,,,,,,,,,,,,,,
2022-21.GS.C2.UYT.36.setB.IB-rep1-TMS14F1022P0003_106_plant_3,2022-21.GS.C2.UYT.36.setB.IB-rep1-TMS14F1022P0003_106,TMS14F1022P0003,106,1,,1,2,1,3,,,,,,,,,,,,,,,,,,,,,,,,,,,,,,,,,,
2022-21.GS.C2.UYT.36.setB.IB-rep1-TMS14F1022P0003_106_plant_4,2022-21.GS.C2.UYT.36.setB.IB-rep1-TMS14F1022P0003_106,TMS14F1022P0003,106,1,,1,2,1,4,,,,,,,,,,,,,,,,,,,,,,,,,,,,,,,,,,
2022-21.GS.C2.UYT.36.setB.IB-rep1-TMS14F1022P0003_106_plant_5,2022-21.GS.C2.UYT.36.setB.IB-rep1-TMS14F1022P0003_106,TMS14F1022P0003,106,1,,1,2,1,5,,,,,,,,,,,,,,,,,,,,,,,,,,,,,,,,,,
2022-21.GS.C2.UYT.36.setB.IB-rep1-TMS14F1146P0002_107_plant_1,2022-21.GS.C2.UYT.36.setB.IB-rep1-TMS14F1146P0002_107,TMS14F1146P0002,107,1,,1,3,1,1,,,,,,,,,,,,,,,,,,,,,,,,,,,,,,,,,,
2022-21.GS.C2.UYT.36.setB.IB-rep1-TMS14F1146P0002_107_plant_2,2022-21.GS.C2.UYT.36.setB.IB-rep1-TMS14F1146P0002_107,TMS14F1146P0002,107,1,,1,3,1,2,,,,,,,,,,,,,,,,,,,,,,,,,,,,,,,,,,
2022-21.GS.C2.UYT.36.setB.IB-rep1-TMS14F1146P0002_107_plant_3,2022-21.GS.C2.UYT.36.setB.IB-rep1-TMS14F1146P0002_107,TMS14F1146P0002,107,1,,1,3,1,3,,,,,,,,,,,,,,,,,,,,,,,,,,,,,,,,,,
2022-21.GS.C2.UYT.36.setB.IB-rep1-TMS14F1146P0002_107_plant_4,2022-21.GS.C2.UYT.36.setB.IB-rep1-TMS14F1146P0002_107,TMS14F1146P0002,107,1,,1,3,1,4,,,,,,,,,,,,,,,,,,,,,,,,,,,,,,,,,,
2022-21.GS.C2.UYT.36.setB.IB-rep1-TMS14F1146P0002_107_plant_5,2022-21.GS.C2.UYT.36.setB.IB-rep1-TMS14F1146P0002_107,TMS14F1146P0002,107,1,,1,3,1,5,,,,,,,,,,,,,,,,,,,,,,,,,,,,,,,,,,
2022-21.GS.C2.UYT.36.setB.IB-rep1-IITA-TMS-IBA980581_108_plant_1,2022-21.GS.C2.UYT.36.setB.IB-rep1-IITA-TMS-IBA980581_108,IITA-TMS-IBA980581,108,1,1,1,3,2,1,,,,,,,,,,,,,,,,,,,,,,,,,,,,,,,,,,
2022-21.GS.C2.UYT.36.setB.IB-rep1-IITA-TMS-IBA980581_108_plant_2,2022-21.GS.C2.UYT.36.setB.IB-rep1-IITA-TMS-IBA980581_108,IITA-TMS-IBA980581,108,1,1,1,3,2,2,,,,,,,,,,,,,,,,,,,,,,,,,,,,,,,,,,
2022-21.GS.C2.UYT.36.setB.IB-rep1-IITA-TMS-IBA980581_108_plant_3,2022-21.GS.C2.UYT.36.setB.IB-rep1-IITA-TMS-IBA980581_108,IITA-TMS-IBA980581,108,1,1,1,3,2,3,,,,,,,,,,,,,,,,,,,,,,,,,,,,,,,,,,
2022-21.GS.C2.UYT.36.setB.IB-rep1-IITA-TMS-IBA980581_108_plant_4,2022-21.GS.C2.UYT.36.setB.IB-rep1-IITA-TMS-IBA980581_108,IITA-TMS-IBA980581,108,1,1,1,3,2,4,,,,,,,,,,,,,,,,,,,,,,,,,,,,,,,,,,
2022-21.GS.C2.UYT.36.setB.IB-rep1-IITA-TMS-IBA980581_108_plant_5,2022-21.GS.C2.UYT.36.setB.IB-rep1-IITA-TMS-IBA980581_108,IITA-TMS-IBA980581,108,1,1,1,3,2,5,,,,,,,,,,,,,,,,,,,,,,,,,,,,,,,,,,
2022-21.GS.C2.UYT.36.setB.IB-rep1-TMS14F1291P0003_109_plant_1,2022-21.GS.C2.UYT.36.setB.IB-rep1-TMS14F1291P0003_109,TMS14F1291P0003,109,1,,1,3,3,1,,,,,,,,,,,,,,,,,,,,,,,,,,,,,,,,,,
2022-21.GS.C2.UYT.36.setB.IB-rep1-TMS14F1291P0003_109_plant_2,2022-21.GS.C2.UYT.36.setB.IB-rep1-TMS14F1291P0003_109,TMS14F1291P0003,109,1,,1,3,3,2,,,,,,,,,,,,,,,,,,,,,,,,,,,,,,,,,,
2022-21.GS.C2.UYT.36.setB.IB-rep1-TMS14F1291P0003_109_plant_3,2022-21.GS.C2.UYT.36.setB.IB-rep1-TMS14F1291P0003_109,TMS14F1291P0003,109,1,,1,3,3,3,,,,,,,,,,,,,,,,,,,,,,,,,,,,,,,,,,
2022-21.GS.C2.UYT.36.setB.IB-rep1-TMS14F1291P0003_109_plant_4,2022-21.GS.C2.UYT.36.setB.IB-rep1-TMS14F1291P0003_109,TMS14F1291P0003,109,1,,1,3,3,4,,,,,,,,,,,,,,,,,,,,,,,,,,,,,,,,,,
2022-21.GS.C2.UYT.36.setB.IB-rep1-TMS14F1291P0003_109_plant_5,2022-21.GS.C2.UYT.36.setB.IB-rep1-TMS14F1291P0003_109,TMS14F1291P0003,109,1,,1,3,3,5,,,,,,,,,,,,,,,,,,,,,,,,,,,,,,,,,,
2022-21.GS.C2.UYT.36.setB.IB-rep1-TMS14F1301P0013_110_plant_1,2022-21.GS.C2.UYT.36.setB.IB-rep1-TMS14F1301P0013_110,TMS14F1301P0013,110,1,,1,4,3,1,,,,,,,,,,,,,,,,,,,,,,,,,,,,,,,,,,
2022-21.GS.C2.UYT.36.setB.IB-rep1-TMS14F1301P0013_110_plant_2,2022-21.GS.C2.UYT.36.setB.IB-rep1-TMS14F1301P0013_110,TMS14F1301P0013,110,1,,1,4,3,2,,,,,,,,,,,,,,,,,,,,,,,,,,,,,,,,,,
2022-21.GS.C2.UYT.36.setB.IB-rep1-TMS14F1301P0013_110_plant_3,2022-21.GS.C2.UYT.36.setB.IB-rep1-TMS14F1301P0013_110,TMS14F1301P0013,110,1,,1,4,3,3,,,,,,,,,,,,,,,,,,,,,,,,,,,,,,,,,,
2022-21.GS.C2.UYT.36.setB.IB-rep1-TMS14F1301P0013_110_plant_4,2022-21.GS.C2.UYT.36.setB.IB-rep1-TMS14F1301P0013_110,TMS14F1301P0013,110,1,,1,4,3,4,,,,,,,,,,,,,,,,,,,,,,,,,,,,,,,,,,
2022-21.GS.C2.UYT.36.setB.IB-rep1-TMS14F1301P0013_110_plant_5,2022-21.GS.C2.UYT.36.setB.IB-rep1-TMS14F1301P0013_110,TMS14F1301P0013,110,1,,1,4,3,5,,,,,,,,,,,,,,,,,,,,,,,,,,,,,,,,,,
2022-21.GS.C2.UYT.36.setB.IB-rep1-TMS13F1400P0001_111_plant_1,2022-21.GS.C2.UYT.36.setB.IB-rep1-TMS13F1400P0001_111,TMS13F1400P0001,111,1,,1,4,2,1,,,,,,,,,,,,,,,,,,,,,,,,,,,,,,,,,,
2022-21.GS.C2.UYT.36.setB.IB-rep1-TMS13F1400P0001_111_plant_2,2022-21.GS.C2.UYT.36.setB.IB-rep1-TMS13F1400P0001_111,TMS13F1400P0001,111,1,,1,4,2,2,,,,,,,,,,,,,,,,,,,,,,,,,,,,,,,,,,
2022-21.GS.C2.UYT.36.setB.IB-rep1-TMS13F1400P0001_111_plant_3,2022-21.GS.C2.UYT.36.setB.IB-rep1-TMS13F1400P0001_111,TMS13F1400P0001,111,1,,1,4,2,3,,,,,,,,,,,,,,,,,,,,,,,,,,,,,,,,,,
2022-21.GS.C2.UYT.36.setB.IB-rep1-TMS13F1400P0001_111_plant_4,2022-21.GS.C2.UYT.36.setB.IB-rep1-TMS13F1400P0001_111,TMS13F1400P0001,111,1,,1,4,2,4,,,,,,,,,,,,,,,,,,,,,,,,,,,,,,,,,,
2022-21.GS.C2.UYT.36.setB.IB-rep1-TMS13F1400P0001_111_plant_5,2022-21.GS.C2.UYT.36.setB.IB-rep1-TMS13F1400P0001_111,TMS13F1400P0001,111,1,,1,4,2,5,,,,,,,,,,,,,,,,,,,,,,,,,,,,,,,,,,
2022-21.GS.C2.UYT.36.setB.IB-rep1-TMS13F1376P0018_112_plant_1,2022-21.GS.C2.UYT.36.setB.IB-rep1-TMS13F1376P0018_112,TMS13F1376P0018,112,1,,1,4,1,1,,,,,,,,,,,,,,,,,,,,,,,,,,,,,,,,,,
2022-21.GS.C2.UYT.36.setB.IB-rep1-TMS13F1376P0018_112_plant_2,2022-21.GS.C2.UYT.36.setB.IB-rep1-TMS13F1376P0018_112,TMS13F1376P0018,112,1,,1,4,1,2,,,,,,,,,,,,,,,,,,,,,,,,,,,,,,,,,,
2022-21.GS.C2.UYT.36.setB.IB-rep1-TMS13F1376P0018_112_plant_3,2022-21.GS.C2.UYT.36.setB.IB-rep1-TMS13F1376P0018_112,TMS13F1376P0018,112,1,,1,4,1,3,,,,,,,,,,,,,,,,,,,,,,,,,,,,,,,,,,
2022-21.GS.C2.UYT.36.setB.IB-rep1-TMS13F1376P0018_112_plant_4,2022-21.GS.C2.UYT.36.setB.IB-rep1-TMS13F1376P0018_112,TMS13F1376P0018,112,1,,1,4,1,4,,,,,,,,,,,,,,,,,,,,,,,,,,,,,,,,,,
2022-21.GS.C2.UYT.36.setB.IB-rep1-TMS13F1376P0018_112_plant_5,2022-21.GS.C2.UYT.36.setB.IB-rep1-TMS13F1376P0018_112,TMS13F1376P0018,112,1,,1,4,1,5,,,,,,,,,,,,,,,,,,,,,,,,,,,,,,,,,,
2022-21.GS.C2.UYT.36.setB.IB-rep1-TMS14F1301P0004_113_plant_1,2022-21.GS.C2.UYT.36.setB.IB-rep1-TMS14F1301P0004_113,TMS14F1301P0004,113,2,,1,5,1,1,,,,,,,,,,,,,,,,,,,,,,,,,,,,,,,,,,
2022-21.GS.C2.UYT.36.setB.IB-rep1-TMS14F1301P0004_113_plant_2,2022-21.GS.C2.UYT.36.setB.IB-rep1-TMS14F1301P0004_113,TMS14F1301P0004,113,2,,1,5,1,2,,,,,,,,,,,,,,,,,,,,,,,,,,,,,,,,,,
2022-21.GS.C2.UYT.36.setB.IB-rep1-TMS14F1301P0004_113_plant_3,2022-21.GS.C2.UYT.36.setB.IB-rep1-TMS14F1301P0004_113,TMS14F1301P0004,113,2,,1,5,1,3,,,,,,,,,,,,,,,,,,,,,,,,,,,,,,,,,,
2022-21.GS.C2.UYT.36.setB.IB-rep1-TMS14F1301P0004_113_plant_4,2022-21.GS.C2.UYT.36.setB.IB-rep1-TMS14F1301P0004_113,TMS14F1301P0004,113,2,,1,5,1,4,,,,,,,,,,,,,,,,,,,,,,,,,,,,,,,,,,
2022-21.GS.C2.UYT.36.setB.IB-rep1-TMS14F1301P0004_113_plant_5,2022-21.GS.C2.UYT.36.setB.IB-rep1-TMS14F1301P0004_113,TMS14F1301P0004,113,2,,1,5,1,5,,,,,,,,,,,,,,,,,,,,,,,,,,,,,,,,,,
2022-21.GS.C2.UYT.36.setB.IB-rep1-TMS14F1285P0006_114_plant_1,2022-21.GS.C2.UYT.36.setB.IB-rep1-TMS14F1285P0006_114,TMS14F1285P0006,114,2,,1,5,2,1,,,,,,,,,,,,,,,,,,,,,,,,,,,,,,,,,,
2022-21.GS.C2.UYT.36.setB.IB-rep1-TMS14F1285P0006_114_plant_2,2022-21.GS.C2.UYT.36.setB.IB-rep1-TMS14F1285P0006_114,TMS14F1285P0006,114,2,,1,5,2,2,,,,,,,,,,,,,,,,,,,,,,,,,,,,,,,,,,
2022-21.GS.C2.UYT.36.setB.IB-rep1-TMS14F1285P0006_114_plant_3,2022-21.GS.C2.UYT.36.setB.IB-rep1-TMS14F1285P0006_114,TMS14F1285P0006,114,2,,1,5,2,3,,,,,,,,,,,,,,,,,,,,,,,,,,,,,,,,,,
2022-21.GS.C2.UYT.36.setB.IB-rep1-TMS14F1285P0006_114_plant_4,2022-21.GS.C2.UYT.36.setB.IB-rep1-TMS14F1285P0006_114,TMS14F1285P0006,114,2,,1,5,2,4,,,,,,,,,,,,,,,,,,,,,,,,,,,,,,,,,,
2022-21.GS.C2.UYT.36.setB.IB-rep1-TMS14F1285P0006_114_plant_5,2022-21.GS.C2.UYT.36.setB.IB-rep1-TMS14F1285P0006_114,TMS14F1285P0006,114,2,,1,5,2,5,,,1,,,,,,,,,,,,,,,,,,,,,,,,,,,,,,,
2022-21.GS.C2.UYT.36.setB.IB-rep1-TMS14F1310P0015_115_plant_1,2022-21.GS.C2.UYT.36.setB.IB-rep1-TMS14F1310P0015_115,TMS14F1310P0015,115,2,,1,5,3,1,,,,,,,,,,,,,,,,,,,,,,,,,,,,,,,,,,
2022-21.GS.C2.UYT.36.setB.IB-rep1-TMS14F1310P0015_115_plant_2,2022-21.GS.C2.UYT.36.setB.IB-rep1-TMS14F1310P0015_115,TMS14F1310P0015,115,2,,1,5,3,2,,,,,,,,,,,,,,,,,,,,,,,,,,,,,,,,,,
2022-21.GS.C2.UYT.36.setB.IB-rep1-TMS14F1310P0015_115_plant_3,2022-21.GS.C2.UYT.36.setB.IB-rep1-TMS14F1310P0015_115,TMS14F1310P0015,115,2,,1,5,3,3,,,,,,,,,,,,,,,,,,,,,,,,,,,,,,,,,,
2022-21.GS.C2.UYT.36.setB.IB-rep1-TMS14F1310P0015_115_plant_4,2022-21.GS.C2.UYT.36.setB.IB-rep1-TMS14F1310P0015_115,TMS14F1310P0015,115,2,,1,5,3,4,,,,,,,,,,,,,,,,,,,,,,,,,,,,,,,,,,
2022-21.GS.C2.UYT.36.setB.IB-rep1-TMS14F1310P0015_115_plant_5,2022-21.GS.C2.UYT.36.setB.IB-rep1-TMS14F1310P0015_115,TMS14F1310P0015,115,2,,1,5,3,5,,,,,,,,,,,,,,,,,,,,,,,,,,,,,,,,,,
2022-21.GS.C2.UYT.36.setB.IB-rep1-TMS14F1014P0017_116_plant_1,2022-21.GS.C2.UYT.36.setB.IB-rep1-TMS14F1014P0017_116,TMS14F1014P0017,116,2,,1,6,3,1,,,,,,,,,,,,,,,,,,,,,,,,,,,,,,,,,,
2022-21.GS.C2.UYT.36.setB.IB-rep1-TMS14F1014P0017_116_plant_2,2022-21.GS.C2.UYT.36.setB.IB-rep1-TMS14F1014P0017_116,TMS14F1014P0017,116,2,,1,6,3,2,,,,,,,,,,,,,,,,,,,,,,,,,,,,,,,,,,
2022-21.GS.C2.UYT.36.setB.IB-rep1-TMS14F1014P0017_116_plant_3,2022-21.GS.C2.UYT.36.setB.IB-rep1-TMS14F1014P0017_116,TMS14F1014P0017,116,2,,1,6,3,3,,,,,,,,,,,,,,,,,,,,,,,,,,,,,,,,,,
2022-21.GS.C2.UYT.36.setB.IB-rep1-TMS14F1014P0017_116_plant_4,2022-21.GS.C2.UYT.36.setB.IB-rep1-TMS14F1014P0017_116,TMS14F1014P0017,116,2,,1,6,3,4,,,,,,,,,,,,,,,,,,,,,,,,,,,,,,,,,,
2022-21.GS.C2.UYT.36.setB.IB-rep1-TMS14F1014P0017_116_plant_5,2022-21.GS.C2.UYT.36.setB.IB-rep1-TMS14F1014P0017_116,TMS14F1014P0017,116,2,,1,6,3,5,,,,,,,,,,,,,,,,,,,,,,,,,,,,,,,,,,
2022-21.GS.C2.UYT.36.setB.IB-rep1-TMS14F1292P0012_117_plant_1,2022-21.GS.C2.UYT.36.setB.IB-rep1-TMS14F1292P0012_117,TMS14F1292P0012,117,2,,1,6,2,1,,,,,,,,,,,,,,,,,,,,,,,,,,,,,,,,,,
2022-21.GS.C2.UYT.36.setB.IB-rep1-TMS14F1292P0012_117_plant_2,2022-21.GS.C2.UYT.36.setB.IB-rep1-TMS14F1292P0012_117,TMS14F1292P0012,117,2,,1,6,2,2,,,,,,,,,,,,,,,,,,,,,,,,,,,,,,,,,,
2022-21.GS.C2.UYT.36.setB.IB-rep1-TMS14F1292P0012_117_plant_3,2022-21.GS.C2.UYT.36.setB.IB-rep1-TMS14F1292P0012_117,TMS14F1292P0012,117,2,,1,6,2,3,,,,,,,,,,,,,,,,,,,,,,,,,,,,,,,,,,
2022-21.GS.C2.UYT.36.setB.IB-rep1-TMS14F1292P0012_117_plant_4,2022-21.GS.C2.UYT.36.setB.IB-rep1-TMS14F1292P0012_117,TMS14F1292P0012,117,2,,1,6,2,4,,,,,,,,,,,,,,,,,,,,,,,,,,,,,,,,,,
2022-21.GS.C2.UYT.36.setB.IB-rep1-TMS14F1292P0012_117_plant_5,2022-21.GS.C2.UYT.36.setB.IB-rep1-TMS14F1292P0012_117,TMS14F1292P0012,117,2,,1,6,2,5,,,,,,,,,,,,,,,,,,,,,,,,,,,,,,,,,,
2022-21.GS.C2.UYT.36.setB.IB-rep1-TMS14F1013P0007_118_plant_1,2022-21.GS.C2.UYT.36.setB.IB-rep1-TMS14F1013P0007_118,TMS14F1013P0007,118,2,,1,6,1,1,,,,,,,,,,,,,,,,,,,,,,,,,,,,,,,,,,
2022-21.GS.C2.UYT.36.setB.IB-rep1-TMS14F1013P0007_118_plant_2,2022-21.GS.C2.UYT.36.setB.IB-rep1-TMS14F1013P0007_118,TMS14F1013P0007,118,2,,1,6,1,2,,,,,,,,,,,,,,,,,,,,,,,,,,,,,,,,,,
2022-21.GS.C2.UYT.36.setB.IB-rep1-TMS14F1013P0007_118_plant_3,2022-21.GS.C2.UYT.36.setB.IB-rep1-TMS14F1013P0007_118,TMS14F1013P0007,118,2,,1,6,1,3,,,,,,,,,,,,,,,,,,,,,,,,,,,,,,,,,,
2022-21.GS.C2.UYT.36.setB.IB-rep1-TMS14F1013P0007_118_plant_4,2022-21.GS.C2.UYT.36.setB.IB-rep1-TMS14F1013P0007_118,TMS14F1013P0007,118,2,,1,6,1,4,,,,,,,,,,,,,,,,,,,,,,,,,,,,,,,,,,
2022-21.GS.C2.UYT.36.setB.IB-rep1-TMS14F1013P0007_118_plant_5,2022-21.GS.C2.UYT.36.setB.IB-rep1-TMS14F1013P0007_118,TMS14F1013P0007,118,2,,1,6,1,5,,,,,,,,,,,,,,,,,,,,,,,,,,,,,,,,,,
2022-21.GS.C2.UYT.36.setB.IB-rep1-IITA-TMS-IBA000070_119_plant_1,2022-21.GS.C2.UYT.36.setB.IB-rep1-IITA-TMS-IBA000070_119,IITA-TMS-IBA000070,119,2,1,1,7,1,1,,,,,,,,,,,,,,,,,,,,,,,,,,,,,,,,,,
2022-21.GS.C2.UYT.36.setB.IB-rep1-IITA-TMS-IBA000070_119_plant_2,2022-21.GS.C2.UYT.36.setB.IB-rep1-IITA-TMS-IBA000070_119,IITA-TMS-IBA000070,119,2,1,1,7,1,2,,,,,,,,,,,,,,,,,,,,,,,,,,,,,,,,,,
2022-21.GS.C2.UYT.36.setB.IB-rep1-IITA-TMS-IBA000070_119_plant_3,2022-21.GS.C2.UYT.36.setB.IB-rep1-IITA-TMS-IBA000070_119,IITA-TMS-IBA000070,119,2,1,1,7,1,3,,,,,,,,,,,,,,,,,,,,,,,,,,,,,,,,,,
2022-21.GS.C2.UYT.36.setB.IB-rep1-IITA-TMS-IBA000070_119_plant_4,2022-21.GS.C2.UYT.36.setB.IB-rep1-IITA-TMS-IBA000070_119,IITA-TMS-IBA000070,119,2,1,1,7,1,4,,,,,,,,,,,,,,,,,,,,,,,,,,,,,,,,,,
2022-21.GS.C2.UYT.36.setB.IB-rep1-IITA-TMS-IBA000070_119_plant_5,2022-21.GS.C2.UYT.36.setB.IB-rep1-IITA-TMS-IBA000070_119,IITA-TMS-IBA000070,119,2,1,1,7,1,5,,,,,,,,,,,,,,,,,,,,,,,,,,,,,,,,,,
2022-21.GS.C2.UYT.36.setB.IB-rep1-IITA-TMS-IBA982101_120_plant_1,2022-21.GS.C2.UYT.36.setB.IB-rep1-IITA-TMS-IBA982101_120,IITA-TMS-IBA982101,120,2,1,1,7,2,1,,,,,,,,,,,,,,,,,,,,,,,,,,,,,,,,,,
2022-21.GS.C2.UYT.36.setB.IB-rep1-IITA-TMS-IBA982101_120_plant_2,2022-21.GS.C2.UYT.36.setB.IB-rep1-IITA-TMS-IBA982101_120,IITA-TMS-IBA982101,120,2,1,1,7,2,2,,,,,,,,,,,,,,,,,,,,,,,,,,,,,,,,,,
2022-21.GS.C2.UYT.36.setB.IB-rep1-IITA-TMS-IBA982101_120_plant_3,2022-21.GS.C2.UYT.36.setB.IB-rep1-IITA-TMS-IBA982101_120,IITA-TMS-IBA982101,120,2,1,1,7,2,3,,,,,,,,,,,,,,,,,,,,,,,,,,,,,,,,,,
2022-21.GS.C2.UYT.36.setB.IB-rep1-IITA-TMS-IBA982101_120_plant_4,2022-21.GS.C2.UYT.36.setB.IB-rep1-IITA-TMS-IBA982101_120,IITA-TMS-IBA982101,120,2,1,1,7,2,4,,,,,,,,,,,,,,,,,,,,,,,,,,,,,,,,,,
2022-21.GS.C2.UYT.36.setB.IB-rep1-IITA-TMS-IBA982101_120_plant_5,2022-21.GS.C2.UYT.36.setB.IB-rep1-IITA-TMS-IBA982101_120,IITA-TMS-IBA982101,120,2,1,1,7,2,5,,,,,,,,,,,,,,,,,,,,,,,,,,,,,,,,,,
2022-21.GS.C2.UYT.36.setB.IB-rep1-IITA-TMS-IBA30572_121_plant_1,2022-21.GS.C2.UYT.36.setB.IB-rep1-IITA-TMS-IBA30572_121,IITA-TMS-IBA30572,121,2,1,1,7,3,1,,,,,,,,,,,,,,,,,,,,,,,,,,,,,,,,,,
2022-21.GS.C2.UYT.36.setB.IB-rep1-IITA-TMS-IBA30572_121_plant_2,2022-21.GS.C2.UYT.36.setB.IB-rep1-IITA-TMS-IBA30572_121,IITA-TMS-IBA30572,121,2,1,1,7,3,2,,,,,,,,,,,,,,,,,,,,,,,,,,,,,,,,,,
2022-21.GS.C2.UYT.36.setB.IB-rep1-IITA-TMS-IBA30572_121_plant_3,2022-21.GS.C2.UYT.36.setB.IB-rep1-IITA-TMS-IBA30572_121,IITA-TMS-IBA30572,121,2,1,1,7,3,3,,,,,,,,,,,,,,,,,,,,,,,,,,,,,,,,,,
2022-21.GS.C2.UYT.36.setB.IB-rep1-IITA-TMS-IBA30572_121_plant_4,2022-21.GS.C2.UYT.36.setB.IB-rep1-IITA-TMS-IBA30572_121,IITA-TMS-IBA30572,121,2,1,1,7,3,4,,,,,,,,,,,,,,,,,,,,,,,,,,,,,,,,,,
2022-21.GS.C2.UYT.36.setB.IB-rep1-IITA-TMS-IBA30572_121_plant_5,2022-21.GS.C2.UYT.36.setB.IB-rep1-IITA-TMS-IBA30572_121,IITA-TMS-IBA30572,121,2,1,1,7,3,5,,,,,,,,,,,,,,,,,,,,,,,,,,,,,,,,,,
2022-21.GS.C2.UYT.36.setB.IB-rep1-TMS13F1315P0008_122_plant_1,2022-21.GS.C2.UYT.36.setB.IB-rep1-TMS13F1315P0008_122,TMS13F1315P0008,122,2,,1,8,3,1,,,,,,,,,,,,,,,,,,,,,,,,,,,,,,,,,,
2022-21.GS.C2.UYT.36.setB.IB-rep1-TMS13F1315P0008_122_plant_2,2022-21.GS.C2.UYT.36.setB.IB-rep1-TMS13F1315P0008_122,TMS13F1315P0008,122,2,,1,8,3,2,,,,,,,,,,,,,,,,,,,,,,,,,,,,,,,,,,
2022-21.GS.C2.UYT.36.setB.IB-rep1-TMS13F1315P0008_122_plant_3,2022-21.GS.C2.UYT.36.setB.IB-rep1-TMS13F1315P0008_122,TMS13F1315P0008,122,2,,1,8,3,3,,,,,,,,,,,,,,,,,,,,,,,,,,,,,,,,,,
2022-21.GS.C2.UYT.36.setB.IB-rep1-TMS13F1315P0008_122_plant_4,2022-21.GS.C2.UYT.36.setB.IB-rep1-TMS13F1315P0008_122,TMS13F1315P0008,122,2,,1,8,3,4,,,,,,,,,,,,,,,,,,,,,,,,,,,,,,,,,,
2022-21.GS.C2.UYT.36.setB.IB-rep1-TMS13F1315P0008_122_plant_5,2022-21.GS.C2.UYT.36.setB.IB-rep1-TMS13F1315P0008_122,TMS13F1315P0008,122,2,,1,8,3,5,,,,,,,,,,,,,,,,,,,,,,,,,,,,,,,,,,
2022-21.GS.C2.UYT.36.setB.IB-rep1-TMEB419_123_plant_1,2022-21.GS.C2.UYT.36.setB.IB-rep1-TMEB419_123,TMEB419,123,2,1,1,8,2,1,,,,,,,,,,,,,,,,,,,,,,,,,,,,,,,,,,
2022-21.GS.C2.UYT.36.setB.IB-rep1-TMEB419_123_plant_2,2022-21.GS.C2.UYT.36.setB.IB-rep1-TMEB419_123,TMEB419,123,2,1,1,8,2,2,,,,,,,,,,,,,,,,,,,,,,,,,,,,,,,,,,
2022-21.GS.C2.UYT.36.setB.IB-rep1-TMEB419_123_plant_3,2022-21.GS.C2.UYT.36.setB.IB-rep1-TMEB419_123,TMEB419,123,2,1,1,8,2,3,,,,,,,,,,,,,,,,,,,,,,,,,,,,,,,,,,
2022-21.GS.C2.UYT.36.setB.IB-rep1-TMEB419_123_plant_4,2022-21.GS.C2.UYT.36.setB.IB-rep1-TMEB419_123,TMEB419,123,2,1,1,8,2,4,,,,,,,,,,,,,,,,,,,,,,,,,,,,,,,,,,
2022-21.GS.C2.UYT.36.setB.IB-rep1-TMEB419_123_plant_5,2022-21.GS.C2.UYT.36.setB.IB-rep1-TMEB419_123,TMEB419,123,2,1,1,8,2,5,,,,,,,,,,,,,,,,,,,,,,,,,,,,,,,,,,
2022-21.GS.C2.UYT.36.setB.IB-rep1-TMS14F1291P0012_124_plant_1,2022-21.GS.C2.UYT.36.setB.IB-rep1-TMS14F1291P0012_124,TMS14F1291P0012,124,2,,1,8,1,1,,,,,,,,,,,,,,,,,,,,,,,,,,,,,,,,,,
2022-21.GS.C2.UYT.36.setB.IB-rep1-TMS14F1291P0012_124_plant_2,2022-21.GS.C2.UYT.36.setB.IB-rep1-TMS14F1291P0012_124,TMS14F1291P0012,124,2,,1,8,1,2,,,,,,,,,,,,,,,,,,,,,,,,,,,,,,,,,,
2022-21.GS.C2.UYT.36.setB.IB-rep1-TMS14F1291P0012_124_plant_3,2022-21.GS.C2.UYT.36.setB.IB-rep1-TMS14F1291P0012_124,TMS14F1291P0012,124,2,,1,8,1,3,,,,,,,,,,,,,,,,,,,,,,,,,,,,,,,,,,
2022-21.GS.C2.UYT.36.setB.IB-rep1-TMS14F1291P0012_124_plant_4,2022-21.GS.C2.UYT.36.setB.IB-rep1-TMS14F1291P0012_124,TMS14F1291P0012,124,2,,1,8,1,4,,,,,,,,,,,,,,,,,,,,,,,,,,,,,,,,,,
2022-21.GS.C2.UYT.36.setB.IB-rep1-TMS14F1291P0012_124_plant_5,2022-21.GS.C2.UYT.36.setB.IB-rep1-TMS14F1291P0012_124,TMS14F1291P0012,124,2,,1,8,1,5,,,,,,,,,,,,,,,,,,,,,,,,,,,,,,,,,,
2022-21.GS.C2.UYT.36.setB.IB-rep1-TMS14F1196P0003_125_plant_1,2022-21.GS.C2.UYT.36.setB.IB-rep1-TMS14F1196P0003_125,TMS14F1196P0003,125,3,,1,9,1,1,,,,,,,,,,,,,,,,,,,,,,,,,,,,,,,,,,
2022-21.GS.C2.UYT.36.setB.IB-rep1-TMS14F1196P0003_125_plant_2,2022-21.GS.C2.UYT.36.setB.IB-rep1-TMS14F1196P0003_125,TMS14F1196P0003,125,3,,1,9,1,2,,,,,,,,,,,,,,,,,,,,,,,,,,,,,,,,,,
2022-21.GS.C2.UYT.36.setB.IB-rep1-TMS14F1196P0003_125_plant_3,2022-21.GS.C2.UYT.36.setB.IB-rep1-TMS14F1196P0003_125,TMS14F1196P0003,125,3,,1,9,1,3,,,,,,,,,,,,,,,,,,,,,,,,,,,,,,,,,,
2022-21.GS.C2.UYT.36.setB.IB-rep1-TMS14F1196P0003_125_plant_4,2022-21.GS.C2.UYT.36.setB.IB-rep1-TMS14F1196P0003_125,TMS14F1196P0003,125,3,,1,9,1,4,,,,,,,,,,,,,,,,,,,,,,,,,,,,,,,,,,
2022-21.GS.C2.UYT.36.setB.IB-rep1-TMS14F1196P0003_125_plant_5,2022-21.GS.C2.UYT.36.setB.IB-rep1-TMS14F1196P0003_125,TMS14F1196P0003,125,3,,1,9,1,5,,,,,,,,,,,,,,,,,,,,,,,,,,,,,,,,,,
2022-21.GS.C2.UYT.36.setB.IB-rep1-TMS14F1014P0016_126_plant_1,2022-21.GS.C2.UYT.36.setB.IB-rep1-TMS14F1014P0016_126,TMS14F1014P0016,126,3,,1,9,2,1,,,,,,,,,,,,,,,,,,,,,,,,,,,,,,,,,,
2022-21.GS.C2.UYT.36.setB.IB-rep1-TMS14F1014P0016_126_plant_2,2022-21.GS.C2.UYT.36.setB.IB-rep1-TMS14F1014P0016_126,TMS14F1014P0016,126,3,,1,9,2,2,,,,,,,,,,,,,,,,,,,,,,,,,,,,,,,,,,
2022-21.GS.C2.UYT.36.setB.IB-rep1-TMS14F1014P0016_126_plant_3,2022-21.GS.C2.UYT.36.setB.IB-rep1-TMS14F1014P0016_126,TMS14F1014P0016,126,3,,1,9,2,3,,,,,,,,,,,,,,,,,,,,,,,,,,,,,,,,,,
2022-21.GS.C2.UYT.36.setB.IB-rep1-TMS14F1014P0016_126_plant_4,2022-21.GS.C2.UYT.36.setB.IB-rep1-TMS14F1014P0016_126,TMS14F1014P0016,126,3,,1,9,2,4,,,,,,,,,,,,,,,,,,,,,,,,,,,,,,,,,,
2022-21.GS.C2.UYT.36.setB.IB-rep1-TMS14F1014P0016_126_plant_5,2022-21.GS.C2.UYT.36.setB.IB-rep1-TMS14F1014P0016_126,TMS14F1014P0016,126,3,,1,9,2,5,,,,,,,,,,,,,,,,,,,,,,,,,,,,,,,,,,
2022-21.GS.C2.UYT.36.setB.IB-rep1-TMS14F1098P0013_127_plant_1,2022-21.GS.C2.UYT.36.setB.IB-rep1-TMS14F1098P0013_127,TMS14F1098P0013,127,3,,1,9,3,1,,,,,,,,,,,,,,,,,,,,,,,,,,,,,,,,,,
2022-21.GS.C2.UYT.36.setB.IB-rep1-TMS14F1098P0013_127_plant_2,2022-21.GS.C2.UYT.36.setB.IB-rep1-TMS14F1098P0013_127,TMS14F1098P0013,127,3,,1,9,3,2,,,,,,,,,,,,,,,,,,,,,,,,,,,,,,,,,,
2022-21.GS.C2.UYT.36.setB.IB-rep1-TMS14F1098P0013_127_plant_3,2022-21.GS.C2.UYT.36.setB.IB-rep1-TMS14F1098P0013_127,TMS14F1098P0013,127,3,,1,9,3,3,,,,,,,,,,,,,,,,,,,,,,,,,,,,,,,,,,
2022-21.GS.C2.UYT.36.setB.IB-rep1-TMS14F1098P0013_127_plant_4,2022-21.GS.C2.UYT.36.setB.IB-rep1-TMS14F1098P0013_127,TMS14F1098P0013,127,3,,1,9,3,4,,,,,,,,,,,,,,,,,,,,,,,,,,,,,,,,,,
2022-21.GS.C2.UYT.36.setB.IB-rep1-TMS14F1098P0013_127_plant_5,2022-21.GS.C2.UYT.36.setB.IB-rep1-TMS14F1098P0013_127,TMS14F1098P0013,127,3,,1,9,3,5,,,,,,,,,,,,,,,,,,,,,,,,,,,,,,,,,,
2022-21.GS.C2.UYT.36.setB.IB-rep1-TMS14F1299P0007_128_plant_1,2022-21.GS.C2.UYT.36.setB.IB-rep1-TMS14F1299P0007_128,TMS14F1299P0007,128,3,,1,10,3,1,,,,,,,,,,,,,,,,,,,,,,,,,,,,,,,,,,
2022-21.GS.C2.UYT.36.setB.IB-rep1-TMS14F1299P0007_128_plant_2,2022-21.GS.C2.UYT.36.setB.IB-rep1-TMS14F1299P0007_128,TMS14F1299P0007,128,3,,1,10,3,2,,,,,,,,,,,,,,,,,,,,,,,,,,,,,,,,,,
2022-21.GS.C2.UYT.36.setB.IB-rep1-TMS14F1299P0007_128_plant_3,2022-21.GS.C2.UYT.36.setB.IB-rep1-TMS14F1299P0007_128,TMS14F1299P0007,128,3,,1,10,3,3,,,,,,,,,,,,,,,,,,,,,,,,,,,,,,,,,,
2022-21.GS.C2.UYT.36.setB.IB-rep1-TMS14F1299P0007_128_plant_4,2022-21.GS.C2.UYT.36.setB.IB-rep1-TMS14F1299P0007_128,TMS14F1299P0007,128,3,,1,10,3,4,,,,,,,,,,,,,,,,,,,,,,,,,,,,,,,,,,
2022-21.GS.C2.UYT.36.setB.IB-rep1-TMS14F1299P0007_128_plant_5,2022-21.GS.C2.UYT.36.setB.IB-rep1-TMS14F1299P0007_128,TMS14F1299P0007,128,3,,1,10,3,5,,,,,,,,,,,,,,,,,,,,,,,,,,,,,,,,,,
2022-21.GS.C2.UYT.36.setB.IB-rep1-TMS14F1306P0008_129_plant_1,2022-21.GS.C2.UYT.36.setB.IB-rep1-TMS14F1306P0008_129,TMS14F1306P0008,129,3,,1,10,2,1,,,,,,,,,,,,,,,,,,,,,,,,,,,,,,,,,,
2022-21.GS.C2.UYT.36.setB.IB-rep1-TMS14F1306P0008_129_plant_2,2022-21.GS.C2.UYT.36.setB.IB-rep1-TMS14F1306P0008_129,TMS14F1306P0008,129,3,,1,10,2,2,,,,,,,,,,,,,,,,,,,,,,,,,,,,,,,,,,
2022-21.GS.C2.UYT.36.setB.IB-rep1-TMS14F1306P0008_129_plant_3,2022-21.GS.C2.UYT.36.setB.IB-rep1-TMS14F1306P0008_129,TMS14F1306P0008,129,3,,1,10,2,3,,,,,,,,,,,,,,,,,,,,,,,,,,,,,,,,,,
2022-21.GS.C2.UYT.36.setB.IB-rep1-TMS14F1306P0008_129_plant_4,2022-21.GS.C2.UYT.36.setB.IB-rep1-TMS14F1306P0008_129,TMS14F1306P0008,129,3,,1,10,2,4,,,,,,,,,,,,,,,,,,,,,,,,,,,,,,,,,,
2022-21.GS.C2.UYT.36.setB.IB-rep1-TMS14F1306P0008_129_plant_5,2022-21.GS.C2.UYT.36.setB.IB-rep1-TMS14F1306P0008_129,TMS14F1306P0008,129,3,,1,10,2,5,,,,,,,,,,,,,,,,,,,,,,,,,,,,,,,,,,
2022-21.GS.C2.UYT.36.setB.IB-rep1-TMS13F1049P0001_130_plant_1,2022-21.GS.C2.UYT.36.setB.IB-rep1-TMS13F1049P0001_130,TMS13F1049P0001,130,3,,1,10,1,1,,,,,,,,,,,,,,,,,,,,,,,,,,,,,,,,,,
2022-21.GS.C2.UYT.36.setB.IB-rep1-TMS13F1049P0001_130_plant_2,2022-21.GS.C2.UYT.36.setB.IB-rep1-TMS13F1049P0001_130,TMS13F1049P0001,130,3,,1,10,1,2,,,,,,,,,,,,,,,,,,,,,,,,,,,,,,,,,,
2022-21.GS.C2.UYT.36.setB.IB-rep1-TMS13F1049P0001_130_plant_3,2022-21.GS.C2.UYT.36.setB.IB-rep1-TMS13F1049P0001_130,TMS13F1049P0001,130,3,,1,10,1,3,,,,,,,,,,,,,,,,,,,,,,,,,,,,,,,,,,
2022-21.GS.C2.UYT.36.setB.IB-rep1-TMS13F1049P0001_130_plant_4,2022-21.GS.C2.UYT.36.setB.IB-rep1-TMS13F1049P0001_130,TMS13F1049P0001,130,3,,1,10,1,4,,,,,,,,,,,,,,,,,,,,,,,,,,,,,,,,,,
2022-21.GS.C2.UYT.36.setB.IB-rep1-TMS13F1049P0001_130_plant_5,2022-21.GS.C2.UYT.36.setB.IB-rep1-TMS13F1049P0001_130,TMS13F1049P0001,130,3,,1,10,1,5,,,,,,,,,,,,,,,,,,,,,,,,,,,,,,,,,,
2022-21.GS.C2.UYT.36.setB.IB-rep1-TMS13F1126P0003_131_plant_1,2022-21.GS.C2.UYT.36.setB.IB-rep1-TMS13F1126P0003_131,TMS13F1126P0003,131,3,,1,11,1,1,,,,,,,,,,,,,,,,,,,,,,,,,,,,,,,,,,
2022-21.GS.C2.UYT.36.setB.IB-rep1-TMS13F1126P0003_131_plant_2,2022-21.GS.C2.UYT.36.setB.IB-rep1-TMS13F1126P0003_131,TMS13F1126P0003,131,3,,1,11,1,2,,,,,,,,,,,,,,,,,,,,,,,,,,,,,,,,,,
2022-21.GS.C2.UYT.36.setB.IB-rep1-TMS13F1126P0003_131_plant_3,2022-21.GS.C2.UYT.36.setB.IB-rep1-TMS13F1126P0003_131,TMS13F1126P0003,131,3,,1,11,1,3,,,,,,,,,,,,,,,,,,,,,,,,,,,,,,,,,,
2022-21.GS.C2.UYT.36.setB.IB-rep1-TMS13F1126P0003_131_plant_4,2022-21.GS.C2.UYT.36.setB.IB-rep1-TMS13F1126P0003_131,TMS13F1126P0003,131,3,,1,11,1,4,,,,,,,,,,,,,,,,,,,,,,,,,,,,,,,,,,
2022-21.GS.C2.UYT.36.setB.IB-rep1-TMS13F1126P0003_131_plant_5,2022-21.GS.C2.UYT.36.setB.IB-rep1-TMS13F1126P0003_131,TMS13F1126P0003,131,3,,1,11,1,5,,,,,,,,,,,,,,,,,,,,,,,,,,,,,,,,,,
2022-21.GS.C2.UYT.36.setB.IB-rep1-TMS14F1159P0003_132_plant_1,2022-21.GS.C2.UYT.36.setB.IB-rep1-TMS14F1159P0003_132,TMS14F1159P0003,132,3,,1,11,2,1,,,,,,,,,,,,,,,,,,,,,,,,,,,,,,,,,,
2022-21.GS.C2.UYT.36.setB.IB-rep1-TMS14F1159P0003_132_plant_2,2022-21.GS.C2.UYT.36.setB.IB-rep1-TMS14F1159P0003_132,TMS14F1159P0003,132,3,,1,11,2,2,,,,,,,,,,,,,,,,,,,,,,,,,,,,,,,,,,
2022-21.GS.C2.UYT.36.setB.IB-rep1-TMS14F1159P0003_132_plant_3,2022-21.GS.C2.UYT.36.setB.IB-rep1-TMS14F1159P0003_132,TMS14F1159P0003,132,3,,1,11,2,3,,,,,,,,,,,,,,,,,,,,,,,,,,,,,,,,,,
2022-21.GS.C2.UYT.36.setB.IB-rep1-TMS14F1159P0003_132_plant_4,2022-21.GS.C2.UYT.36.setB.IB-rep1-TMS14F1159P0003_132,TMS14F1159P0003,132,3,,1,11,2,4,,,,,,,,,,,,,,,,,,,,,,,,,,,,,,,,,,
2022-21.GS.C2.UYT.36.setB.IB-rep1-TMS14F1159P0003_132_plant_5,2022-21.GS.C2.UYT.36.setB.IB-rep1-TMS14F1159P0003_132,TMS14F1159P0003,132,3,,1,11,2,5,,,,,,,,,,,,,,,,,,,,,,,,,,,,,,,,,,
2022-21.GS.C2.UYT.36.setB.IB-rep1-TMS14F1019P0015_133_plant_1,2022-21.GS.C2.UYT.36.setB.IB-rep1-TMS14F1019P0015_133,TMS14F1019P0015,133,3,,1,11,3,1,,,,,,,,,,,,,,,,,,,,,,,,,,,,,,,,,,
2022-21.GS.C2.UYT.36.setB.IB-rep1-TMS14F1019P0015_133_plant_2,2022-21.GS.C2.UYT.36.setB.IB-rep1-TMS14F1019P0015_133,TMS14F1019P0015,133,3,,1,11,3,2,,,,,,,,,,,,,,,,,,,,,,,,,,,,,,,,,,
2022-21.GS.C2.UYT.36.setB.IB-rep1-TMS14F1019P0015_133_plant_3,2022-21.GS.C2.UYT.36.setB.IB-rep1-TMS14F1019P0015_133,TMS14F1019P0015,133,3,,1,11,3,3,,,,,,,,,,,,,,,,,,,,,,,,,,,,,,,,,,
2022-21.GS.C2.UYT.36.setB.IB-rep1-TMS14F1019P0015_133_plant_4,2022-21.GS.C2.UYT.36.setB.IB-rep1-TMS14F1019P0015_133,TMS14F1019P0015,133,3,,1,11,3,4,,,,,,,,,,,,,,,,,,,,,,,,,,,,,,,,,,
2022-21.GS.C2.UYT.36.setB.IB-rep1-TMS14F1019P0015_133_plant_5,2022-21.GS.C2.UYT.36.setB.IB-rep1-TMS14F1019P0015_133,TMS14F1019P0015,133,3,,1,11,3,5,,,,,,,,,,,,,,,,,,,,,,,,,,,,,,,,,,
2022-21.GS.C2.UYT.36.setB.IB-rep1-TMS14F1295P0012_134_plant_1,2022-21.GS.C2.UYT.36.setB.IB-rep1-TMS14F1295P0012_134,TMS14F1295P0012,134,3,,1,12,3,1,,,,,,,,,,,,,,,,,,,,,,,,,,,,,,,,,,
2022-21.GS.C2.UYT.36.setB.IB-rep1-TMS14F1295P0012_134_plant_2,2022-21.GS.C2.UYT.36.setB.IB-rep1-TMS14F1295P0012_134,TMS14F1295P0012,134,3,,1,12,3,2,,,,,,,,,,,,,,,,,,,,,,,,,,,,,,,,,,
2022-21.GS.C2.UYT.36.setB.IB-rep1-TMS14F1295P0012_134_plant_3,2022-21.GS.C2.UYT.36.setB.IB-rep1-TMS14F1295P0012_134,TMS14F1295P0012,134,3,,1,12,3,3,,,,,,,,,,,,,,,,,,,,,,,,,,,,,,,,,,
2022-21.GS.C2.UYT.36.setB.IB-rep1-TMS14F1295P0012_134_plant_4,2022-21.GS.C2.UYT.36.setB.IB-rep1-TMS14F1295P0012_134,TMS14F1295P0012,134,3,,1,12,3,4,,,,,,,,,,,,,,,,,,,,,,,,,,,,,,,,,,
2022-21.GS.C2.UYT.36.setB.IB-rep1-TMS14F1295P0012_134_plant_5,2022-21.GS.C2.UYT.36.setB.IB-rep1-TMS14F1295P0012_134,TMS14F1295P0012,134,3,,1,12,3,5,,,,,,,,,,,,,,,,,,,,,,,,,,,,,,,,,,
2022-21.GS.C2.UYT.36.setB.IB-rep1-TMS14F1300P0002_135_plant_1,2022-21.GS.C2.UYT.36.setB.IB-rep1-TMS14F1300P0002_135,TMS14F1300P0002,135,3,,1,12,2,1,,,,,,,,,,,,,,,,,,,,,,,,,,,,,,,,,,
2022-21.GS.C2.UYT.36.setB.IB-rep1-TMS14F1300P0002_135_plant_2,2022-21.GS.C2.UYT.36.setB.IB-rep1-TMS14F1300P0002_135,TMS14F1300P0002,135,3,,1,12,2,2,,,,,,,,,,,,,,,,,,,,,,,,,,,,,,,,,,
2022-21.GS.C2.UYT.36.setB.IB-rep1-TMS14F1300P0002_135_plant_3,2022-21.GS.C2.UYT.36.setB.IB-rep1-TMS14F1300P0002_135,TMS14F1300P0002,135,3,,1,12,2,3,,,,,,,,,,,,,,,,,,,,,,,,,,,,,,,,,,
2022-21.GS.C2.UYT.36.setB.IB-rep1-TMS14F1300P0002_135_plant_4,2022-21.GS.C2.UYT.36.setB.IB-rep1-TMS14F1300P0002_135,TMS14F1300P0002,135,3,,1,12,2,4,,,,,,,,,,,,,,,,,,,,,,,,,,,,,,,,,,
2022-21.GS.C2.UYT.36.setB.IB-rep1-TMS14F1300P0002_135_plant_5,2022-21.GS.C2.UYT.36.setB.IB-rep1-TMS14F1300P0002_135,TMS14F1300P0002,135,3,,1,12,2,5,,,,,,,,,,,,,,,,,,,,,,,,,,,,,,,,,,
2022-21.GS.C2.UYT.36.setB.IB-rep1-TMS14F1287P0008_136_plant_1,2022-21.GS.C2.UYT.36.setB.IB-rep1-TMS14F1287P0008_136,TMS14F1287P0008,136,3,,1,12,1,1,,,,,,,,,,,,,,,,,,,,,,,,,,,,,,,,,,
2022-21.GS.C2.UYT.36.setB.IB-rep1-TMS14F1287P0008_136_plant_2,2022-21.GS.C2.UYT.36.setB.IB-rep1-TMS14F1287P0008_136,TMS14F1287P0008,136,3,,1,12,1,2,,,,,,,,,,,,,,,,,,,,,,,,,,,,,,,,,,
2022-21.GS.C2.UYT.36.setB.IB-rep1-TMS14F1287P0008_136_plant_3,2022-21.GS.C2.UYT.36.setB.IB-rep1-TMS14F1287P0008_136,TMS14F1287P0008,136,3,,1,12,1,3,,,,,,,,,,,,,,,,,,,,,,,,,,,,,,,,,,
2022-21.GS.C2.UYT.36.setB.IB-rep1-TMS14F1287P0008_136_plant_4,2022-21.GS.C2.UYT.36.setB.IB-rep1-TMS14F1287P0008_136,TMS14F1287P0008,136,3,,1,12,1,4,,,,,,,,,,,,,,,,,,,,,,,,,,,,,,,,,,
2022-21.GS.C2.UYT.36.setB.IB-rep1-TMS14F1287P0008_136_plant_5,2022-21.GS.C2.UYT.36.setB.IB-rep1-TMS14F1287P0008_136,TMS14F1287P0008,136,3,,1,12,1,5,,,,,,,,,,,,,,,,,,,,,,,,,,,,,,,,,,
2022-21.GS.C2.UYT.36.setB.IB-rep2-TMS14F1146P0002_201_plant_1,2022-21.GS.C2.UYT.36.setB.IB-rep2-TMS14F1146P0002_201,TMS14F1146P0002,201,4,,2,13,1,1,,,3,1,2,0,0,0,92,0,0,0,105,2,0,0,0,,,,,,7,13,3.7,12,3,11.8,3,,12.98,3.87,0,0
2022-21.GS.C2.UYT.36.setB.IB-rep2-TMS14F1146P0002_201_plant_2,2022-21.GS.C2.UYT.36.setB.IB-rep2-TMS14F1146P0002_201,TMS14F1146P0002,201,4,,2,13,1,2,,,2,1,3,0,0,0,25,0,0,0,100,19,0,0,0,,,,,,7,13,3.5,11.5,3,10,2.6,,18.32,14.68,0,0
2022-21.GS.C2.UYT.36.setB.IB-rep2-TMS14F1146P0002_201_plant_3,2022-21.GS.C2.UYT.36.setB.IB-rep2-TMS14F1146P0002_201,TMS14F1146P0002,201,4,,2,13,1,3,,,3,1,3,0,0,0,100,0,0,0,130,10,0,0,0,,,,,,9,14,4.5,12,3,10,3,,16.92,8.52,,
2022-21.GS.C2.UYT.36.setB.IB-rep2-TMS14F1146P0002_201_plant_4,2022-21.GS.C2.UYT.36.setB.IB-rep2-TMS14F1146P0002_201,TMS14F1146P0002,201,4,,2,13,1,4,,,1,0,0,0,0,0,0,0,0,0,90,0,0,0,0,,,,,,7,12.5,3.3,14,3.5,13,3.5,,14.82,,,
2022-21.GS.C2.UYT.36.setB.IB-rep2-TMS14F1146P0002_201_plant_5,2022-21.GS.C2.UYT.36.setB.IB-rep2-TMS14F1146P0002_201,TMS14F1146P0002,201,4,,2,13,1,5,,,2,1,0,0,0,0,105,0,0,0,125,7,0,0,0,,,,,,9,14,4,15,4.4,14,3.9,,16.31,6.54,0,0
2022-21.GS.C2.UYT.36.setB.IB-rep2-TMS13F1315P0008_202_plant_1,2022-21.GS.C2.UYT.36.setB.IB-rep2-TMS13F1315P0008_202,TMS13F1315P0008,202,4,,2,13,2,1,,,1,1,2,0,0,0,65,0,0,0,95,13,0,0,0,,,,,,9,16,4.5,15,4.6,11,4,,17.58,10.38,,
2022-21.GS.C2.UYT.36.setB.IB-rep2-TMS13F1315P0008_202_plant_2,2022-21.GS.C2.UYT.36.setB.IB-rep2-TMS13F1315P0008_202,TMS13F1315P0008,202,4,,2,13,2,2,,,1,2,2,3,0,0,55,110,0,0,120,19,2,0,0,,,,,,9,13,4,12.5,4,13.5,4,,20.27,13.32,4.66,
2022-21.GS.C2.UYT.36.setB.IB-rep2-TMS13F1315P0008_202_plant_3,2022-21.GS.C2.UYT.36.setB.IB-rep2-TMS13F1315P0008_202,TMS13F1315P0008,202,4,,2,13,2,3,,,3,0,0,0,0,0,0,0,0,0,70,0,0,0,0,,,,,,7,,,,,,,,13.18,0,0,0
2022-21.GS.C2.UYT.36.setB.IB-rep2-TMS13F1315P0008_202_plant_4,2022-21.GS.C2.UYT.36.setB.IB-rep2-TMS13F1315P0008_202,TMS13F1315P0008,202,4,,2,13,2,4,,,1,2,3,3,0,0,55,120,145,0,145,24,6,0,0,,,,,,7,19,5.5,18,4.8,15.6,4.2,,24.53,16.04,7.16,0
2022-21.GS.C2.UYT.36.setB.IB-rep2-TMS13F1315P0008_202_plant_5,2022-21.GS.C2.UYT.36.setB.IB-rep2-TMS13F1315P0008_202,TMS13F1315P0008,202,4,,2,13,2,5,,,,,,,,,,,,,,,,,,,,,,,,,,,,,,,,,,
2022-21.GS.C2.UYT.36.setB.IB-rep2-TMS14F1014P0016_203_plant_1,2022-21.GS.C2.UYT.36.setB.IB-rep2-TMS14F1014P0016_203,TMS14F1014P0016,203,4,,2,13,3,1,,,1,2,2,3,0,0,60,110,0,0,120,16,3,0,0,,,,,,6,12,3.4,10,3,10.5,3.5,,17.82,11.84,3.52,
2022-21.GS.C2.UYT.36.setB.IB-rep2-TMS14F1014P0016_203_plant_2,2022-21.GS.C2.UYT.36.setB.IB-rep2-TMS14F1014P0016_203,TMS14F1014P0016,203,4,,2,13,3,2,,,1,2,2,3,0,0,55,110,0,0,130,14,5,0,0,,,,,,6,11.5,4,11.5,3.6,11.5,3.5,,16.53,11.91,5.71,0
2022-21.GS.C2.UYT.36.setB.IB-rep2-TMS14F1014P0016_203_plant_3,2022-21.GS.C2.UYT.36.setB.IB-rep2-TMS14F1014P0016_203,TMS14F1014P0016,203,4,,2,13,3,3,,,2,2,2,3,0,0,65,105,0,0,110,15,2,0,0,,,,,,6,11,3.5,9,2.9,11.3,3.5,,15.83,11.16,4.33,0
2022-21.GS.C2.UYT.36.setB.IB-rep2-TMS14F1014P0016_203_plant_4,2022-21.GS.C2.UYT.36.setB.IB-rep2-TMS14F1014P0016_203,TMS14F1014P0016,203,4,,2,13,3,4,,,5,2,2,3,0,0,65,116,0,0,130,14,4,0,0,,,,,,6,15,4.5,13.5,3.5,9.5,3.5,,16.53,9.62,2.43,0
2022-21.GS.C2.UYT.36.setB.IB-rep2-TMS14F1014P0016_203_plant_5,2022-21.GS.C2.UYT.36.setB.IB-rep2-TMS14F1014P0016_203,TMS14F1014P0016,203,4,,2,13,3,5,,,2,2,2,3,0,0,60,95,0,0,100,10,1,0,0,,,,,,6,13,3.8,12,3.5,11.5,3,,14.63,6.09,2.75,0
2022-21.GS.C2.UYT.36.setB.IB-rep2-TMS14F1125P0010_204_plant_1,2022-21.GS.C2.UYT.36.setB.IB-rep2-TMS14F1125P0010_204,TMS14F1125P0010,204,4,,2,14,3,1,,,3,2,2,3,0,0,65,125,0,0,145,14,4,0,0,,,,,,7,14.5,4,14,3.8,15.5,4.3,,18.51,14.03,4.47,0
2022-21.GS.C2.UYT.36.setB.IB-rep2-TMS14F1125P0010_204_plant_2,2022-21.GS.C2.UYT.36.setB.IB-rep2-TMS14F1125P0010_204,TMS14F1125P0010,204,4,,2,14,3,2,,,2,2,2,3,0,0,60,115,0,0,130,18,4,0,0,,,,,,7,14.8,3.7,12.9,3.4,14.3,3.9,,19.58,14.3,5.7,
2022-21.GS.C2.UYT.36.setB.IB-rep2-TMS14F1125P0010_204_plant_3,2022-21.GS.C2.UYT.36.setB.IB-rep2-TMS14F1125P0010_204,TMS14F1125P0010,204,4,,2,14,3,3,,,2,2,3,2,0,0,65,125,0,0,135,15,3,0,0,,,,,,7,13,3.5,15,4.4,16,5,,17.54,11.6,4.57,0
2022-21.GS.C2.UYT.36.setB.IB-rep2-TMS14F1125P0010_204_plant_4,2022-21.GS.C2.UYT.36.setB.IB-rep2-TMS14F1125P0010_204,TMS14F1125P0010,204,4,,2,14,3,4,,,2,2,2,3,0,0,65,120,0,0,140,14,5,0,0,,,,,,7,16,4,14.5,4,13,3.5,,16.15,11.49,5.4,0
2022-21.GS.C2.UYT.36.setB.IB-rep2-TMS14F1125P0010_204_plant_5,2022-21.GS.C2.UYT.36.setB.IB-rep2-TMS14F1125P0010_204,TMS14F1125P0010,204,4,,2,14,3,5,,,4,2,3,3,0,0,60,120,0,0,145,16,8,0,0,,,,,,7,18,5,14.5,4,11.5,2.5,,19.96,15.84,6.03,
2022-21.GS.C2.UYT.36.setB.IB-rep2-TMS14F1291P0012_205_plant_1,2022-21.GS.C2.UYT.36.setB.IB-rep2-TMS14F1291P0012_205,TMS14F1291P0012,205,4,,2,14,2,1,,,3,2,2,2,0,0,70,145,0,0,170,22,9,0,0,,,,,,9,19.5,4.5,15.5,3.5,14,3,,23.89,16.57,10.62,
2022-21.GS.C2.UYT.36.setB.IB-rep2-TMS14F1291P0012_205_plant_2,2022-21.GS.C2.UYT.36.setB.IB-rep2-TMS14F1291P0012_205,TMS14F1291P0012,205,4,,2,14,2,2,,,2,1,3,0,0,0,120,0,0,0,150,13,0,0,0,,,,,,9,13,3,15,4,17,4,,18.22,9.09,,
2022-21.GS.C2.UYT.36.setB.IB-rep2-TMS14F1291P0012_205_plant_3,2022-21.GS.C2.UYT.36.setB.IB-rep2-TMS14F1291P0012_205,TMS14F1291P0012,205,4,,2,14,2,3,,,2,2,3,3,,,90,0,145,0,155,21,2,0,0,,,,,,7,13,3.5,15,4,13,3,,21.15,14.18,4.95,
2022-21.GS.C2.UYT.36.setB.IB-rep2-TMS14F1291P0012_205_plant_4,2022-21.GS.C2.UYT.36.setB.IB-rep2-TMS14F1291P0012_205,TMS14F1291P0012,205,4,,2,14,2,4,,,0,,,,,,,,,,,,,,,,,,,,,,,,,,,,,,,
2022-21.GS.C2.UYT.36.setB.IB-rep2-TMS14F1291P0012_205_plant_5,2022-21.GS.C2.UYT.36.setB.IB-rep2-TMS14F1291P0012_205,TMS14F1291P0012,205,4,,2,14,2,5,,,0,,,,,,,,,,,,,,,,,,,,,,,,,,,,,,,
2022-21.GS.C2.UYT.36.setB.IB-rep2-TMS14F1287P0008_206_plant_1,2022-21.GS.C2.UYT.36.setB.IB-rep2-TMS14F1287P0008_206,TMS14F1287P0008,206,4,,2,14,1,1,,,3,1,2,0,0,0,150,0,0,0,190,15,0,0,0,,,,,,7,20,6,19,5.2,17,5,,18.74,15.83,,
2022-21.GS.C2.UYT.36.setB.IB-rep2-TMS14F1287P0008_206_plant_2,2022-21.GS.C2.UYT.36.setB.IB-rep2-TMS14F1287P0008_206,TMS14F1287P0008,206,4,,2,14,1,2,,,3,1,2,0,0,0,140,0,0,0,165,10,0,0,0,,,,,,7,14,3.5,13,3,14,4,,15.95,12.41,,
2022-21.GS.C2.UYT.36.setB.IB-rep2-TMS14F1287P0008_206_plant_3,2022-21.GS.C2.UYT.36.setB.IB-rep2-TMS14F1287P0008_206,TMS14F1287P0008,206,4,,2,14,1,3,,,3,1,2,0,0,0,155,0,0,0,195,16,0,0,0,,,,,,7,16,5.3,15,4.3,13,3.5,,21.53,11.54,,
2022-21.GS.C2.UYT.36.setB.IB-rep2-TMS14F1287P0008_206_plant_4,2022-21.GS.C2.UYT.36.setB.IB-rep2-TMS14F1287P0008_206,TMS14F1287P0008,206,4,,2,14,1,4,,,2,1,2,,,,145,,,,175,11,,,,,,,,,7,18.5,5,14,4.5,17,5.6,,17.21,11.68,,
2022-21.GS.C2.UYT.36.setB.IB-rep2-TMS14F1287P0008_206_plant_5,2022-21.GS.C2.UYT.36.setB.IB-rep2-TMS14F1287P0008_206,TMS14F1287P0008,206,4,,2,14,1,5,,,,,,,,,,,,,,,,,,,,,,,,,,,,,,,,,,
2022-21.GS.C2.UYT.36.setB.IB-rep2-TMS14F1310P0015_207_plant_1,2022-21.GS.C2.UYT.36.setB.IB-rep2-TMS14F1310P0015_207,TMS14F1310P0015,207,4,,2,15,1,1,,,2,0,0,0,0,0,0,0,0,0,135,0,0,0,0,,,,,,7,14,4,14.2,4,12.5,3.3,,21.12,,,
2022-21.GS.C2.UYT.36.setB.IB-rep2-TMS14F1310P0015_207_plant_2,2022-21.GS.C2.UYT.36.setB.IB-rep2-TMS14F1310P0015_207,TMS14F1310P0015,207,4,,2,15,1,2,,,2,1,3,0,0,,85,,,,110,16,,,,,,,,,9,20,4.5,14.5,4,13,4,,23.66,9.91,,
2022-21.GS.C2.UYT.36.setB.IB-rep2-TMS14F1310P0015_207_plant_3,2022-21.GS.C2.UYT.36.setB.IB-rep2-TMS14F1310P0015_207,TMS14F1310P0015,207,4,,2,15,1,3,,,3,0,0,0,0,0,0,,0,0,130,,,,,,,,,,9,16,4,15.5,3.3,16,5,,20.63,,,
2022-21.GS.C2.UYT.36.setB.IB-rep2-TMS14F1310P0015_207_plant_4,2022-21.GS.C2.UYT.36.setB.IB-rep2-TMS14F1310P0015_207,TMS14F1310P0015,207,4,,2,15,1,4,,,2,0,0,0,0,0,0,0,0,0,135,0,0,0,0,,,,,,9,16,3.5,15.5,3,16,3.5,,21.12,,,
2022-21.GS.C2.UYT.36.setB.IB-rep2-TMS14F1310P0015_207_plant_5,2022-21.GS.C2.UYT.36.setB.IB-rep2-TMS14F1310P0015_207,TMS14F1310P0015,207,4,,2,15,1,5,,,2,0,0,0,0,0,0,0,0,0,95,0,0,0,0,,,,,,7,15,4.1,14,3.6,14,3.7,,13.95,,,
2022-21.GS.C2.UYT.36.setB.IB-rep2-TMS14F1301P0004_208_plant_1,2022-21.GS.C2.UYT.36.setB.IB-rep2-TMS14F1301P0004_208,TMS14F1301P0004,208,4,,2,15,2,1,,,2,1,3,0,0,0,105,,,,120,6,,,,,,,,,7,15.2,4,12,3,13,3.5,,16.86,11.89,,
2022-21.GS.C2.UYT.36.setB.IB-rep2-TMS14F1301P0004_208_plant_2,2022-21.GS.C2.UYT.36.setB.IB-rep2-TMS14F1301P0004_208,TMS14F1301P0004,208,4,,2,15,2,2,,,1,1,2,,,,105,,,,120,4,,,,,,,,,7,18,3,12.5,3,13,3.5,,16.3,8.13,,
2022-21.GS.C2.UYT.36.setB.IB-rep2-TMS14F1301P0004_208_plant_3,2022-21.GS.C2.UYT.36.setB.IB-rep2-TMS14F1301P0004_208,TMS14F1301P0004,208,4,,2,15,2,3,,,2,1,2,,,,100,,,,120,5,,,,,,,,,7,14,4,12,3,13,3.5,,14.25,12.15,,
2022-21.GS.C2.UYT.36.setB.IB-rep2-TMS14F1301P0004_208_plant_4,2022-21.GS.C2.UYT.36.setB.IB-rep2-TMS14F1301P0004_208,TMS14F1301P0004,208,4,,2,15,2,4,,,,,,,,,,,,,,,,,,,,,,,,,,,,,,,,,,
2022-21.GS.C2.UYT.36.setB.IB-rep2-TMS14F1301P0004_208_plant_5,2022-21.GS.C2.UYT.36.setB.IB-rep2-TMS14F1301P0004_208,TMS14F1301P0004,208,4,,2,15,2,5,,,,,,,,,,,,,,,,,,,,,,,,,,,,,,,,,,
2022-21.GS.C2.UYT.36.setB.IB-rep2-TMS14F1292P0012_209_plant_1,2022-21.GS.C2.UYT.36.setB.IB-rep2-TMS14F1292P0012_209,TMS14F1292P0012,209,4,,2,15,3,1,,,3,2,2,2,,,95,165,,,180,18,2,,,,,,,,7,19.5,2,19,2,19.3,2.2,,22.41,15.38,10.55,
2022-21.GS.C2.UYT.36.setB.IB-rep2-TMS14F1292P0012_209_plant_2,2022-21.GS.C2.UYT.36.setB.IB-rep2-TMS14F1292P0012_209,TMS14F1292P0012,209,4,,2,15,3,2,,,3,2,3,2,,,70,140,,,150,21,2,,,,,,,,9,19,2,14.5,1.5,20,2,,20.74,17.16,5.59,
2022-21.GS.C2.UYT.36.setB.IB-rep2-TMS14F1292P0012_209_plant_3,2022-21.GS.C2.UYT.36.setB.IB-rep2-TMS14F1292P0012_209,TMS14F1292P0012,209,4,,2,15,3,3,,,1,1,3,,,,35,,,,90,18,,,,,,,,,7,13.5,1,12.5,1.6,12,1,,17.15,10.76,,
2022-21.GS.C2.UYT.36.setB.IB-rep2-TMS14F1292P0012_209_plant_4,2022-21.GS.C2.UYT.36.setB.IB-rep2-TMS14F1292P0012_209,TMS14F1292P0012,209,4,,2,15,3,4,,,1,2,2,2,,,80,140,,,150,20,2,,,,,,,,7,19,2,15.5,2,16,2,,21.31,14.7,6.3,
2022-21.GS.C2.UYT.36.setB.IB-rep2-TMS14F1292P0012_209_plant_5,2022-21.GS.C2.UYT.36.setB.IB-rep2-TMS14F1292P0012_209,TMS14F1292P0012,209,4,,2,15,3,5,,,,,,,,,,,,,,,,,,,,,,,,,,,,,,,,,,
2022-21.GS.C2.UYT.36.setB.IB-rep2-TMS14F1295P0012_210_plant_1,2022-21.GS.C2.UYT.36.setB.IB-rep2-TMS14F1295P0012_210,TMS14F1295P0012,210,4,,2,16,3,1,,,1,2,3,3,,,85,150,,,160,19,3,,,,,,,,7,18,5,15,3.5,16.2,4,,21.85,13.79,5.99,
2022-21.GS.C2.UYT.36.setB.IB-rep2-TMS14F1295P0012_210_plant_2,2022-21.GS.C2.UYT.36.setB.IB-rep2-TMS14F1295P0012_210,TMS14F1295P0012,210,4,,2,16,3,2,,,1,2,3,3,,,65,135,,,165,20,8,,,,,,,,7,13.5,3,11.5,3,12,3,,21.22,17.75,9.65,
2022-21.GS.C2.UYT.36.setB.IB-rep2-TMS14F1295P0012_210_plant_3,2022-21.GS.C2.UYT.36.setB.IB-rep2-TMS14F1295P0012_210,TMS14F1295P0012,210,4,,2,16,3,3,,,1,2,3,3,,,80,145,,,155,17,2,,,,,,,,7,15,4,18.5,5,14,3,,19.11,10.55,3.78,
2022-21.GS.C2.UYT.36.setB.IB-rep2-TMS14F1295P0012_210_plant_4,2022-21.GS.C2.UYT.36.setB.IB-rep2-TMS14F1295P0012_210,TMS14F1295P0012,210,4,,2,16,3,4,,,1,1,3,,,,70,,,,105,11,,,,,,,,,7,14,4,14,5,16,5,,15.8,7.18,,
2022-21.GS.C2.UYT.36.setB.IB-rep2-TMS14F1295P0012_210_plant_5,2022-21.GS.C2.UYT.36.setB.IB-rep2-TMS14F1295P0012_210,TMS14F1295P0012,210,4,,2,16,3,5,,,1,2,2,2,,,45,95,,,125,15,7,,,,,,,,7,14,4.3,15.5,4.3,17.5,4,,16.33,12.08,4.4,
2022-21.GS.C2.UYT.36.setB.IB-rep2-TMS14F1098P0013_211_plant_1,2022-21.GS.C2.UYT.36.setB.IB-rep2-TMS14F1098P0013_211,TMS14F1098P0013,211,4,,2,16,2,1,,,2,1,2,,,,75,,,,90,5,,,,,,,,,7,11,3,11.5,3.5,10,3.5,,12.91,6.97,,
2022-21.GS.C2.UYT.36.setB.IB-rep2-TMS14F1098P0013_211_plant_2,2022-21.GS.C2.UYT.36.setB.IB-rep2-TMS14F1098P0013_211,TMS14F1098P0013,211,4,,2,16,2,2,,,4,1,2,,,,95,,,,115,12,,,,,,,,,7,12.5,3.5,11,4,10.5,4,,16.22,7.2,,
2022-21.GS.C2.UYT.36.setB.IB-rep2-TMS14F1098P0013_211_plant_3,2022-21.GS.C2.UYT.36.setB.IB-rep2-TMS14F1098P0013_211,TMS14F1098P0013,211,4,,2,16,2,3,,,5,1,2,,,,100,,,,145,14,,,,,,,,,7,12.5,3.5,14,4.5,11,3.5,,16.77,13.85,,
2022-21.GS.C2.UYT.36.setB.IB-rep2-TMS14F1098P0013_211_plant_4,2022-21.GS.C2.UYT.36.setB.IB-rep2-TMS14F1098P0013_211,TMS14F1098P0013,211,4,,2,16,2,4,,,5,1,2,,,,90,,,,120,10,,,,,,,,,7,13,4,10,3.5,13.5,4,,15.2,8.95,,
2022-21.GS.C2.UYT.36.setB.IB-rep2-TMS14F1098P0013_211_plant_5,2022-21.GS.C2.UYT.36.setB.IB-rep2-TMS14F1098P0013_211,TMS14F1098P0013,211,4,,2,16,2,5,,,3,2,3,3,,,100,130,,,135,16,2,,,,,,,,7,12,3.3,13,4,12.5,3.9,,17.29,10.4,4.2,
2022-21.GS.C2.UYT.36.setB.IB-rep2-TMS14F1299P0007_212_plant_1,2022-21.GS.C2.UYT.36.setB.IB-rep2-TMS14F1299P0007_212,TMS14F1299P0007,212,4,,2,16,1,1,,,2,2,2,2,,,60,105,,,115,21,2,3,,,,,,,7,11.5,3.7,11,3.6,15.3,5,,19.06,12.14,6.74,
2022-21.GS.C2.UYT.36.setB.IB-rep2-TMS14F1299P0007_212_plant_2,2022-21.GS.C2.UYT.36.setB.IB-rep2-TMS14F1299P0007_212,TMS14F1299P0007,212,4,,2,16,1,2,,,1,2,2,2,,,75,125,,,135,21,3,,,,,,,,7,16.4,5.3,16.2,6,19,5.4,,23.49,14.2,5.8,
2022-21.GS.C2.UYT.36.setB.IB-rep2-TMS14F1299P0007_212_plant_3,2022-21.GS.C2.UYT.36.setB.IB-rep2-TMS14F1299P0007_212,TMS14F1299P0007,212,4,,2,16,1,3,,,3,2,2,2,,,85,120,,,125,17,3,,,,,,,,7,15.3,4.9,15.9,5.1,16,4.9,,17.58,10.56,5.95,
2022-21.GS.C2.UYT.36.setB.IB-rep2-TMS14F1299P0007_212_plant_4,2022-21.GS.C2.UYT.36.setB.IB-rep2-TMS14F1299P0007_212,TMS14F1299P0007,212,4,,2,16,1,4,,,3,0,0,,,,0,,,,100,0,0,,,,,,,,7,13.3,3.9,15.4,4.3,16.8,5.5,,15.02,,,
2022-21.GS.C2.UYT.36.setB.IB-rep2-TMS14F1299P0007_212_plant_5,2022-21.GS.C2.UYT.36.setB.IB-rep2-TMS14F1299P0007_212,TMS14F1299P0007,212,4,,2,16,1,5,,,1,0,0,,,,,,,,80,0,,,,,,,,,7,13.9,3.9,15.8,4,15.1,5,,13.57,,,
2022-21.GS.C2.UYT.36.setB.IB-rep2-TMS14F1291P0003_213_plant_1,2022-21.GS.C2.UYT.36.setB.IB-rep2-TMS14F1291P0003_213,TMS14F1291P0003,213,5,,2,17,1,1,,,1,1,3,,,,115,,,,150,13,,,,,,,,,7,14.9,4,12.5,3.9,17.5,5.5,,22.69,8.79,,
2022-21.GS.C2.UYT.36.setB.IB-rep2-TMS14F1291P0003_213_plant_2,2022-21.GS.C2.UYT.36.setB.IB-rep2-TMS14F1291P0003_213,TMS14F1291P0003,213,5,,2,17,1,2,,,1,1,3,,,,105,,,,140,13,,,,,,,,,7,15,4.1,15,4.1,12,4,,20.91,7.67,,
2022-21.GS.C2.UYT.36.setB.IB-rep2-TMS14F1291P0003_213_plant_3,2022-21.GS.C2.UYT.36.setB.IB-rep2-TMS14F1291P0003_213,TMS14F1291P0003,213,5,,2,17,1,3,,,2,1,2,,,,125,,,,150,11,,,,,,,,,8,16,4,16.7,4.3,20.4,5.2,,19.03,8.25,,
2022-21.GS.C2.UYT.36.setB.IB-rep2-TMS14F1291P0003_213_plant_4,2022-21.GS.C2.UYT.36.setB.IB-rep2-TMS14F1291P0003_213,TMS14F1291P0003,213,5,,2,17,1,4,,,2,1,3,,,,105,,,,150,17,,,,,,,,,7,18.4,5.5,19,4.9,20,6,,17.39,9.01,,
2022-21.GS.C2.UYT.36.setB.IB-rep2-TMS14F1291P0003_213_plant_5,2022-21.GS.C2.UYT.36.setB.IB-rep2-TMS14F1291P0003_213,TMS14F1291P0003,213,5,,2,17,1,5,,,3,0,0,,,,,,,,125,0,,,,,,,,,7,16.9,4.6,14.7,3.9,18.7,5.4,,14.65,,,
2022-21.GS.C2.UYT.36.setB.IB-rep2-TMS14F1196P0003_214_plant_1,2022-21.GS.C2.UYT.36.setB.IB-rep2-TMS14F1196P0003_214,TMS14F1196P0003,214,5,,2,17,2,1,,,1,1,3,,,,90,,,,95,2,,,,,,,,,7,13.5,3.9,13.9,4,13.4,4,,15.8,4.81,,
2022-21.GS.C2.UYT.36.setB.IB-rep2-TMS14F1196P0003_214_plant_2,2022-21.GS.C2.UYT.36.setB.IB-rep2-TMS14F1196P0003_214,TMS14F1196P0003,214,5,,2,17,2,2,,,1,2,3,4,,,80,140,,,145,19,2,,,,,,,,7,14.5,5.3,15.3,4.9,13.2,4.2,,19.94,11.9,3.97,
2022-21.GS.C2.UYT.36.setB.IB-rep2-TMS14F1196P0003_214_plant_3,2022-21.GS.C2.UYT.36.setB.IB-rep2-TMS14F1196P0003_214,TMS14F1196P0003,214,5,,2,17,2,3,,,1,1,3,,,,110,,,,120,2,,,,,,,,,7,15.3,3.9,12.3,3.8,17.3,5.1,,18.61,4.06,,
2022-21.GS.C2.UYT.36.setB.IB-rep2-TMS14F1196P0003_214_plant_4,2022-21.GS.C2.UYT.36.setB.IB-rep2-TMS14F1196P0003_214,TMS14F1196P0003,214,5,,2,17,2,4,,,2,1,3,,,,105,,,,125,11,,,,,,,,,7,15.3,4.2,17.3,5,16,4.8,,16.35,7.35,,
2022-21.GS.C2.UYT.36.setB.IB-rep2-TMS14F1196P0003_214_plant_5,2022-21.GS.C2.UYT.36.setB.IB-rep2-TMS14F1196P0003_214,TMS14F1196P0003,214,5,,2,17,2,5,,,2,1,3,,,,105,,,,120,3,,,,,,,,,7,13.5,4,14,4,17.3,5,,17.21,6.03,,
2022-21.GS.C2.UYT.36.setB.IB-rep2-TMS14F1014P0017_215_plant_1,2022-21.GS.C2.UYT.36.setB.IB-rep2-TMS14F1014P0017_215,TMS14F1014P0017,215,5,,2,17,3,1,,,1,2,3,3,,,50,125,,,160,26,10,,,,,,,,7,15.6,4.9,13.1,3.9,14,4,,29.66,16.16,6.31,
2022-21.GS.C2.UYT.36.setB.IB-rep2-TMS14F1014P0017_215_plant_2,2022-21.GS.C2.UYT.36.setB.IB-rep2-TMS14F1014P0017_215,TMS14F1014P0017,215,5,,2,17,3,2,,,1,1,3,,,,95,,,,140,15,,,,,,,,,8,13.8,4.1,15.2,4.2,16.3,5,,18.2,11.55,,
2022-21.GS.C2.UYT.36.setB.IB-rep2-TMS14F1014P0017_215_plant_3,2022-21.GS.C2.UYT.36.setB.IB-rep2-TMS14F1014P0017_215,TMS14F1014P0017,215,5,,2,17,3,3,,,2,1,2,,,,85,,,,120,9,,,,,,,,,7,10.6,3.2,10.7,3.9,12.3,3.8,,17.53,9.17,,
2022-21.GS.C2.UYT.36.setB.IB-rep2-TMS14F1014P0017_215_plant_4,2022-21.GS.C2.UYT.36.setB.IB-rep2-TMS14F1014P0017_215,TMS14F1014P0017,215,5,,2,17,3,4,,,2,2,3,3,3,3,45,130,,,135,22,2,,,,,,,,7,11.7,2.9,15,5,10.3,3.3,,22.07,13.95,4.01,
2022-21.GS.C2.UYT.36.setB.IB-rep2-TMS14F1014P0017_215_plant_5,2022-21.GS.C2.UYT.36.setB.IB-rep2-TMS14F1014P0017_215,TMS14F1014P0017,215,5,,2,17,3,5,,,2,2,,,,,45,135,,,160,25,7,,,,,,,,8,13.2,3.2,14,3.5,15.3,4.9,,24.65,18.39,8.19,
2022-21.GS.C2.UYT.36.setB.IB-rep2-TMS14F1013P0007_216_plant_1,2022-21.GS.C2.UYT.36.setB.IB-rep2-TMS14F1013P0007_216,TMS14F1013P0007,216,5,,2,18,3,1,,,2,1,2,,,,75,,,,110,13,,,,,,,,,7,11.5,4,11,4,13,4.9,,16.67,10.8,,
2022-21.GS.C2.UYT.36.setB.IB-rep2-TMS14F1013P0007_216_plant_2,2022-21.GS.C2.UYT.36.setB.IB-rep2-TMS14F1013P0007_216,TMS14F1013P0007,216,5,,2,18,3,2,,,2,1,2,,,,65,,,,105,11,,,,,,,,,7,12,4,10.6,3.9,9.6,3.1,,13.62,7.06,,
2022-21.GS.C2.UYT.36.setB.IB-rep2-TMS14F1013P0007_216_plant_3,2022-21.GS.C2.UYT.36.setB.IB-rep2-TMS14F1013P0007_216,TMS14F1013P0007,216,5,,2,18,3,3,,,2,2,2,2,,,55,,,,110,11,4,,,,,,,,8,13,4.2,10.5,3.4,11.2,3.9,,13.64,9.01,4.06,
2022-21.GS.C2.UYT.36.setB.IB-rep2-TMS14F1013P0007_216_plant_4,2022-21.GS.C2.UYT.36.setB.IB-rep2-TMS14F1013P0007_216,TMS14F1013P0007,216,5,,2,18,3,4,,,1,2,2,3,,,70,120,,,135,16,4,,,,,,,,7,12.2,4.1,15.2,4.9,13.5,4.5,,19.02,12.14,4.02,
2022-21.GS.C2.UYT.36.setB.IB-rep2-TMS14F1013P0007_216_plant_5,2022-21.GS.C2.UYT.36.setB.IB-rep2-TMS14F1013P0007_216,TMS14F1013P0007,216,5,,2,18,3,5,,,2,1,2,,,,110,,,,120,1,,,,,,,,,7,12.3,3.9,12.6,3.7,10.5,3.4,,13.5,4.79,,
2022-21.GS.C2.UYT.36.setB.IB-rep2-TMS14F1285P0006_217_plant_1,2022-21.GS.C2.UYT.36.setB.IB-rep2-TMS14F1285P0006_217,TMS14F1285P0006,217,5,,2,18,2,1,,,2,1,2,,,,75,,,,115,21,,,,,,,,,7,15,4,14.5,3.9,14.5,3.6,,17.85,10.82,,
2022-21.GS.C2.UYT.36.setB.IB-rep2-TMS14F1285P0006_217_plant_2,2022-21.GS.C2.UYT.36.setB.IB-rep2-TMS14F1285P0006_217,TMS14F1285P0006,217,5,,2,18,2,2,,,1,1,2,,,,70,,,,115,24,,,,,,,,,7,14.3,3.5,13.2,3.5,15.5,3.9,,18.56,9.92,,
2022-21.GS.C2.UYT.36.setB.IB-rep2-TMS14F1285P0006_217_plant_3,2022-21.GS.C2.UYT.36.setB.IB-rep2-TMS14F1285P0006_217,TMS14F1285P0006,217,5,,2,18,2,3,,,1,1,2,,,,85,,,,110,11,,,,,,,,,7,15,4,17,4.1,16.5,4.2,,17.36,7.09,,
2022-21.GS.C2.UYT.36.setB.IB-rep2-TMS14F1285P0006_217_plant_4,2022-21.GS.C2.UYT.36.setB.IB-rep2-TMS14F1285P0006_217,TMS14F1285P0006,217,5,,2,18,2,4,,,1,2,2,2,,,75,120,,,125,22,3,,,,,,,,7,16.6,4,16,4,15.8,4.1,,19.8,11.81,4.41,
2022-21.GS.C2.UYT.36.setB.IB-rep2-TMS14F1285P0006_217_plant_5,2022-21.GS.C2.UYT.36.setB.IB-rep2-TMS14F1285P0006_217,TMS14F1285P0006,217,5,,2,18,2,5,,,0,,,,,,,,,,,,,,,,,,,,,,,,,,,,,,,
2022-21.GS.C2.UYT.36.setB.IB-rep2-TMS13F1376P0018_218_plant_1,2022-21.GS.C2.UYT.36.setB.IB-rep2-TMS13F1376P0018_218,TMS13F1376P0018,218,5,,2,18,1,1,,,2,1,2,,,,145,,,,155,4,,,,,,,,,7,19.3,5.8,19,6,19.3,5.4,,14.94,5.69,,
2022-21.GS.C2.UYT.36.setB.IB-rep2-TMS13F1376P0018_218_plant_2,2022-21.GS.C2.UYT.36.setB.IB-rep2-TMS13F1376P0018_218,TMS13F1376P0018,218,5,,2,18,1,2,,,1,1,2,,,,135,,,,170,16,,,,,,,,,7,20,6,20.5,6.4,15.8,4.9,,20.26,8.32,,
2022-21.GS.C2.UYT.36.setB.IB-rep2-TMS13F1376P0018_218_plant_3,2022-21.GS.C2.UYT.36.setB.IB-rep2-TMS13F1376P0018_218,TMS13F1376P0018,218,5,,2,18,1,3,,,2,0,2,,,,,,,,120,0,,,,,,,,,7,13.6,3.9,15.8,5,16.7,5.9,,15.12,,,
2022-21.GS.C2.UYT.36.setB.IB-rep2-TMS13F1376P0018_218_plant_4,2022-21.GS.C2.UYT.36.setB.IB-rep2-TMS13F1376P0018_218,TMS13F1376P0018,218,5,,2,18,1,4,,,1,1,3,,,,145,,,,170,12,,,,,,,,,7,21,7,21.2,6.2,19.2,6.1,,19.78,8.16,,
2022-21.GS.C2.UYT.36.setB.IB-rep2-TMS13F1376P0018_218_plant_5,2022-21.GS.C2.UYT.36.setB.IB-rep2-TMS13F1376P0018_218,TMS13F1376P0018,218,5,,2,18,1,5,,,3,1,2,,,,140,,,,145,3,,,,,,,,,7,18.5,5.4,18.7,4.9,18.5,5.9,,16.42,5.38,,
2022-21.GS.C2.UYT.36.setB.IB-rep2-TMS14F1301P0013_219_plant_1,2022-21.GS.C2.UYT.36.setB.IB-rep2-TMS14F1301P0013_219,TMS14F1301P0013,219,5,,2,19,1,1,,,1,1,3,,,,80,,,,120,14,,,,,,,,,8,10.5,3.6,11.5,3.9,11.2,3.5,,21.2,8.28,,
2022-21.GS.C2.UYT.36.setB.IB-rep2-TMS14F1301P0013_219_plant_2,2022-21.GS.C2.UYT.36.setB.IB-rep2-TMS14F1301P0013_219,TMS14F1301P0013,219,5,,2,19,1,2,,,2,1,2,,,,80,,,,120,18,,,,,,,,,8,12.1,4,12.5,4,11.9,3.9,,23.56,11.64,,
2022-21.GS.C2.UYT.36.setB.IB-rep2-TMS14F1301P0013_219_plant_3,2022-21.GS.C2.UYT.36.setB.IB-rep2-TMS14F1301P0013_219,TMS14F1301P0013,219,5,,2,19,1,3,,,1,1,3,,,,45,,,,115,12,,,,,,,,,8,12.2,4,11,4,13.3,4.1,,11.3,12.17,,
2022-21.GS.C2.UYT.36.setB.IB-rep2-TMS14F1301P0013_219_plant_4,2022-21.GS.C2.UYT.36.setB.IB-rep2-TMS14F1301P0013_219,TMS14F1301P0013,219,5,,2,19,1,4,,,1,1,3,,,,75,,,,115,20,,,,,,,,,9,12.3,3.6,11.5,3.5,12.2,4,,20.6,13.42,,
2022-21.GS.C2.UYT.36.setB.IB-rep2-TMS14F1301P0013_219_plant_5,2022-21.GS.C2.UYT.36.setB.IB-rep2-TMS14F1301P0013_219,TMS14F1301P0013,219,5,,2,19,1,5,,,2,1,2,,,,85,,,,110,13,,,,,,,,,9,12.5,4.1,11,3.8,10.91,4,,18.65,13.98,,
2022-21.GS.C2.UYT.36.setB.IB-rep2-TMS14F1195P0004_220_plant_1,2022-21.GS.C2.UYT.36.setB.IB-rep2-TMS14F1195P0004_220,TMS14F1195P0004,220,5,,2,19,2,1,,,3,2,2,3,,,40,110,,,125,20,3,,,,,,,,7,10.4,3.3,12.6,3.8,15.2,5.1,,18.38,13.56,5.43,
2022-21.GS.C2.UYT.36.setB.IB-rep2-TMS14F1195P0004_220_plant_2,2022-21.GS.C2.UYT.36.setB.IB-rep2-TMS14F1195P0004_220,TMS14F1195P0004,220,5,,2,19,2,2,,,2,1,3,,,,105,,,,130,7,,,,,,,,,7,12.2,3.5,14.5,4.5,11.8,3.2,,17.81,7.36,,
2022-21.GS.C2.UYT.36.setB.IB-rep2-TMS14F1195P0004_220_plant_3,2022-21.GS.C2.UYT.36.setB.IB-rep2-TMS14F1195P0004_220,TMS14F1195P0004,220,5,,2,19,2,3,,,1,2,3,3,,,45,125,,,135,21,3,,,,,,,,7,13.7,4.4,13.5,4.5,13.5,3.9,,23.23,14.97,5.62,
2022-21.GS.C2.UYT.36.setB.IB-rep2-TMS14F1195P0004_220_plant_4,2022-21.GS.C2.UYT.36.setB.IB-rep2-TMS14F1195P0004_220,TMS14F1195P0004,220,5,,2,19,2,4,,,1,2,2,2,,,50,120,,,125,19,2,,,,,,,,7,11.2,3.2,13,3.9,13.4,3.3,,18.03,11.52,4.03,
2022-21.GS.C2.UYT.36.setB.IB-rep2-TMS14F1195P0004_220_plant_5,2022-21.GS.C2.UYT.36.setB.IB-rep2-TMS14F1195P0004_220,TMS14F1195P0004,220,5,,2,19,2,5,,,1,2,2,3,,,35,105,,,110,19,3,,,,,,,,7,11.8,4.1,11.5,3.6,11.4,3.6,,14.38,10.54,4.72,
2022-21.GS.C2.UYT.36.setB.IB-rep2-TMS13F1400P0001_221_plant_1,2022-21.GS.C2.UYT.36.setB.IB-rep2-TMS13F1400P0001_221,TMS13F1400P0001,221,5,,2,19,3,1,,,3,2,3,3,,,100,160,,,175,22,3,,,,,,,,7,14.5,4.3,15,3.5,12.5,3,,17.53,12.05,4.59,
2022-21.GS.C2.UYT.36.setB.IB-rep2-TMS13F1400P0001_221_plant_2,2022-21.GS.C2.UYT.36.setB.IB-rep2-TMS13F1400P0001_221,TMS13F1400P0001,221,5,,2,19,3,2,,,4,2,2,3,,,85,145,,,155,16,3,,,,,,,,6,18,4.5,12.5,3.5,15,4,,12.6,8.09,0.94,
2022-21.GS.C2.UYT.36.setB.IB-rep2-TMS13F1400P0001_221_plant_3,2022-21.GS.C2.UYT.36.setB.IB-rep2-TMS13F1400P0001_221,TMS13F1400P0001,221,5,,2,19,3,3,,,2,2,3,3,,,65,150,,,170,19,8,,,,,,,,7,18,5,15,4,13.5,4,,22.09,13.85,5.79,
2022-21.GS.C2.UYT.36.setB.IB-rep2-TMS13F1400P0001_221_plant_4,2022-21.GS.C2.UYT.36.setB.IB-rep2-TMS13F1400P0001_221,TMS13F1400P0001,221,5,,2,19,3,4,,,1,1,2,,,,85,,,,115,19,,,,,,,,,7,13,4,11.5,3,10.5,3.3,,13.3,6.74,,
2022-21.GS.C2.UYT.36.setB.IB-rep2-TMS13F1400P0001_221_plant_5,2022-21.GS.C2.UYT.36.setB.IB-rep2-TMS13F1400P0001_221,TMS13F1400P0001,221,5,,2,19,3,5,,,1,2,3,2,,,70,115,,,130,13,5,,,,,,,,6,13,3.5,12,3.6,12,3,,16.42,8.47,4.88,
2022-21.GS.C2.UYT.36.setB.IB-rep2-TMS13F1126P0003_222_plant_1,2022-21.GS.C2.UYT.36.setB.IB-rep2-TMS13F1126P0003_222,TMS13F1126P0003,222,5,,2,20,3,1,,,2,3,2,3,,,20,75,140,,145,28,21,2,,,,,,,7,14.5,4.5,14.5,4,13,3.5,,21.91,21.52,11.5,3.47
2022-21.GS.C2.UYT.36.setB.IB-rep2-TMS13F1126P0003_222_plant_2,2022-21.GS.C2.UYT.36.setB.IB-rep2-TMS13F1126P0003_222,TMS13F1126P0003,222,5,,2,20,3,2,,,2,1,3,,,,100,,,,125,6,,,,,,,,,7,19,5,14.5,4,16,4.5,,15.65,7.64,,
2022-21.GS.C2.UYT.36.setB.IB-rep2-TMS13F1126P0003_222_plant_3,2022-21.GS.C2.UYT.36.setB.IB-rep2-TMS13F1126P0003_222,TMS13F1126P0003,222,5,,2,20,3,3,,,2,2,2,3,,,75,80,,,130,2,15,,,,,,,,7,13,3.5,11,3,11,3,,17.4,14.8,7.68,
2022-21.GS.C2.UYT.36.setB.IB-rep2-TMS13F1126P0003_222_plant_4,2022-21.GS.C2.UYT.36.setB.IB-rep2-TMS13F1126P0003_222,TMS13F1126P0003,222,5,,2,20,3,4,,,2,1,3,,,,80,,,,120,12,,,,,,,,,7,14.5,4.3,12,3.5,12.3,3.3,,16.45,7.61,,
2022-21.GS.C2.UYT.36.setB.IB-rep2-TMS13F1126P0003_222_plant_5,2022-21.GS.C2.UYT.36.setB.IB-rep2-TMS13F1126P0003_222,TMS13F1126P0003,222,5,,2,20,3,5,,,,,,,,,,,,,,,,,,,,,,,,,,,,,,,,,,
2022-21.GS.C2.UYT.36.setB.IB-rep2-TMS14F1288P0008_223_plant_1,2022-21.GS.C2.UYT.36.setB.IB-rep2-TMS14F1288P0008_223,TMS14F1288P0008,223,5,,2,20,2,1,,,1,2,2,3,,,75,142,,,155,17,2,,,,,,,,7,14.5,4.5,14.7,4.5,15,5,,16.64,13.74,4.75,
2022-21.GS.C2.UYT.36.setB.IB-rep2-TMS14F1288P0008_223_plant_2,2022-21.GS.C2.UYT.36.setB.IB-rep2-TMS14F1288P0008_223,TMS14F1288P0008,223,5,,2,20,2,2,,,2,1,3,,,,100,,,,160,21,,,,,,,,,7,12,5,16,4,11.7,4.5,,19.01,10.82,,
2022-21.GS.C2.UYT.36.setB.IB-rep2-TMS14F1288P0008_223_plant_3,2022-21.GS.C2.UYT.36.setB.IB-rep2-TMS14F1288P0008_223,TMS14F1288P0008,223,5,,2,20,2,3,,,3,1,3,,,,120,,,,180,,15,,,,,,,,7,12,3,9.5,2.5,10,4.5,,18.96,10.42,,
2022-21.GS.C2.UYT.36.setB.IB-rep2-TMS14F1288P0008_223_plant_4,2022-21.GS.C2.UYT.36.setB.IB-rep2-TMS14F1288P0008_223,TMS14F1288P0008,223,5,,2,20,2,4,,,1,4,3,1,1,4,120,160,170,205,230,12,12,8,,,,,,,7,10,4,9.5,4.5,12.5,4.5,,22.67,17.89,16.76,15.88
2022-21.GS.C2.UYT.36.setB.IB-rep2-TMS14F1288P0008_223_plant_5,2022-21.GS.C2.UYT.36.setB.IB-rep2-TMS14F1288P0008_223,TMS14F1288P0008,223,5,,2,20,2,5,,,2,0,0,,,,,,,,160,0,,,,,,,,,9,11.5,5,12.5,4.8,12.6,5,,15.88,,,
2022-21.GS.C2.UYT.36.setB.IB-rep2-TMS14F1300P0002_224_plant_1,2022-21.GS.C2.UYT.36.setB.IB-rep2-TMS14F1300P0002_224,TMS14F1300P0002,224,5,,2,20,1,1,,,3,0,0,,,,,,,,75,0,,,,,,,,,7,13,4.5,13.5,4,15,5,,11.19,,,
2022-21.GS.C2.UYT.36.setB.IB-rep2-TMS14F1300P0002_224_plant_2,2022-21.GS.C2.UYT.36.setB.IB-rep2-TMS14F1300P0002_224,TMS14F1300P0002,224,5,,2,20,1,2,,,2,1,2,,,,90,,,,105,5,,,,,,,,,7,13,3.5,17,6,15,5,,12.75,7.6,,
2022-21.GS.C2.UYT.36.setB.IB-rep2-TMS14F1300P0002_224_plant_3,2022-21.GS.C2.UYT.36.setB.IB-rep2-TMS14F1300P0002_224,TMS14F1300P0002,224,5,,2,20,1,3,,,2,1,3,,,,105,,,,140,13,,,,,,,,,7,15.5,5,16,6,17,5,,19.95,12.83,,
2022-21.GS.C2.UYT.36.setB.IB-rep2-TMS14F1300P0002_224_plant_4,2022-21.GS.C2.UYT.36.setB.IB-rep2-TMS14F1300P0002_224,TMS14F1300P0002,224,5,,2,20,1,4,,,4,1,3,,,,120,,,,140,8,,,,,,,,,7,16,5.5,14,4.5,16,5.5,,16.53,8.28,,
2022-21.GS.C2.UYT.36.setB.IB-rep2-TMS14F1300P0002_224_plant_5,2022-21.GS.C2.UYT.36.setB.IB-rep2-TMS14F1300P0002_224,TMS14F1300P0002,224,5,,2,20,1,5,,,1,2,2,,,,125,,,,145,,,7,,,,,,,7,19.5,6.5,16.5,6,19,7,,19.67,11.92,,
2022-21.GS.C2.UYT.36.setB.IB-rep2-IITA-TMS-IBA000070_225_plant_1,2022-21.GS.C2.UYT.36.setB.IB-rep2-IITA-TMS-IBA000070_225,IITA-TMS-IBA000070,225,6,1,2,21,1,1,,,3,1,2,,,,100,,,,135,15,,,,,,,,,9,15,4.5,13,4,13.5,4.5,,20.13,11.57,,
2022-21.GS.C2.UYT.36.setB.IB-rep2-IITA-TMS-IBA000070_225_plant_2,2022-21.GS.C2.UYT.36.setB.IB-rep2-IITA-TMS-IBA000070_225,IITA-TMS-IBA000070,225,6,1,2,21,1,2,,,3,1,4,2,,,110,,,,135,11,,,,,,,,,7,15,4.3,14,5,14.8,5,,20.43,10.81,,
2022-21.GS.C2.UYT.36.setB.IB-rep2-IITA-TMS-IBA000070_225_plant_3,2022-21.GS.C2.UYT.36.setB.IB-rep2-IITA-TMS-IBA000070_225,IITA-TMS-IBA000070,225,6,1,2,21,1,3,,,1,1,2,,,,85,,,,125,16,,,,,,,,,9,15.5,5.5,14,4,15,5,,21.37,11.47,,
2022-21.GS.C2.UYT.36.setB.IB-rep2-IITA-TMS-IBA000070_225_plant_4,2022-21.GS.C2.UYT.36.setB.IB-rep2-IITA-TMS-IBA000070_225,IITA-TMS-IBA000070,225,6,1,2,21,1,4,,,,,,,,,,,,,,,,,,,,,,,,,,,,,,,,,,
2022-21.GS.C2.UYT.36.setB.IB-rep2-IITA-TMS-IBA000070_225_plant_5,2022-21.GS.C2.UYT.36.setB.IB-rep2-IITA-TMS-IBA000070_225,IITA-TMS-IBA000070,225,6,1,2,21,1,5,,,,,,,,,,,,,,,,,,,,,,,,,,,,,,,,,,
2022-21.GS.C2.UYT.36.setB.IB-rep2-IITA-TMS-IBA982101_226_plant_1,2022-21.GS.C2.UYT.36.setB.IB-rep2-IITA-TMS-IBA982101_226,IITA-TMS-IBA982101,226,6,1,2,21,2,1,,,3,1,2,,,,100,,,,125,10,,,,,,,,,7,14,3.5,12.5,3,13.8,3.5,,15.06,7.11,,
2022-21.GS.C2.UYT.36.setB.IB-rep2-IITA-TMS-IBA982101_226_plant_2,2022-21.GS.C2.UYT.36.setB.IB-rep2-IITA-TMS-IBA982101_226,IITA-TMS-IBA982101,226,6,1,2,21,2,2,,,3,1,2,,,,95,,,,145,20,7,,,,,,,,7,20,5,14.5,3.5,13.8,2.5,,18.7,10.67,,
2022-21.GS.C2.UYT.36.setB.IB-rep2-IITA-TMS-IBA982101_226_plant_3,2022-21.GS.C2.UYT.36.setB.IB-rep2-IITA-TMS-IBA982101_226,IITA-TMS-IBA982101,226,6,1,2,21,2,3,,,1,1,2,,,,100,,,,125,11,,,,,,,,,7,13,3,13.5,3.5,15,3.5,,17.44,7.1,,
2022-21.GS.C2.UYT.36.setB.IB-rep2-IITA-TMS-IBA982101_226_plant_4,2022-21.GS.C2.UYT.36.setB.IB-rep2-IITA-TMS-IBA982101_226,IITA-TMS-IBA982101,226,6,1,2,21,2,4,,,1,2,2,3,,,75,125,,,145,28,8,,,,,,,,7,18,5,14.5,3.5,15,3.7,,,,,
2022-21.GS.C2.UYT.36.setB.IB-rep2-IITA-TMS-IBA982101_226_plant_5,2022-21.GS.C2.UYT.36.setB.IB-rep2-IITA-TMS-IBA982101_226,IITA-TMS-IBA982101,226,6,1,2,21,2,5,,,,,,,,,,,,,,,,,,,,,,,,,,,,,7.4,,21.63,14.68,10.68,
2022-21.GS.C2.UYT.36.setB.IB-rep2-TMS14F1306P0008_227_plant_1,2022-21.GS.C2.UYT.36.setB.IB-rep2-TMS14F1306P0008_227,TMS14F1306P0008,227,6,,2,21,3,1,,,1,1,2,,,,95,,,,165,28,,,,,,,,,9,17,4.5,20,4.5,18,5,,23.14,15.24,,
2022-21.GS.C2.UYT.36.setB.IB-rep2-TMS14F1306P0008_227_plant_2,2022-21.GS.C2.UYT.36.setB.IB-rep2-TMS14F1306P0008_227,TMS14F1306P0008,227,6,,2,21,3,2,,,2,1,3,,,,95,,,,145,19,,,,,,,,,7,13,4,14,3.5,15,4,,19.61,11.24,,
2022-21.GS.C2.UYT.36.setB.IB-rep2-TMS14F1306P0008_227_plant_3,2022-21.GS.C2.UYT.36.setB.IB-rep2-TMS14F1306P0008_227,TMS14F1306P0008,227,6,,2,21,3,3,,,3,1,2,,,,120,,,,145,9,,,,,,,,,9,15,5,14,3,15.5,4,,16.59,9.35,,
2022-21.GS.C2.UYT.36.setB.IB-rep2-TMS14F1306P0008_227_plant_4,2022-21.GS.C2.UYT.36.setB.IB-rep2-TMS14F1306P0008_227,TMS14F1306P0008,227,6,,2,21,3,4,,,4,0,0,,,,155,,,,155,,,,,,,,,,9,15.5,4.5,16,4,15.5,4,,16.72,,,
2022-21.GS.C2.UYT.36.setB.IB-rep2-TMS14F1306P0008_227_plant_5,2022-21.GS.C2.UYT.36.setB.IB-rep2-TMS14F1306P0008_227,TMS14F1306P0008,227,6,,2,21,3,5,,,1,0,0,,,,,,,,140,,,,,,,,,,9,15,4,14.5,4,16,4.5,,15.02,,,
2022-21.GS.C2.UYT.36.setB.IB-rep2-TMS13F1049P0001_228_plant_1,2022-21.GS.C2.UYT.36.setB.IB-rep2-TMS13F1049P0001_228,TMS13F1049P0001,228,6,,2,22,3,1,,,2,1,3,,,,95,,,,120,10,,,,,,,,,7,12,2.5,11,2,13,2,,13.33,7.61,,
2022-21.GS.C2.UYT.36.setB.IB-rep2-TMS13F1049P0001_228_plant_2,2022-21.GS.C2.UYT.36.setB.IB-rep2-TMS13F1049P0001_228,TMS13F1049P0001,228,6,,2,22,3,2,,,1,2,3,3,,,75,135,,,150,22,3,,,,,,,,7,20,3,15.5,2.5,14,2.3,,22.26,13.6,33.28,
2022-21.GS.C2.UYT.36.setB.IB-rep2-TMS13F1049P0001_228_plant_3,2022-21.GS.C2.UYT.36.setB.IB-rep2-TMS13F1049P0001_228,TMS13F1049P0001,228,6,,2,22,3,3,,,1,2,3,3,,,70,140,,,155,22,3,,,,,,,,7,17,3.5,16,4,17,3,,22.46,15.39,6.16,
2022-21.GS.C2.UYT.36.setB.IB-rep2-TMS13F1049P0001_228_plant_4,2022-21.GS.C2.UYT.36.setB.IB-rep2-TMS13F1049P0001_228,TMS13F1049P0001,228,6,,2,22,3,4,,,1,2,2,3,,,15,110,,,125,17,4,,,,,,,,7,15,2.5,15,2,13.5,2.2,,17.27,11.33,3.95,
2022-21.GS.C2.UYT.36.setB.IB-rep2-TMS13F1049P0001_228_plant_5,2022-21.GS.C2.UYT.36.setB.IB-rep2-TMS13F1049P0001_228,TMS13F1049P0001,228,6,,2,22,3,5,,,,,,,,,,,,,,,,,,,,,,,,,,,,,,,,,,
2022-21.GS.C2.UYT.36.setB.IB-rep2-TMS14F1019P0015_229_plant_1,2022-21.GS.C2.UYT.36.setB.IB-rep2-TMS14F1019P0015_229,TMS14F1019P0015,229,6,,2,22,2,1,,,1,2,3,2,,,85,135,,,150,18,5,,,,,,,,7,16,5.6,13,4.2,17,3,,21.62,13.49,7.07,
2022-21.GS.C2.UYT.36.setB.IB-rep2-TMS14F1019P0015_229_plant_2,2022-21.GS.C2.UYT.36.setB.IB-rep2-TMS14F1019P0015_229,TMS14F1019P0015,229,6,,2,22,2,2,,,3,2,2,2,,,90,140,,,155,18,4,,,,,,,,7,15,5,14.5,5.3,14,4,,18.77,12.82,6.36,
2022-21.GS.C2.UYT.36.setB.IB-rep2-TMS14F1019P0015_229_plant_3,2022-21.GS.C2.UYT.36.setB.IB-rep2-TMS14F1019P0015_229,TMS14F1019P0015,229,6,,2,22,2,3,,,2,1,2,2,,,85,135,,,150,16,4,,,,,,,,7,15.5,6,17,5.5,17.5,6.5,,19.49,13.24,6.27,
2022-21.GS.C2.UYT.36.setB.IB-rep2-TMS14F1019P0015_229_plant_4,2022-21.GS.C2.UYT.36.setB.IB-rep2-TMS14F1019P0015_229,TMS14F1019P0015,229,6,,2,22,2,4,,,2,1,2,,,,90,,,,125,8,,,,,,,,,7,14,4.5,11,3.5,12.5,4,,17,8.29,,2
2022-21.GS.C2.UYT.36.setB.IB-rep2-TMS14F1019P0015_229_plant_5,2022-21.GS.C2.UYT.36.setB.IB-rep2-TMS14F1019P0015_229,TMS14F1019P0015,229,6,,2,22,2,5,,,2,2,2,2,,,65,115,,,140,17,4,,,,,,,,7,16,5,14.5,4.5,14.5,4.7,,17.4,13.46,7.52,
2022-21.GS.C2.UYT.36.setB.IB-rep2-TMEB419_230_plant_1,2022-21.GS.C2.UYT.36.setB.IB-rep2-TMEB419_230,TMEB419,230,6,1,2,22,1,1,,,1,0,0,,,,0,,,,180,,,,,,,,,,7,20.5,5,19,4,19,5.5,,21.06,,,
2022-21.GS.C2.UYT.36.setB.IB-rep2-TMEB419_230_plant_2,2022-21.GS.C2.UYT.36.setB.IB-rep2-TMEB419_230,TMEB419,230,6,1,2,22,1,2,,,3,0,0,,,,,,,,190,,,,,,,,,,7,17,4.5,19.5,5.3,19.5,5,,21.26,,,
2022-21.GS.C2.UYT.36.setB.IB-rep2-TMEB419_230_plant_3,2022-21.GS.C2.UYT.36.setB.IB-rep2-TMEB419_230,TMEB419,230,6,1,2,22,1,3,,,4,0,8,,,,,,,,180,,,,,,,,,,7,19,5.5,17,5.5,18,5,,19.94,,,
2022-21.GS.C2.UYT.36.setB.IB-rep2-TMEB419_230_plant_4,2022-21.GS.C2.UYT.36.setB.IB-rep2-TMEB419_230,TMEB419,230,6,1,2,22,1,4,,,3,0,,,,,,,,,150,,,,,,,,,,7,16,4.8,16,4.5,16.5,4,,20.75,,,
2022-21.GS.C2.UYT.36.setB.IB-rep2-TMEB419_230_plant_5,2022-21.GS.C2.UYT.36.setB.IB-rep2-TMEB419_230,TMEB419,230,6,1,2,22,1,5,,,1,0,,,,,,,,,140,,,,,,,,,,7,16.5,4.5,17.5,4.5,17.3,4.3,,13.08,,,
2022-21.GS.C2.UYT.36.setB.IB-rep2-TMS14F1278P0003_231_plant_1,2022-21.GS.C2.UYT.36.setB.IB-rep2-TMS14F1278P0003_231,TMS14F1278P0003,231,6,,2,23,1,1,,,1,3,2,3,2,,35,70,,,115,20,16,3,,,,,,,7,17.5,5,15,4.5,14.5,4.5,,26.65,18.95,13.98,6.47
2022-21.GS.C2.UYT.36.setB.IB-rep2-TMS14F1278P0003_231_plant_2,2022-21.GS.C2.UYT.36.setB.IB-rep2-TMS14F1278P0003_231,TMS14F1278P0003,231,6,,2,23,1,2,,,2,2,2,2,,,45,95,,,130,16,8,,,,,,,,7,15,4,17.3,5,12,3.5,,19.22,15.22,7.54,
2022-21.GS.C2.UYT.36.setB.IB-rep2-TMS14F1278P0003_231_plant_3,2022-21.GS.C2.UYT.36.setB.IB-rep2-TMS14F1278P0003_231,TMS14F1278P0003,231,6,,2,23,1,3,,,1,2,2,3,,,35,75,,,105,16,12,,,,,,,,6,16.5,4.5,16,4.5,14,4,,21.93,17.03,9.69,
2022-21.GS.C2.UYT.36.setB.IB-rep2-TMS14F1278P0003_231_plant_4,2022-21.GS.C2.UYT.36.setB.IB-rep2-TMS14F1278P0003_231,TMS14F1278P0003,231,6,,2,23,1,4,,,1,1,3,,,,65,,,,120,18,,,,,,,,,7,16,4,16.5,4.5,16,4.8,,21.6,11.52,,
2022-21.GS.C2.UYT.36.setB.IB-rep2-TMS14F1278P0003_231_plant_5,2022-21.GS.C2.UYT.36.setB.IB-rep2-TMS14F1278P0003_231,TMS14F1278P0003,231,6,,2,23,1,5,,,1,2,5,3,,,70,125,,,130,19,3,,,,,,,,7,17.5,5,15.5,4,16.5,4.8,,28.3,13.14,4.93,
2022-21.GS.C2.UYT.36.setB.IB-rep2-IITA-TMS-IBA980581_232_plant_1,2022-21.GS.C2.UYT.36.setB.IB-rep2-IITA-TMS-IBA980581_232,IITA-TMS-IBA980581,232,6,1,2,23,2,1,,,3,1,3,0,0,0,180,,,,190,2,,,,,,,,,9,18,6,17.5,6,16.5,6,,21.14,8.83,,
2022-21.GS.C2.UYT.36.setB.IB-rep2-IITA-TMS-IBA980581_232_plant_2,2022-21.GS.C2.UYT.36.setB.IB-rep2-IITA-TMS-IBA980581_232,IITA-TMS-IBA980581,232,6,1,2,23,2,2,,,4,0,0,,,,,,,,195,0,,,,,,,,,7,15,5,15.5,5.8,15,5,,16.54,,,
2022-21.GS.C2.UYT.36.setB.IB-rep2-IITA-TMS-IBA980581_232_plant_3,2022-21.GS.C2.UYT.36.setB.IB-rep2-IITA-TMS-IBA980581_232,IITA-TMS-IBA980581,232,6,1,2,23,2,3,,,3,0,0,,,,,,,,195,0,,,,,,,,,7,16,4.5,13.5,5,15.5,5.3,,21.33,,,
2022-21.GS.C2.UYT.36.setB.IB-rep2-IITA-TMS-IBA980581_232_plant_4,2022-21.GS.C2.UYT.36.setB.IB-rep2-IITA-TMS-IBA980581_232,IITA-TMS-IBA980581,232,6,1,2,23,2,4,,,2,1,3,,,,140,,,,175,7,,,,,,,,,7,15.5,5.5,14.5,5,13,4,,23.31,12.35,,
2022-21.GS.C2.UYT.36.setB.IB-rep2-IITA-TMS-IBA980581_232_plant_5,2022-21.GS.C2.UYT.36.setB.IB-rep2-IITA-TMS-IBA980581_232,IITA-TMS-IBA980581,232,6,1,2,23,2,5,,,4,0,0,,,,0,,,,145,0,,,,,,,,,7,17,6,16.5,6,17.2,6,,19.46,,,
2022-21.GS.C2.UYT.36.setB.IB-rep2-TMS14F1159P0003_233_plant_1,2022-21.GS.C2.UYT.36.setB.IB-rep2-TMS14F1159P0003_233,TMS14F1159P0003,233,6,,2,23,3,1,,,2,1,2,,,,60,,,,100,13,,,,,,,,,7,12,4,13.5,4,12.5,3.5,,15.55,10.37,,
2022-21.GS.C2.UYT.36.setB.IB-rep2-TMS14F1159P0003_233_plant_2,2022-21.GS.C2.UYT.36.setB.IB-rep2-TMS14F1159P0003_233,TMS14F1159P0003,233,6,,2,23,3,2,,,1,2,2,2,,,50,95,,,110,20,4,,,,,,,,6,13.5,4,13,3.5,12,3,,22.87,13.97,6.77,
2022-21.GS.C2.UYT.36.setB.IB-rep2-TMS14F1159P0003_233_plant_3,2022-21.GS.C2.UYT.36.setB.IB-rep2-TMS14F1159P0003_233,TMS14F1159P0003,233,6,,2,23,3,3,,,2,1,2,,,,60,,,,100,14,,,,,,,,,6,14.5,4,12,4,13,3.6,,17.55,10.56,,
2022-21.GS.C2.UYT.36.setB.IB-rep2-TMS14F1159P0003_233_plant_4,2022-21.GS.C2.UYT.36.setB.IB-rep2-TMS14F1159P0003_233,TMS14F1159P0003,233,6,,2,23,3,4,,,1,2,2,2,,,50,95,,,110,18,4,,,,,,,,6,11.5,3.5,11.5,4,12.5,4,,19.62,13.21,6.2,
2022-21.GS.C2.UYT.36.setB.IB-rep2-TMS14F1159P0003_233_plant_5,2022-21.GS.C2.UYT.36.setB.IB-rep2-TMS14F1159P0003_233,TMS14F1159P0003,233,6,,2,23,3,5,,,2,2,2,2,,,50,90,,,115,18,7,,,,,,,,6,14,4,12,3.6,12,3.5,,20.81,13.13,6.85,
2022-21.GS.C2.UYT.36.setB.IB-rep2-TMS14F1022P0003_234_plant_1,2022-21.GS.C2.UYT.36.setB.IB-rep2-TMS14F1022P0003_234,TMS14F1022P0003,234,6,,2,24,3,1,,,2,2,2,3,,,35,100,,,120,16,6,,,,,,,,6,14.5,4,13.5,4,12.5,5,,20.02,12.56,7.22,
2022-21.GS.C2.UYT.36.setB.IB-rep2-TMS14F1022P0003_234_plant_2,2022-21.GS.C2.UYT.36.setB.IB-rep2-TMS14F1022P0003_234,TMS14F1022P0003,234,6,,2,24,3,2,,,1,2,2,3,,,35,110,,,130,18,5,,,,,,,,7,11,3,15,4.5,11.5,3,,20.53,18.22,5.25,
2022-21.GS.C2.UYT.36.setB.IB-rep2-TMS14F1022P0003_234_plant_3,2022-21.GS.C2.UYT.36.setB.IB-rep2-TMS14F1022P0003_234,TMS14F1022P0003,234,6,,2,24,3,3,,,1,2,2,3,,,40,120,,,140,14,6,,,,,,,,6,13,4,12,3.5,11.5,3.5,,15.68,14.17,6.71,
2022-21.GS.C2.UYT.36.setB.IB-rep2-TMS14F1022P0003_234_plant_4,2022-21.GS.C2.UYT.36.setB.IB-rep2-TMS14F1022P0003_234,TMS14F1022P0003,234,6,,2,24,3,4,,,0,0,,,,,,,,,,,,,,,,,,,,,,,,,,,,,,
2022-21.GS.C2.UYT.36.setB.IB-rep2-TMS14F1022P0003_234_plant_5,2022-21.GS.C2.UYT.36.setB.IB-rep2-TMS14F1022P0003_234,TMS14F1022P0003,234,6,,2,24,3,5,,,0,,,,,,,,,,,,,,,,,,,,,,,,,,,,,,,
2022-21.GS.C2.UYT.36.setB.IB-rep2-IITA-TMS-IBA30572_235_plant_1,2022-21.GS.C2.UYT.36.setB.IB-rep2-IITA-TMS-IBA30572_235,IITA-TMS-IBA30572,235,6,1,2,24,2,1,,,3,1,3,,,,95,,,,150,20,,,,,,,,,7,13.5,3.5,13,4,14.5,4,,20.6,10.26,,
2022-21.GS.C2.UYT.36.setB.IB-rep2-IITA-TMS-IBA30572_235_plant_2,2022-21.GS.C2.UYT.36.setB.IB-rep2-IITA-TMS-IBA30572_235,IITA-TMS-IBA30572,235,6,1,2,24,2,2,,,2,1,3,,,,80,,,,110,11,,,,,,,,,7,13.5,3.5,13.5,4,13.6,3.6,,16.15,7.29,,
2022-21.GS.C2.UYT.36.setB.IB-rep2-IITA-TMS-IBA30572_235_plant_3,2022-21.GS.C2.UYT.36.setB.IB-rep2-IITA-TMS-IBA30572_235,IITA-TMS-IBA30572,235,6,1,2,24,2,3,,,2,1,3,,,,95,,,,125,12,,,,,,,,,7,12,3.5,12.5,3.5,13.7,4.3,,18.01,7.96,,
2022-21.GS.C2.UYT.36.setB.IB-rep2-IITA-TMS-IBA30572_235_plant_4,2022-21.GS.C2.UYT.36.setB.IB-rep2-IITA-TMS-IBA30572_235,IITA-TMS-IBA30572,235,6,1,2,24,2,4,,,3,2,2,2,,,65,115,,,125,23,2,,,,,,,,7,11.5,3.8,10.5,3,12,3.5,,17.93,11.33,4.92,
2022-21.GS.C2.UYT.36.setB.IB-rep2-IITA-TMS-IBA30572_235_plant_5,2022-21.GS.C2.UYT.36.setB.IB-rep2-IITA-TMS-IBA30572_235,IITA-TMS-IBA30572,235,6,1,2,24,2,5,,,,,,,,,,,,,,,,,,,,,,,,,,,,,,,,,,
2022-21.GS.C2.UYT.36.setB.IB-rep2-TMS13F1304P0003_236_plant_1,2022-21.GS.C2.UYT.36.setB.IB-rep2-TMS13F1304P0003_236,TMS13F1304P0003,236,6,,2,24,1,1,,,2,1,2,,,,120,,,,135,2,,,,,,,,,9,14.5,4.5,15,5,14.5,5,,18.32,6.65,,
2022-21.GS.C2.UYT.36.setB.IB-rep2-TMS13F1304P0003_236_plant_2,2022-21.GS.C2.UYT.36.setB.IB-rep2-TMS13F1304P0003_236,TMS13F1304P0003,236,6,,2,24,1,2,,,2,1,2,,,,95,,,,100,0,,,,,,,,,7,12.5,4,13,4.5,13.5,4.6,,15.95,5.39,,
2022-21.GS.C2.UYT.36.setB.IB-rep2-TMS13F1304P0003_236_plant_3,2022-21.GS.C2.UYT.36.setB.IB-rep2-TMS13F1304P0003_236,TMS13F1304P0003,236,6,,2,24,1,3,,,1,1,3,,,,125,,,,170,8,,,,,,,,,9,15,5,14.5,4.5,13,4.3,,20.87,8.26,,
2022-21.GS.C2.UYT.36.setB.IB-rep2-TMS13F1304P0003_236_plant_4,2022-21.GS.C2.UYT.36.setB.IB-rep2-TMS13F1304P0003_236,TMS13F1304P0003,236,6,,2,24,1,4,,,1,1,2,,,,125,,,,160,8,,,,,,,,,9,14.5,4.5,15.5,4.5,14,5,,20.63,9.46,,
2022-21.GS.C2.UYT.36.setB.IB-rep2-TMS13F1304P0003_236_plant_5,2022-21.GS.C2.UYT.36.setB.IB-rep2-TMS13F1304P0003_236,TMS13F1304P0003,236,6,,2,24,1,5,,,2,0,0,,,,0,,,,100,0,,,,,,,,,7,14,4.5,14.5,4.5,13,3.5,,15.72,,,