plant_name,plot_name,accession_name,plot_number,block_number,is_a_control,rep_number,row_number,col_number,plant_number,FieldNotes,Picture,"stem number counting			|CO_334:0000129","branching level counting			|CO_334:0000079","number of forks on branching level 1 counting			|CO_334:0000522","number of forks on branching level 2 counting			|CO_334:0000523","number of forks on branching level 3 counting			|CO_334:0000524","number of forks on branching level 4 counting			|CO_334:0000524-Copy-(0)",Plant height at first branching  Level,Plant height at second branching  Level,Plant height at third branching  Level,Plant height at fourth branching  Level,"plant height with leaf in cm			|CO_334:0000123","number of nodes at branching level 1 counting			|CO_334:0000352","number of nodes at branching level 2 counting			|CO_334:0000363","number of nodes at branching level 3 counting			|CO_334:0000368","number of nodes at branching level 4 counting			|CO_334:0000383","days to first forking event visual observation			|CO_334:0000467","days to second forking event visual observation			|CO_334:0000468","days to senescence on the first branch visual observation			|CO_334:0000518","days to third forking event visual observation			|CO_334:0000469","leaf life span in days			|CO_334:0000049",Leaf Lobe Counting,"leaf_1 lobe length measurement in cm			|CO_334:0000164","leaf_1 lobe Width measurement in cm			|CO_334:0000164-Copy-(0)","leaf_2 lobe length measurement in cm			|CO_334:0000164-Copy-(0)","leaf_2 lobe Width measurement in cm			|CO_334:0000164-Copy-(1)","leaf_3 lobe length measurement in cm - Leaf 1		|CO_334:0000164-Copy-(1)","leaf_3 lobe width measurement in cm			|CO_334:0000165",notes,"stem diameter measurement in cm|month 5			|COMP:0000129",Section_1 from branching_1-2_diameter,section from Branching_2-3_diameter,section from Branching_3-4_diameter
2022-21.GS.C2.UYT.36.setB.IB-rep1-TMS14F1288P0008_101_plant_1,2022-21.GS.C2.UYT.36.setB.IB-rep1-TMS14F1288P0008_101,TMS14F1288P0008,101,1,,1,1,1,1,,,2,1,2,,,,135,,,,195,13,,,,,,,,,9,16.2,5.3,15.5,5.5,16,5.3,,19.85,11.03,,
2022-21.GS.C2.UYT.36.setB.IB-rep1-TMS14F1288P0008_101_plant_2,2022-21.GS.C2.UYT.36.setB.IB-rep1-TMS14F1288P0008_101,TMS14F1288P0008,101,1,,1,1,1,2,,,3,.,,,,,,,,,175,,,,,,,,,,8,15,5.6,16.3,5.6,13,4.7,,14.92,,,
2022-21.GS.C2.UYT.36.setB.IB-rep1-TMS14F1288P0008_101_plant_3,2022-21.GS.C2.UYT.36.setB.IB-rep1-TMS14F1288P0008_101,TMS14F1288P0008,101,1,,1,1,1,3,,,2,1,3,,,,150,,,,185,8,,,,,,,,,8,15,5.5,12,4.5,12.2,5.3,,15.88,8.13,,
2022-21.GS.C2.UYT.36.setB.IB-rep1-TMS14F1288P0008_101_plant_4,2022-21.GS.C2.UYT.36.setB.IB-rep1-TMS14F1288P0008_101,TMS14F1288P0008,101,1,,1,1,1,4,,,2,1,3,,,,130,,,,185,8,,,,,,,,,9,15.3,6.5,15.1,4.6,13,4.3,,16.17,10.17,,
2022-21.GS.C2.UYT.36.setB.IB-rep1-TMS14F1288P0008_101_plant_5,2022-21.GS.C2.UYT.36.setB.IB-rep1-TMS14F1288P0008_101,TMS14F1288P0008,101,1,,1,1,1,5,,,1,1,3,,,,100,,,,175,20,,,,,,,,,9,12.3,6.3,10,5.3,12,3.3,,20.29,10.29,,
2022-21.GS.C2.UYT.36.setB.IB-rep1-TMS14F1125P0010_102_plant_1,2022-21.GS.C2.UYT.36.setB.IB-rep1-TMS14F1125P0010_102,TMS14F1125P0010,102,1,,1,1,2,1,,,2,1,2,,,,85,,,,135,10,,,,,,,,,7,15,4.5,14.5,3.7,12.5,3.5,,15.44,7.52,,
2022-21.GS.C2.UYT.36.setB.IB-rep1-TMS14F1125P0010_102_plant_2,2022-21.GS.C2.UYT.36.setB.IB-rep1-TMS14F1125P0010_102,TMS14F1125P0010,102,1,,1,1,2,2,,,2,2,3,3,,,90,140,,,160,12,4,,,,,,,,7,14.3,5,10,3.5,12.3,3.7,,19.18,9.43,5.04,
2022-21.GS.C2.UYT.36.setB.IB-rep1-TMS14F1125P0010_102_plant_3,2022-21.GS.C2.UYT.36.setB.IB-rep1-TMS14F1125P0010_102,TMS14F1125P0010,102,1,,1,1,2,3,,,2,2,3,3,,,75,140,,,160,19,2,,,,,,,,7,16,4.5,15,4.1,11.2,3.5,,19.62,9.69,4.28,
2022-21.GS.C2.UYT.36.setB.IB-rep1-TMS14F1125P0010_102_plant_4,2022-21.GS.C2.UYT.36.setB.IB-rep1-TMS14F1125P0010_102,TMS14F1125P0010,102,1,,1,1,2,4,,,1,2,3,3,,,65,125,,,150,15,6,,,,,,,,7,17.5,4.3,15,4.3,11.5,3.4,,22.22,11.25,5.24,
2022-21.GS.C2.UYT.36.setB.IB-rep1-TMS14F1125P0010_102_plant_5,2022-21.GS.C2.UYT.36.setB.IB-rep1-TMS14F1125P0010_102,TMS14F1125P0010,102,1,,1,1,2,5,,,2,2,3,3,,,70,130,,,165,16,5,,,,,,,,7,18,5,15.7,4.3,13.3,4.2,,20.46,10.87,4.61,
2022-21.GS.C2.UYT.36.setB.IB-rep1-TMS14F1278P0003_103_plant_1,2022-21.GS.C2.UYT.36.setB.IB-rep1-TMS14F1278P0003_103,TMS14F1278P0003,103,1,,1,1,3,1,,,2,2,3,3,,,45,95,,,115,15,7,,,,,,,,8,20,5.8,15.5,4.5,13,3.9,,22.64,14,5.76,
2022-21.GS.C2.UYT.36.setB.IB-rep1-TMS14F1278P0003_103_plant_2,2022-21.GS.C2.UYT.36.setB.IB-rep1-TMS14F1278P0003_103,TMS14F1278P0003,103,1,,1,1,3,2,,,1,2,3,3,,,50,95,,,120,14,8,,,,,,,,7,18.4,5.2,16.7,4.5,16,4.2,,20.13,11.64,5.16,
2022-21.GS.C2.UYT.36.setB.IB-rep1-TMS14F1278P0003_103_plant_3,2022-21.GS.C2.UYT.36.setB.IB-rep1-TMS14F1278P0003_103,TMS14F1278P0003,103,1,,1,1,3,3,,,1,2,3,3,,,50,95,,,125,19,8,,,,,,,,7,18.2,5,13,3.9,12.3,3.5,,24.07,12.57,4.94,
2022-21.GS.C2.UYT.36.setB.IB-rep1-TMS14F1278P0003_103_plant_4,2022-21.GS.C2.UYT.36.setB.IB-rep1-TMS14F1278P0003_103,TMS14F1278P0003,103,1,,1,1,3,4,,,,,,,,,,,,,,,,,,,,,,,,,,,,,,,,,,
2022-21.GS.C2.UYT.36.setB.IB-rep1-TMS14F1278P0003_103_plant_5,2022-21.GS.C2.UYT.36.setB.IB-rep1-TMS14F1278P0003_103,TMS14F1278P0003,103,1,,1,1,3,5,,,1,2,3,3,,,45,85,,,100,14,6,,,,,,,,7,19.4,5.5,14.7,3.9,10.5,2.9,,18.83,8.42,4.09,
2022-21.GS.C2.UYT.36.setB.IB-rep1-TMS14F1195P0004_104_plant_1,2022-21.GS.C2.UYT.36.setB.IB-rep1-TMS14F1195P0004_104,TMS14F1195P0004,104,1,,1,2,3,1,,,1,2,3,3,,,60,139,,,160,16,4,,,,,,,,7,16,5.5,13.9,4.4,12,5.5,,18.6,10.4,5.4,
2022-21.GS.C2.UYT.36.setB.IB-rep1-TMS14F1195P0004_104_plant_2,2022-21.GS.C2.UYT.36.setB.IB-rep1-TMS14F1195P0004_104,TMS14F1195P0004,104,1,,1,2,3,2,,,1,2,3,3,,,45,115,,,180,22,17,,,,,,,,7,24,7,14.7,4.7,12.4,3.7,,24.65,15.26,17.18,
2022-21.GS.C2.UYT.36.setB.IB-rep1-TMS14F1195P0004_104_plant_3,2022-21.GS.C2.UYT.36.setB.IB-rep1-TMS14F1195P0004_104,TMS14F1195P0004,104,1,,1,2,3,3,,,2,1,3,,,,120,,,,150,8,,,,,,,,,9,17.5,5.7,15.2,4.7,13.5,4.2,,18.35,6.89,,
2022-21.GS.C2.UYT.36.setB.IB-rep1-TMS14F1195P0004_104_plant_4,2022-21.GS.C2.UYT.36.setB.IB-rep1-TMS14F1195P0004_104,TMS14F1195P0004,104,1,,1,2,3,4,,,,,,,,,,,,,,,,,,,,,,,,,,,,,,,,,,
2022-21.GS.C2.UYT.36.setB.IB-rep1-TMS14F1195P0004_104_plant_5,2022-21.GS.C2.UYT.36.setB.IB-rep1-TMS14F1195P0004_104,TMS14F1195P0004,104,1,,1,2,3,5,,,,,,,,,,,,,,,,,,,,,,,,,,,,,,,,,,
2022-21.GS.C2.UYT.36.setB.IB-rep1-TMS13F1304P0003_105_plant_1,2022-21.GS.C2.UYT.36.setB.IB-rep1-TMS13F1304P0003_105,TMS13F1304P0003,105,1,,1,2,2,1,,,2,1,2,,,,114,,,,140,3,,,,,,,,,9,14.3,4.7,15,5.1,11.7,4.2,,14.33,6.87,,
2022-21.GS.C2.UYT.36.setB.IB-rep1-TMS13F1304P0003_105_plant_2,2022-21.GS.C2.UYT.36.setB.IB-rep1-TMS13F1304P0003_105,TMS13F1304P0003,105,1,,1,2,2,2,,,1,2,2,2,,,120,185,,,205,19,1,,,,,,,,9,19.4,5.5,14.9,4.9,14.9,4.5,,23.21,12.06,4.64,
2022-21.GS.C2.UYT.36.setB.IB-rep1-TMS13F1304P0003_105_plant_3,2022-21.GS.C2.UYT.36.setB.IB-rep1-TMS13F1304P0003_105,TMS13F1304P0003,105,1,,1,2,2,3,,,2,1,3,,,,130,,,,180,11,,,,,,,,,9,17,5.9,16.4,5.5,13.5,4.5,,18.3,,,
2022-21.GS.C2.UYT.36.setB.IB-rep1-TMS13F1304P0003_105_plant_4,2022-21.GS.C2.UYT.36.setB.IB-rep1-TMS13F1304P0003_105,TMS13F1304P0003,105,1,,1,2,2,4,,,,,,,,,,,,,,,,,,,,,,,,,,,,,,,,,,
2022-21.GS.C2.UYT.36.setB.IB-rep1-TMS13F1304P0003_105_plant_5,2022-21.GS.C2.UYT.36.setB.IB-rep1-TMS13F1304P0003_105,TMS13F1304P0003,105,1,,1,2,2,5,,,,,,,,,,,,,,,,,,,,,,,,,,,,,,,,,,
2022-21.GS.C2.UYT.36.setB.IB-rep1-TMS14F1022P0003_106_plant_1,2022-21.GS.C2.UYT.36.setB.IB-rep1-TMS14F1022P0003_106,TMS14F1022P0003,106,1,,1,2,1,1,,,1,2,2,3,,,35,100,,,180,19,17,,,,,,,,7,19,5.6,20,5.7,16,5.1,,25.46,22.65,10.46,
2022-21.GS.C2.UYT.36.setB.IB-rep1-TMS14F1022P0003_106_plant_2,2022-21.GS.C2.UYT.36.setB.IB-rep1-TMS14F1022P0003_106,TMS14F1022P0003,106,1,,1,2,1,2,,,1,2,2,3,,,30,110,,,185,22,16,,,,,,,,7,20,6.7,17.5,5.4,15.7,4.9,,25.78,20.26,10.78,
2022-21.GS.C2.UYT.36.setB.IB-rep1-TMS14F1022P0003_106_plant_3,2022-21.GS.C2.UYT.36.setB.IB-rep1-TMS14F1022P0003_106,TMS14F1022P0003,106,1,,1,2,1,3,,,1,2,2,3,,,50,140,,,160,20,2,,,,,,,,8,17.5,5.3,15.2,5.4,14.5,4.9,,20.45,16.5,5.91,
2022-21.GS.C2.UYT.36.setB.IB-rep1-TMS14F1022P0003_106_plant_4,2022-21.GS.C2.UYT.36.setB.IB-rep1-TMS14F1022P0003_106,TMS14F1022P0003,106,1,,1,2,1,4,,,2,1,2,,,,73,,,,140,14,,,,,,,,,7,16,4.9,13.5,4.4,11,3.9,,15.33,8.61,,
2022-21.GS.C2.UYT.36.setB.IB-rep1-TMS14F1022P0003_106_plant_5,2022-21.GS.C2.UYT.36.setB.IB-rep1-TMS14F1022P0003_106,TMS14F1022P0003,106,1,,1,2,1,5,,,2,2,2,3,,,40,105,,,160,20,5,,,,,,,,7,18,5.7,16.6,4.5,14,4.4,,19.28,15.1,7.3,
2022-21.GS.C2.UYT.36.setB.IB-rep1-TMS14F1146P0002_107_plant_1,2022-21.GS.C2.UYT.36.setB.IB-rep1-TMS14F1146P0002_107,TMS14F1146P0002,107,1,,1,3,1,1,,,2,NA,,,,,,,,,120,,,,,,,,,,9,14,4.4,14.5,4.5,14.5,4.7,,16.56,,,
2022-21.GS.C2.UYT.36.setB.IB-rep1-TMS14F1146P0002_107_plant_2,2022-21.GS.C2.UYT.36.setB.IB-rep1-TMS14F1146P0002_107,TMS14F1146P0002,107,1,,1,3,1,2,,,2,1,3,,,,75,,,,145,18,,,,,,,,,9,17,5.5,13.5,4.5,12,3.9,,21.64,17.37,,
2022-21.GS.C2.UYT.36.setB.IB-rep1-TMS14F1146P0002_107_plant_3,2022-21.GS.C2.UYT.36.setB.IB-rep1-TMS14F1146P0002_107,TMS14F1146P0002,107,1,,1,3,1,3,,,1,NA,,,,,,,,,105,,,,,,,,,,9,13.5,4.2,12.5,3.5,13,4.4,,14.78,,,
2022-21.GS.C2.UYT.36.setB.IB-rep1-TMS14F1146P0002_107_plant_4,2022-21.GS.C2.UYT.36.setB.IB-rep1-TMS14F1146P0002_107,TMS14F1146P0002,107,1,,1,3,1,4,,,3,1,3,,,,85,,,,135,8,,,,,,,,,9,17,5.6,13.5,4.7,14,5,,21.71,12.97,,
2022-21.GS.C2.UYT.36.setB.IB-rep1-TMS14F1146P0002_107_plant_5,2022-21.GS.C2.UYT.36.setB.IB-rep1-TMS14F1146P0002_107,TMS14F1146P0002,107,1,,1,3,1,5,,,3,1,2,,,,85,,,,140,18,,,,,,,,,9,14.5,5.9,13,5,14.3,5,,19.37,13.54,,
2022-21.GS.C2.UYT.36.setB.IB-rep1-IITA-TMS-IBA980581_108_plant_1,2022-21.GS.C2.UYT.36.setB.IB-rep1-IITA-TMS-IBA980581_108,IITA-TMS-IBA980581,108,1,1,1,3,2,1,,,2,NA,,,,,,,,,155,,,,,,,,,,7,17.5,6,16.7,5.5,17,5.7,,20.03,,,
2022-21.GS.C2.UYT.36.setB.IB-rep1-IITA-TMS-IBA980581_108_plant_2,2022-21.GS.C2.UYT.36.setB.IB-rep1-IITA-TMS-IBA980581_108,IITA-TMS-IBA980581,108,1,1,1,3,2,2,,,2,NA,,,,,,,,,165,,,,,,,,,,7,17,6,16,5,18,4.5,,18.15,,,
2022-21.GS.C2.UYT.36.setB.IB-rep1-IITA-TMS-IBA980581_108_plant_3,2022-21.GS.C2.UYT.36.setB.IB-rep1-IITA-TMS-IBA980581_108,IITA-TMS-IBA980581,108,1,1,1,3,2,3,,,2,NA,,,,,,,,,170,,,,,,,,,,9,18.3,6,17,6,18.3,5,,21.74,,,
2022-21.GS.C2.UYT.36.setB.IB-rep1-IITA-TMS-IBA980581_108_plant_4,2022-21.GS.C2.UYT.36.setB.IB-rep1-IITA-TMS-IBA980581_108,IITA-TMS-IBA980581,108,1,1,1,3,2,4,,,2,1,3,,,,145,,,,185,13,,,,,,,,,7,21,7,19,5.7,20,7,,24.88,13.82,,
2022-21.GS.C2.UYT.36.setB.IB-rep1-IITA-TMS-IBA980581_108_plant_5,2022-21.GS.C2.UYT.36.setB.IB-rep1-IITA-TMS-IBA980581_108,IITA-TMS-IBA980581,108,1,1,1,3,2,5,,,2,1,3,,,,160,,,,180,5,,,,,,,,,7,17.5,7,17,5.3,16,5,,25.28,8.33,,
2022-21.GS.C2.UYT.36.setB.IB-rep1-TMS14F1291P0003_109_plant_1,2022-21.GS.C2.UYT.36.setB.IB-rep1-TMS14F1291P0003_109,TMS14F1291P0003,109,1,,1,3,3,1,,,2,NA,,,,,,,,,145,,,,,,,,,,7,17,4.5,17.5,5,16.5,5,,17.3,,,
2022-21.GS.C2.UYT.36.setB.IB-rep1-TMS14F1291P0003_109_plant_2,2022-21.GS.C2.UYT.36.setB.IB-rep1-TMS14F1291P0003_109,TMS14F1291P0003,109,1,,1,3,3,2,,,2,NA,,,,,,,,,145,,,,,,,,,,7,17,4.5,15.5,4.7,17,5,,17.41,,,
2022-21.GS.C2.UYT.36.setB.IB-rep1-TMS14F1291P0003_109_plant_3,2022-21.GS.C2.UYT.36.setB.IB-rep1-TMS14F1291P0003_109,TMS14F1291P0003,109,1,,1,3,3,3,,,2,1,2,,,,120,,,,145,5,,,,,,,,,9,19,4.5,18,5,15,4,,19.21,8.47,,
2022-21.GS.C2.UYT.36.setB.IB-rep1-TMS14F1291P0003_109_plant_4,2022-21.GS.C2.UYT.36.setB.IB-rep1-TMS14F1291P0003_109,TMS14F1291P0003,109,1,,1,3,3,4,,,2,1,3,,,,115,,,,153,10,,,,,,,,,9,18,5,14,4,17,5,,20.83,8.33,,
2022-21.GS.C2.UYT.36.setB.IB-rep1-TMS14F1291P0003_109_plant_5,2022-21.GS.C2.UYT.36.setB.IB-rep1-TMS14F1291P0003_109,TMS14F1291P0003,109,1,,1,3,3,5,,,,,,,,,,,,,,,,,,,,,,,,,,,,,,,,,,
2022-21.GS.C2.UYT.36.setB.IB-rep1-TMS14F1301P0013_110_plant_1,2022-21.GS.C2.UYT.36.setB.IB-rep1-TMS14F1301P0013_110,TMS14F1301P0013,110,1,,1,4,3,1,,,5,1,2,,,,152,,,,140,6,,,,,,,,,7,14,3.5,14,4,15.5,4.3,,15.17,9.33,,
2022-21.GS.C2.UYT.36.setB.IB-rep1-TMS14F1301P0013_110_plant_2,2022-21.GS.C2.UYT.36.setB.IB-rep1-TMS14F1301P0013_110,TMS14F1301P0013,110,1,,1,4,3,2,,,2,1,2,,,,118,,,,150,6,,,,,,,,,7,16.5,4.5,15.5,4,13.5,3.5,,15.3,8.98,,
2022-21.GS.C2.UYT.36.setB.IB-rep1-TMS14F1301P0013_110_plant_3,2022-21.GS.C2.UYT.36.setB.IB-rep1-TMS14F1301P0013_110,TMS14F1301P0013,110,1,,1,4,3,3,,,4,2,3,2,,,95,145,,,165,22,3,,,,,,,,7,14,3.5,15.5,4.3,15,4,,23,9.48,,
2022-21.GS.C2.UYT.36.setB.IB-rep1-TMS14F1301P0013_110_plant_4,2022-21.GS.C2.UYT.36.setB.IB-rep1-TMS14F1301P0013_110,TMS14F1301P0013,110,1,,1,4,3,4,,,4,NA,,,,,,,,,110,,,,,,,,,,7,12.5,3.2,13.5,3.3,10,2.6,,10.14,,,
2022-21.GS.C2.UYT.36.setB.IB-rep1-TMS14F1301P0013_110_plant_5,2022-21.GS.C2.UYT.36.setB.IB-rep1-TMS14F1301P0013_110,TMS14F1301P0013,110,1,,1,4,3,5,,,,,,,,,,,,,,,,,,,,,,,,,,,,,,,,,,
2022-21.GS.C2.UYT.36.setB.IB-rep1-TMS13F1400P0001_111_plant_1,2022-21.GS.C2.UYT.36.setB.IB-rep1-TMS13F1400P0001_111,TMS13F1400P0001,111,1,,1,4,2,1,,,1,1,3,,,,85,,,,150,9,,,,,,,,,6,15,4,12,3.6,14,4,,15.69,7.22,,
2022-21.GS.C2.UYT.36.setB.IB-rep1-TMS13F1400P0001_111_plant_2,2022-21.GS.C2.UYT.36.setB.IB-rep1-TMS13F1400P0001_111,TMS13F1400P0001,111,1,,1,4,2,2,,,1,1,2,,,,80,,,,130,8,,,,,,,,,6,13.5,3.5,12,3.5,12.5,3.3,,14.93,7.01,,
2022-21.GS.C2.UYT.36.setB.IB-rep1-TMS13F1400P0001_111_plant_3,2022-21.GS.C2.UYT.36.setB.IB-rep1-TMS13F1400P0001_111,TMS13F1400P0001,111,1,,1,4,2,3,,,3,2,2,2,,,85,155,,,180,20,4,,,,,,,,6,21.5,5.5,18,5,14,3,,15.57,7.22,,
2022-21.GS.C2.UYT.36.setB.IB-rep1-TMS13F1400P0001_111_plant_4,2022-21.GS.C2.UYT.36.setB.IB-rep1-TMS13F1400P0001_111,TMS13F1400P0001,111,1,,1,4,2,4,,,1,2,3,3,,,80,155,,,190,20,6,,,,,,,,6,16.5,4.2,16.5,4.5,15.5,4,,23.17,13.85,5.98,
2022-21.GS.C2.UYT.36.setB.IB-rep1-TMS13F1400P0001_111_plant_5,2022-21.GS.C2.UYT.36.setB.IB-rep1-TMS13F1400P0001_111,TMS13F1400P0001,111,1,,1,4,2,5,,,1,1,2,,,,90,,,,165,7,,,,,,,,,6,14,3.3,12,3,12.5,3,,13.12,6.98,,
2022-21.GS.C2.UYT.36.setB.IB-rep1-TMS13F1376P0018_112_plant_1,2022-21.GS.C2.UYT.36.setB.IB-rep1-TMS13F1376P0018_112,TMS13F1376P0018,112,1,,1,4,1,1,,,2,NA,,,,,,,,,140,,,,,,,,,,7,15,5,13.5,4.5,14,4,,15.69,,,
2022-21.GS.C2.UYT.36.setB.IB-rep1-TMS13F1376P0018_112_plant_2,2022-21.GS.C2.UYT.36.setB.IB-rep1-TMS13F1376P0018_112,TMS13F1376P0018,112,1,,1,4,1,2,,,2,1,2,,,,132,,,,155,8,,,,,,,,,7,16.5,4.5,15,5,16,5,,17.06,7.68,,
2022-21.GS.C2.UYT.36.setB.IB-rep1-TMS13F1376P0018_112_plant_3,2022-21.GS.C2.UYT.36.setB.IB-rep1-TMS13F1376P0018_112,TMS13F1376P0018,112,1,,1,4,1,3,,,3,NA,,,,,,,,,150,,,,,,,,,,7,16,4.5,14,4.3,11.5,4,,16.07,,,
2022-21.GS.C2.UYT.36.setB.IB-rep1-TMS13F1376P0018_112_plant_4,2022-21.GS.C2.UYT.36.setB.IB-rep1-TMS13F1376P0018_112,TMS13F1376P0018,112,1,,1,4,1,4,,,4,0,,,,,,,,,140,,,,,,,,,,7,13.5,4,14,4.5,13.3,4.2,,10.59,,,
2022-21.GS.C2.UYT.36.setB.IB-rep1-TMS13F1376P0018_112_plant_5,2022-21.GS.C2.UYT.36.setB.IB-rep1-TMS13F1376P0018_112,TMS13F1376P0018,112,1,,1,4,1,5,,,2,0,,,,,,,,,115,,,,,,,,,,7,14,4,13,4,14,4.2,,13.07,,,
2022-21.GS.C2.UYT.36.setB.IB-rep1-TMS14F1301P0004_113_plant_1,2022-21.GS.C2.UYT.36.setB.IB-rep1-TMS14F1301P0004_113,TMS14F1301P0004,113,2,,1,5,1,1,,,2,1,3,,,,130,,,,175,14,,,,,,,,,9,17,4,15,3.8,14,4,,19.78,10.33,,
2022-21.GS.C2.UYT.36.setB.IB-rep1-TMS14F1301P0004_113_plant_2,2022-21.GS.C2.UYT.36.setB.IB-rep1-TMS14F1301P0004_113,TMS14F1301P0004,113,2,,1,5,1,2,,,1,1,3,,,,123,,,,175,16,,,,,,,,,9,16.5,4.3,13,4,14.5,4,,24.47,9.11,,
2022-21.GS.C2.UYT.36.setB.IB-rep1-TMS14F1301P0004_113_plant_3,2022-21.GS.C2.UYT.36.setB.IB-rep1-TMS14F1301P0004_113,TMS14F1301P0004,113,2,,1,5,1,3,,,2,1,3,,,,138,,,,162,7,,,,,,,,,9,13.5,3,15,4,16.5,4,,21.17,6.43,,
2022-21.GS.C2.UYT.36.setB.IB-rep1-TMS14F1301P0004_113_plant_4,2022-21.GS.C2.UYT.36.setB.IB-rep1-TMS14F1301P0004_113,TMS14F1301P0004,113,2,,1,5,1,4,,,1,NA,,,,,,,,,140,,,,,,,,,,9,15,4,14.5,4,13.5,3.5,,17.19,,,
2022-21.GS.C2.UYT.36.setB.IB-rep1-TMS14F1301P0004_113_plant_5,2022-21.GS.C2.UYT.36.setB.IB-rep1-TMS14F1301P0004_113,TMS14F1301P0004,113,2,,1,5,1,5,,,1,1,4,,,,120,,,,175,24,,,,,,,,,9,15,4.5,14.5,3.5,14,3.8,,26.29,13.44,,
2022-21.GS.C2.UYT.36.setB.IB-rep1-TMS14F1285P0006_114_plant_1,2022-21.GS.C2.UYT.36.setB.IB-rep1-TMS14F1285P0006_114,TMS14F1285P0006,114,2,,1,5,2,1,,,1,1,2,,,,105,,,,120,8,,,,,,,,,7,13.5,3,15,4,16,4.5,,12.2,5.74,,
2022-21.GS.C2.UYT.36.setB.IB-rep1-TMS14F1285P0006_114_plant_2,2022-21.GS.C2.UYT.36.setB.IB-rep1-TMS14F1285P0006_114,TMS14F1285P0006,114,2,,1,5,2,2,,,1,1,3,,,,100,,,,130,11,,,,,,,,,7,15,4.2,18,4.5,15,4,,15.44,8.58,,
2022-21.GS.C2.UYT.36.setB.IB-rep1-TMS14F1285P0006_114_plant_3,2022-21.GS.C2.UYT.36.setB.IB-rep1-TMS14F1285P0006_114,TMS14F1285P0006,114,2,,1,5,2,3,,,1,1,2,,,,60,,,,110,23,,,,,,,,,6,15,3.5,14.5,3.5,15,4,,16.56,7.82,,
2022-21.GS.C2.UYT.36.setB.IB-rep1-TMS14F1285P0006_114_plant_4,2022-21.GS.C2.UYT.36.setB.IB-rep1-TMS14F1285P0006_114,TMS14F1285P0006,114,2,,1,5,2,4,,,3,1,2,,,,100,,,,120,4,,,,,,,,,7,20.5,5.4,17,4.5,15,4,,14.95,6.26,,
2022-21.GS.C2.UYT.36.setB.IB-rep1-TMS14F1285P0006_114_plant_5,2022-21.GS.C2.UYT.36.setB.IB-rep1-TMS14F1285P0006_114,TMS14F1285P0006,114,2,,1,5,2,5,,,,,,,,,,,,,,,,,,,,,,,,,,,,,,,,,,
2022-21.GS.C2.UYT.36.setB.IB-rep1-TMS14F1310P0015_115_plant_1,2022-21.GS.C2.UYT.36.setB.IB-rep1-TMS14F1310P0015_115,TMS14F1310P0015,115,2,,1,5,3,1,,,1,NA,,,,,,,,,100,,,,,,,,,,9,12.5,3,12,3,11.5,3.2,,16.81,,,
2022-21.GS.C2.UYT.36.setB.IB-rep1-TMS14F1310P0015_115_plant_2,2022-21.GS.C2.UYT.36.setB.IB-rep1-TMS14F1310P0015_115,TMS14F1310P0015,115,2,,1,5,3,2,,,5,0,,,,,,,,,100,,,,,,,,,,7,13,3,12,3,12.3,3.5,,18.62,,,
2022-21.GS.C2.UYT.36.setB.IB-rep1-TMS14F1310P0015_115_plant_3,2022-21.GS.C2.UYT.36.setB.IB-rep1-TMS14F1310P0015_115,TMS14F1310P0015,115,2,,1,5,3,3,,,2,0,,,,,,,,,125,,,,,,,,,,9,13.5,4,14,3,12,3.4,,14.3,,,
2022-21.GS.C2.UYT.36.setB.IB-rep1-TMS14F1310P0015_115_plant_4,2022-21.GS.C2.UYT.36.setB.IB-rep1-TMS14F1310P0015_115,TMS14F1310P0015,115,2,,1,5,3,4,,,2,0,,,,,,,,,125,,,,,,,,,,9,13.5,3.5,15.5,4,13.5,4,,17.01,,,
2022-21.GS.C2.UYT.36.setB.IB-rep1-TMS14F1310P0015_115_plant_5,2022-21.GS.C2.UYT.36.setB.IB-rep1-TMS14F1310P0015_115,TMS14F1310P0015,115,2,,1,5,3,5,,,4,NA,,,,,,,,,135,,,,,,,,,,9,15,3.5,16,4,14.5,4.3,,17.44,,,
2022-21.GS.C2.UYT.36.setB.IB-rep1-TMS14F1014P0017_116_plant_1,2022-21.GS.C2.UYT.36.setB.IB-rep1-TMS14F1014P0017_116,TMS14F1014P0017,116,2,,1,6,3,1,,,2,1,2,,,,102,,,,175,17,,,,,,,,,9,17,5.5,13.5,3,14,4,,18.62,9.87,,
2022-21.GS.C2.UYT.36.setB.IB-rep1-TMS14F1014P0017_116_plant_2,2022-21.GS.C2.UYT.36.setB.IB-rep1-TMS14F1014P0017_116,TMS14F1014P0017,116,2,,1,6,3,2,,,3,1,2,,,,100,,,,125,2,,,,,,,,,9,14,4,12,3.5,12.5,4,,14.72,7.79,,
2022-21.GS.C2.UYT.36.setB.IB-rep1-TMS14F1014P0017_116_plant_3,2022-21.GS.C2.UYT.36.setB.IB-rep1-TMS14F1014P0017_116,TMS14F1014P0017,116,2,,1,6,3,3,,,1,1,3,,,,95,,,,150,11,,,,,,,,,7,16,4.2,17,4.5,14,4,,17.94,8.17,,
2022-21.GS.C2.UYT.36.setB.IB-rep1-TMS14F1014P0017_116_plant_4,2022-21.GS.C2.UYT.36.setB.IB-rep1-TMS14F1014P0017_116,TMS14F1014P0017,116,2,,1,6,3,4,,,,,,,,,,,,,,,,,,,,,,,,,,,,,,,,,,
2022-21.GS.C2.UYT.36.setB.IB-rep1-TMS14F1014P0017_116_plant_5,2022-21.GS.C2.UYT.36.setB.IB-rep1-TMS14F1014P0017_116,TMS14F1014P0017,116,2,,1,6,3,5,,,,,,,,,,,,,,,,,,,,,,,,,,,,,,,,,,
2022-21.GS.C2.UYT.36.setB.IB-rep1-TMS14F1292P0012_117_plant_1,2022-21.GS.C2.UYT.36.setB.IB-rep1-TMS14F1292P0012_117,TMS14F1292P0012,117,2,,1,6,2,1,,,2,1,3,,,,85,,,,140,15,,,,,,,,,7,12.5,4.5,12,3.5,11.5,3,,18.4,6.45,,
2022-21.GS.C2.UYT.36.setB.IB-rep1-TMS14F1292P0012_117_plant_2,2022-21.GS.C2.UYT.36.setB.IB-rep1-TMS14F1292P0012_117,TMS14F1292P0012,117,2,,1,6,2,2,,,1,2,3,3,,,50,140,,,180,24,5,,,,,,,,9,18,6,17.5,5,16,4,,23.76,13.3,6.68,
2022-21.GS.C2.UYT.36.setB.IB-rep1-TMS14F1292P0012_117_plant_3,2022-21.GS.C2.UYT.36.setB.IB-rep1-TMS14F1292P0012_117,TMS14F1292P0012,117,2,,1,6,2,3,,,1,2,2,4,,,45,125,,,190,20,14,,,,,,,,9,19.5,5.5,13.5,4.5,12.5,4,,23.13,19.3,8.7,
2022-21.GS.C2.UYT.36.setB.IB-rep1-TMS14F1292P0012_117_plant_4,2022-21.GS.C2.UYT.36.setB.IB-rep1-TMS14F1292P0012_117,TMS14F1292P0012,117,2,,1,6,2,4,,,2,1,3,,,,60,,,,140,16,,,,,,,,,7,12,4,12.5,3.5,12,3,,19.26,7.74,,
2022-21.GS.C2.UYT.36.setB.IB-rep1-TMS14F1292P0012_117_plant_5,2022-21.GS.C2.UYT.36.setB.IB-rep1-TMS14F1292P0012_117,TMS14F1292P0012,117,2,,1,6,2,5,,,1,2,2,4,,,40,120,,,155,22,9,,,,,,,,9,17.5,4.5,17,4.5,17.5,4,,25.35,14.01,3.7,
2022-21.GS.C2.UYT.36.setB.IB-rep1-TMS14F1013P0007_118_plant_1,2022-21.GS.C2.UYT.36.setB.IB-rep1-TMS14F1013P0007_118,TMS14F1013P0007,118,2,,1,6,1,1,,,2,2,2,3,,,105,167,,,200,16,6,,,,,,,,7,19.5,6.5,14.5,5.1,13.1,4.8,,21.29,11.53,5.37,
2022-21.GS.C2.UYT.36.setB.IB-rep1-TMS14F1013P0007_118_plant_2,2022-21.GS.C2.UYT.36.setB.IB-rep1-TMS14F1013P0007_118,TMS14F1013P0007,118,2,,1,6,1,2,,,2,2,2,2,,,100,160,,,185,17,4,,,,,,,,8,20.5,6.6,14.6,5,9.2,3.6,,20.09,9.92,4.91,
2022-21.GS.C2.UYT.36.setB.IB-rep1-TMS14F1013P0007_118_plant_3,2022-21.GS.C2.UYT.36.setB.IB-rep1-TMS14F1013P0007_118,TMS14F1013P0007,118,2,,1,6,1,3,,,1,2,3,2,,,105,173,,,210,19,2,,,,,,,,9,21.9,7.1,16.3,5.4,13.6,5.6,,22.29,13.61,6.22,
2022-21.GS.C2.UYT.36.setB.IB-rep1-TMS14F1013P0007_118_plant_4,2022-21.GS.C2.UYT.36.setB.IB-rep1-TMS14F1013P0007_118,TMS14F1013P0007,118,2,,1,6,1,4,,,2,2,2,2,,,112,180,,,190,11,1,,,,,,,,7,17.3,6,16,5.3,13.4,4.5,,19.76,9.8,4.04,
2022-21.GS.C2.UYT.36.setB.IB-rep1-TMS14F1013P0007_118_plant_5,2022-21.GS.C2.UYT.36.setB.IB-rep1-TMS14F1013P0007_118,TMS14F1013P0007,118,2,,1,6,1,5,,,3,1,2,,,,115,,,,180,12,,,,,,,,,7,17.1,5.4,16.9,5.2,13.4,4.6,,15.9,8.64,,
2022-21.GS.C2.UYT.36.setB.IB-rep1-IITA-TMS-IBA000070_119_plant_1,2022-21.GS.C2.UYT.36.setB.IB-rep1-IITA-TMS-IBA000070_119,IITA-TMS-IBA000070,119,2,1,1,7,1,1,,,2,2,3,2,,,74,140,,,160,21,3,,,,,,,,9,15,5.1,14.3,4.5,13.6,4.2,,26.99,12.69,6.5,
2022-21.GS.C2.UYT.36.setB.IB-rep1-IITA-TMS-IBA000070_119_plant_2,2022-21.GS.C2.UYT.36.setB.IB-rep1-IITA-TMS-IBA000070_119,IITA-TMS-IBA000070,119,2,1,1,7,1,2,,,1,1,3,,,,80,,,,125,11,,,,,,,,,9,17,5.6,13.5,4.4,11.9,4.3,,21.56,8.7,,
2022-21.GS.C2.UYT.36.setB.IB-rep1-IITA-TMS-IBA000070_119_plant_3,2022-21.GS.C2.UYT.36.setB.IB-rep1-IITA-TMS-IBA000070_119,IITA-TMS-IBA000070,119,2,1,1,7,1,3,,,1,2,3,2,,,70,130,,,155,27,4,,,,,,,,9,14.6,5.9,13.2,4.6,11.8,3.7,,23.48,12.92,7.71,
2022-21.GS.C2.UYT.36.setB.IB-rep1-IITA-TMS-IBA000070_119_plant_4,2022-21.GS.C2.UYT.36.setB.IB-rep1-IITA-TMS-IBA000070_119,IITA-TMS-IBA000070,119,2,1,1,7,1,4,,,2,1,2,,,,132,,,,155,8,,,,,,,,,9,16.4,4.9,15.3,4.8,12.7,4.2,,17.1.,12.75,,
2022-21.GS.C2.UYT.36.setB.IB-rep1-IITA-TMS-IBA000070_119_plant_5,2022-21.GS.C2.UYT.36.setB.IB-rep1-IITA-TMS-IBA000070_119,IITA-TMS-IBA000070,119,2,1,1,7,1,5,,,,,,,,,,,,,,,,,,,,,,,,,,,,,,,,,,
2022-21.GS.C2.UYT.36.setB.IB-rep1-IITA-TMS-IBA982101_120_plant_1,2022-21.GS.C2.UYT.36.setB.IB-rep1-IITA-TMS-IBA982101_120,IITA-TMS-IBA982101,120,2,1,1,7,2,1,,,1,1,2,,,,72,,,,135,22,,,,,,,,,7,18.9,4.9,15.7,3.9,14.9,3.9,,17.86,8.57,,
2022-21.GS.C2.UYT.36.setB.IB-rep1-IITA-TMS-IBA982101_120_plant_2,2022-21.GS.C2.UYT.36.setB.IB-rep1-IITA-TMS-IBA982101_120,IITA-TMS-IBA982101,120,2,1,1,7,2,2,,,1,2,3,2,,,75,125,,,140,22,4,,,,,,,,7,16.1,4.6,14.6,3.7,11,2.7,,22.03,10.6,5.17,
2022-21.GS.C2.UYT.36.setB.IB-rep1-IITA-TMS-IBA982101_120_plant_3,2022-21.GS.C2.UYT.36.setB.IB-rep1-IITA-TMS-IBA982101_120,IITA-TMS-IBA982101,120,2,1,1,7,2,3,,,1,2,3,2,,,80,134,,,150,23,5,,,,,,,,7,17,4.5,14.9,3.7,13.6,3.9,,24.39,13.01,5.13,
2022-21.GS.C2.UYT.36.setB.IB-rep1-IITA-TMS-IBA982101_120_plant_4,2022-21.GS.C2.UYT.36.setB.IB-rep1-IITA-TMS-IBA982101_120,IITA-TMS-IBA982101,120,2,1,1,7,2,4,,,2,1,2,,,,55,,,,105,16,,,,,,,,,7,148,4,10.9,2.5,9.9,2.4,,16.11,8.95,,
2022-21.GS.C2.UYT.36.setB.IB-rep1-IITA-TMS-IBA982101_120_plant_5,2022-21.GS.C2.UYT.36.setB.IB-rep1-IITA-TMS-IBA982101_120,IITA-TMS-IBA982101,120,2,1,1,7,2,5,,,2,1,3,,,,60,,,,120,28,,,,,,,,,7,17.3,4.5,15.3,4.9,13.3,3,,19.63,9.95,,
2022-21.GS.C2.UYT.36.setB.IB-rep1-IITA-TMS-IBA30572_121_plant_1,2022-21.GS.C2.UYT.36.setB.IB-rep1-IITA-TMS-IBA30572_121,IITA-TMS-IBA30572,121,2,1,1,7,3,1,,,1,1,2,,,,65,,,,95,9,,,,,,,,,7,14.9,3.9,13.5,3.5,11.6,3.2,,13.83,6.61,,
2022-21.GS.C2.UYT.36.setB.IB-rep1-IITA-TMS-IBA30572_121_plant_2,2022-21.GS.C2.UYT.36.setB.IB-rep1-IITA-TMS-IBA30572_121,IITA-TMS-IBA30572,121,2,1,1,7,3,2,,,1,1,4,,,,80,,,,120,14,,,,,,,,,7,16.5,6.5,9,3.6,11.2,3.2,,19.12,7.78,,
2022-21.GS.C2.UYT.36.setB.IB-rep1-IITA-TMS-IBA30572_121_plant_3,2022-21.GS.C2.UYT.36.setB.IB-rep1-IITA-TMS-IBA30572_121,IITA-TMS-IBA30572,121,2,1,1,7,3,3,,,2,1,3,,,,92,,,,135,12,,,,,,,,,7,15.6,4.9,13.1,3.7,10.8,3.1,,19.55,8.37,,
2022-21.GS.C2.UYT.36.setB.IB-rep1-IITA-TMS-IBA30572_121_plant_4,2022-21.GS.C2.UYT.36.setB.IB-rep1-IITA-TMS-IBA30572_121,IITA-TMS-IBA30572,121,2,1,1,7,3,4,,,,,,,,,,,,,,,,,,,,,,,,,,,,,,,,,,
2022-21.GS.C2.UYT.36.setB.IB-rep1-IITA-TMS-IBA30572_121_plant_5,2022-21.GS.C2.UYT.36.setB.IB-rep1-IITA-TMS-IBA30572_121,IITA-TMS-IBA30572,121,2,1,1,7,3,5,,,,,,,,,,,,,,,,,,,,,,,,,,,,,,,,,,
2022-21.GS.C2.UYT.36.setB.IB-rep1-TMS13F1315P0008_122_plant_1,2022-21.GS.C2.UYT.36.setB.IB-rep1-TMS13F1315P0008_122,TMS13F1315P0008,122,2,,1,8,3,1,,,1,2,3,3,,,55,125,,,165,22,9,,,,,,,,9,18.4,5,17,4.3,13.2,3.6,,25.06,13.73,5.69,
2022-21.GS.C2.UYT.36.setB.IB-rep1-TMS13F1315P0008_122_plant_2,2022-21.GS.C2.UYT.36.setB.IB-rep1-TMS13F1315P0008_122,TMS13F1315P0008,122,2,,1,8,3,2,,,1,2,2,3,,,50,105,,,140,19,3,,,,,,,,9,15.5,4.5,15.5,4.4,12.5,3.6,,21.79,11.32,3.11,
2022-21.GS.C2.UYT.36.setB.IB-rep1-TMS13F1315P0008_122_plant_3,2022-21.GS.C2.UYT.36.setB.IB-rep1-TMS13F1315P0008_122,TMS13F1315P0008,122,2,,1,8,3,3,,,1,3,2,2,3,,50,105,165,,180,19,13,2,,,,,,,8,17.1,4.7,16.5,4.1,15.2,3.9,,25.07,18.05,8.31,5
2022-21.GS.C2.UYT.36.setB.IB-rep1-TMS13F1315P0008_122_plant_4,2022-21.GS.C2.UYT.36.setB.IB-rep1-TMS13F1315P0008_122,TMS13F1315P0008,122,2,,1,8,3,4,,,2,2,2,2,,,60,140,,,150,18,1,,,,,,,,7,14.4,4,13.6,3.9,13.1,3.5,,16.4,7.73,4.36,
2022-21.GS.C2.UYT.36.setB.IB-rep1-TMS13F1315P0008_122_plant_5,2022-21.GS.C2.UYT.36.setB.IB-rep1-TMS13F1315P0008_122,TMS13F1315P0008,122,2,,1,8,3,5,,,1,1,2,,,,90,,,,135,10,,,,,,,,,9,13.7,4.2,12.2,3.9,14.5,4.3,,16.54,8.96,,
2022-21.GS.C2.UYT.36.setB.IB-rep1-TMEB419_123_plant_1,2022-21.GS.C2.UYT.36.setB.IB-rep1-TMEB419_123,TMEB419,123,2,1,1,8,2,1,,,5,0,,,,,,,,,145,,,,,,,,,,7,17.5,4.9,15.8,4.2,14.5,4.2,,14.78,,,
2022-21.GS.C2.UYT.36.setB.IB-rep1-TMEB419_123_plant_2,2022-21.GS.C2.UYT.36.setB.IB-rep1-TMEB419_123,TMEB419,123,2,1,1,8,2,2,,,2,0,,,,,,,,,155,,,,,,,,,,7,20,5.5,16.1,5.4,16.9,4.5,,18.73,,,
2022-21.GS.C2.UYT.36.setB.IB-rep1-TMEB419_123_plant_3,2022-21.GS.C2.UYT.36.setB.IB-rep1-TMEB419_123,TMEB419,123,2,1,1,8,2,3,,,1,0,,,,,,,,,140,,,,,,,,,,7,17.3,5,15.3,4.3,14.6,4,,17.76,,,
2022-21.GS.C2.UYT.36.setB.IB-rep1-TMEB419_123_plant_4,2022-21.GS.C2.UYT.36.setB.IB-rep1-TMEB419_123,TMEB419,123,2,1,1,8,2,4,,,2,0,,,,,,,,,175,,,,,,,,,,7,21,5.6,19,5.4,16.5,4.5,,19.58,,,
2022-21.GS.C2.UYT.36.setB.IB-rep1-TMEB419_123_plant_5,2022-21.GS.C2.UYT.36.setB.IB-rep1-TMEB419_123,TMEB419,123,2,1,1,8,2,5,,,3,0,,,,,,,,,175,,,,,,,,,,7,20.5,5.7,19.6,5.2,16.5,4.5,,20.45,,,
2022-21.GS.C2.UYT.36.setB.IB-rep1-TMS14F1291P0012_124_plant_1,2022-21.GS.C2.UYT.36.setB.IB-rep1-TMS14F1291P0012_124,TMS14F1291P0012,124,2,,1,8,1,1,,,2,1,2,,,,107,,,,120,3,,,,,,,,,9,15.3,3.8,14.4,3.2,12.5,2.1,,15.52,5.63,,
2022-21.GS.C2.UYT.36.setB.IB-rep1-TMS14F1291P0012_124_plant_2,2022-21.GS.C2.UYT.36.setB.IB-rep1-TMS14F1291P0012_124,TMS14F1291P0012,124,2,,1,8,1,2,,,3,2,2,3,,,30,107,,,160,12,13,,,,,,,,9,19,5.5,17.5,13.9,9.5,2.1,,19.23,15.36,5.73,
2022-21.GS.C2.UYT.36.setB.IB-rep1-TMS14F1291P0012_124_plant_3,2022-21.GS.C2.UYT.36.setB.IB-rep1-TMS14F1291P0012_124,TMS14F1291P0012,124,2,,1,8,1,3,,,1,1,3,,,,100,,,,135,11,,,,,,,,,9,17.9,4.5,14.2,2.9,12.2,2.1,,19.54,7.97,,
2022-21.GS.C2.UYT.36.setB.IB-rep1-TMS14F1291P0012_124_plant_4,2022-21.GS.C2.UYT.36.setB.IB-rep1-TMS14F1291P0012_124,TMS14F1291P0012,124,2,,1,8,1,4,,,2,2,2,3,,,35,105,,,135,21,10,,,,,,,,9,18.2,4.5,14,3.3,11,2.5,,21.46,12.58,6.81,
2022-21.GS.C2.UYT.36.setB.IB-rep1-TMS14F1291P0012_124_plant_5,2022-21.GS.C2.UYT.36.setB.IB-rep1-TMS14F1291P0012_124,TMS14F1291P0012,124,2,,1,8,1,5,,,,,,,,,,,,,,,,,,,,,,,,,,,,,,,,,,
2022-21.GS.C2.UYT.36.setB.IB-rep1-TMS14F1196P0003_125_plant_1,2022-21.GS.C2.UYT.36.setB.IB-rep1-TMS14F1196P0003_125,TMS14F1196P0003,125,3,,1,9,1,1,,,2,1,3,,,,105,,,,120,3,,,,,,,,,7,19.3,5.4,17,4.9,13.2,3.9,,17.94,6.36,,
2022-21.GS.C2.UYT.36.setB.IB-rep1-TMS14F1196P0003_125_plant_2,2022-21.GS.C2.UYT.36.setB.IB-rep1-TMS14F1196P0003_125,TMS14F1196P0003,125,3,,1,9,1,2,,,2,1,3,,,,100,,,,150,13,,,,,,,,,7,17.7,5.2,13.8,4.5,10.9,3.5,,17.87,7.42,,
2022-21.GS.C2.UYT.36.setB.IB-rep1-TMS14F1196P0003_125_plant_3,2022-21.GS.C2.UYT.36.setB.IB-rep1-TMS14F1196P0003_125,TMS14F1196P0003,125,3,,1,9,1,3,,,4,1,2,,,,105,,,,130,6,,,,,,,,,7,15,4.5,10.3,3.2,9.9,2.9,,15.11,4.99,,
2022-21.GS.C2.UYT.36.setB.IB-rep1-TMS14F1196P0003_125_plant_4,2022-21.GS.C2.UYT.36.setB.IB-rep1-TMS14F1196P0003_125,TMS14F1196P0003,125,3,,1,9,1,4,,,1,,,,,,,,,,95,,,,,,,,,,9,16,5,14,4,13.1,3.1,,14.11,,,
2022-21.GS.C2.UYT.36.setB.IB-rep1-TMS14F1196P0003_125_plant_5,2022-21.GS.C2.UYT.36.setB.IB-rep1-TMS14F1196P0003_125,TMS14F1196P0003,125,3,,1,9,1,5,,,,,,,,,,,,,,,,,,,,,,,,,,,,,,,,,,
2022-21.GS.C2.UYT.36.setB.IB-rep1-TMS14F1014P0016_126_plant_1,2022-21.GS.C2.UYT.36.setB.IB-rep1-TMS14F1014P0016_126,TMS14F1014P0016,126,3,,1,9,2,1,,,1,2,2,3,,,70,137,,,190,20,11,,,,,,,,7,20,5.5,16,4.5,13.5,4,,21.25,13.48,6.7,
2022-21.GS.C2.UYT.36.setB.IB-rep1-TMS14F1014P0016_126_plant_2,2022-21.GS.C2.UYT.36.setB.IB-rep1-TMS14F1014P0016_126,TMS14F1014P0016,126,3,,1,9,2,2,,,2,2,2,3,,,80,128,,,145,15,1,,,,,,,,7,15.6,4.6,11.11,3.3,11.3,3.4,,14.72,7.03,3.16,
2022-21.GS.C2.UYT.36.setB.IB-rep1-TMS14F1014P0016_126_plant_3,2022-21.GS.C2.UYT.36.setB.IB-rep1-TMS14F1014P0016_126,TMS14F1014P0016,126,3,,1,9,2,3,,,1,2,2,2,,,73,138,,,155,18,3,,,,,,,,7,15.5,4.6,13.5,3.2,11.7,3.3,,17.78,8.26,3.34,
2022-21.GS.C2.UYT.36.setB.IB-rep1-TMS14F1014P0016_126_plant_4,2022-21.GS.C2.UYT.36.setB.IB-rep1-TMS14F1014P0016_126,TMS14F1014P0016,126,3,,1,9,2,4,,,2,2,2,2,,,60,115,,,130,16,1,,,,,,,,7,5.3,4.6,11.5,3.2,10.93,3,,13.7,5.87,3.18,
2022-21.GS.C2.UYT.36.setB.IB-rep1-TMS14F1014P0016_126_plant_5,2022-21.GS.C2.UYT.36.setB.IB-rep1-TMS14F1014P0016_126,TMS14F1014P0016,126,3,,1,9,2,5,,,2,2,2,2,,,75,120,,,135,13,2,,,,,,,,7,14,3.9,10.3,3.1,9,2.7,,13.83,6.41,2.84,
2022-21.GS.C2.UYT.36.setB.IB-rep1-TMS14F1098P0013_127_plant_1,2022-21.GS.C2.UYT.36.setB.IB-rep1-TMS14F1098P0013_127,TMS14F1098P0013,127,3,,1,9,3,1,,,1,1,,,,,,,,,,,,,,,,,,,,,,,,,,,,,,
2022-21.GS.C2.UYT.36.setB.IB-rep1-TMS14F1098P0013_127_plant_2,2022-21.GS.C2.UYT.36.setB.IB-rep1-TMS14F1098P0013_127,TMS14F1098P0013,127,3,,1,9,3,2,,,2,4,3,,,,90,,,,145,17,,,,,,,,,8,22.1,2.7,19,3.5,10.3,3.2,,17.02,5.26,,
2022-21.GS.C2.UYT.36.setB.IB-rep1-TMS14F1098P0013_127_plant_3,2022-21.GS.C2.UYT.36.setB.IB-rep1-TMS14F1098P0013_127,TMS14F1098P0013,127,3,,1,9,3,3,,,2,1,3,,,,95,,,,140,13,,,,,,,,,7,22.7,2.2,21.6,2.5,12.6,2.2,,15.89,5.73,,
2022-21.GS.C2.UYT.36.setB.IB-rep1-TMS14F1098P0013_127_plant_4,2022-21.GS.C2.UYT.36.setB.IB-rep1-TMS14F1098P0013_127,TMS14F1098P0013,127,3,,1,9,3,4,,,3,1,2,,,,87,,,,150,18,,,,,,,,,8,24,3,19.9,3.2,14,2.8,,16.48,6.53,,
2022-21.GS.C2.UYT.36.setB.IB-rep1-TMS14F1098P0013_127_plant_5,2022-21.GS.C2.UYT.36.setB.IB-rep1-TMS14F1098P0013_127,TMS14F1098P0013,127,3,,1,9,3,5,,,1,2,3,3,,,78,145,,,165,21,3,,,,,,,,9,21.1,3,24.5,3.5,15.5,3.4,,22.3,10.41,4.52,
2022-21.GS.C2.UYT.36.setB.IB-rep1-TMS14F1299P0007_128_plant_1,2022-21.GS.C2.UYT.36.setB.IB-rep1-TMS14F1299P0007_128,TMS14F1299P0007,128,3,,1,10,3,1,,,2,0,2,,,,,,,,130,,,,,,,,,,7,16.8,5.5,15,4.6,13,3.7,,16.29,,,
2022-21.GS.C2.UYT.36.setB.IB-rep1-TMS14F1299P0007_128_plant_2,2022-21.GS.C2.UYT.36.setB.IB-rep1-TMS14F1299P0007_128,TMS14F1299P0007,128,3,,1,10,3,2,,,2,1,3,,,,110,,,,125,3,,,,,,,,,7,17.8,5,16,5.6,14,4,,15.8,5.17,,
2022-21.GS.C2.UYT.36.setB.IB-rep1-TMS14F1299P0007_128_plant_3,2022-21.GS.C2.UYT.36.setB.IB-rep1-TMS14F1299P0007_128,TMS14F1299P0007,128,3,,1,10,3,3,,,2,0,,,,,,,,,125,,,,,,,,,,7,12.6,5.3,15.5,4.6,14.2,3.9,,15.18,,,
2022-21.GS.C2.UYT.36.setB.IB-rep1-TMS14F1299P0007_128_plant_4,2022-21.GS.C2.UYT.36.setB.IB-rep1-TMS14F1299P0007_128,TMS14F1299P0007,128,3,,1,10,3,4,,,1,1,2,,,,80,,,,125,17,,,,,,,,,7,20,6.7,14,4.2,13,4.1,,20.16,9.53,,
2022-21.GS.C2.UYT.36.setB.IB-rep1-TMS14F1299P0007_128_plant_5,2022-21.GS.C2.UYT.36.setB.IB-rep1-TMS14F1299P0007_128,TMS14F1299P0007,128,3,,1,10,3,5,,,3,1,3,,,,120,,,,155,8,,,,,,,,,7,20,6.4,14.3,4.4,12.3,4,,17.21,6.6,,
2022-21.GS.C2.UYT.36.setB.IB-rep1-TMS14F1306P0008_129_plant_1,2022-21.GS.C2.UYT.36.setB.IB-rep1-TMS14F1306P0008_129,TMS14F1306P0008,129,3,,1,10,2,1,,,2,1,2,,,,115,,,,175,13,,,,,,,,,9,19.9,5.9,15.5,4.6,16.5,4.9,,19.76,6.7,,
2022-21.GS.C2.UYT.36.setB.IB-rep1-TMS14F1306P0008_129_plant_2,2022-21.GS.C2.UYT.36.setB.IB-rep1-TMS14F1306P0008_129,TMS14F1306P0008,129,3,,1,10,2,2,,,1,1,2,,,,90,,,,170,20,,,,,,,,,8,15,4.5,15,4.2,17,5.5,,18.64,10.9.,,
2022-21.GS.C2.UYT.36.setB.IB-rep1-TMS14F1306P0008_129_plant_3,2022-21.GS.C2.UYT.36.setB.IB-rep1-TMS14F1306P0008_129,TMS14F1306P0008,129,3,,1,10,2,3,,,2,1,3,,,,98,,,,160,14,,,,,,,,,9,21.5,6.4,16.4,4.5,14.1,4.2,,21.31,9.2,,
2022-21.GS.C2.UYT.36.setB.IB-rep1-TMS14F1306P0008_129_plant_4,2022-21.GS.C2.UYT.36.setB.IB-rep1-TMS14F1306P0008_129,TMS14F1306P0008,129,3,,1,10,2,4,,,3,2,2,3,,,100,135,,,150,16,3,,,,,,,,9,15.9,4.9,12.9,4.6,14.5,4.5,,15.86,11.48,6.75,
2022-21.GS.C2.UYT.36.setB.IB-rep1-TMS14F1306P0008_129_plant_5,2022-21.GS.C2.UYT.36.setB.IB-rep1-TMS14F1306P0008_129,TMS14F1306P0008,129,3,,1,10,2,5,,,2,0,,,,,,,,,120,,,,,,,,,,5,14.5,4,13.4,4.5,15.5,4.6,,11.33,,,
2022-21.GS.C2.UYT.36.setB.IB-rep1-TMS13F1049P0001_130_plant_1,2022-21.GS.C2.UYT.36.setB.IB-rep1-TMS13F1049P0001_130,TMS13F1049P0001,130,3,,1,10,1,1,,,1,1,2,,,,,,,,,,,,,,,,,,,,,,,,,,,,,
2022-21.GS.C2.UYT.36.setB.IB-rep1-TMS13F1049P0001_130_plant_2,2022-21.GS.C2.UYT.36.setB.IB-rep1-TMS13F1049P0001_130,TMS13F1049P0001,130,3,,1,10,1,2,,,,,,,,,,,,,,,,,,,,,,,,,,,,,,,,,,
2022-21.GS.C2.UYT.36.setB.IB-rep1-TMS13F1049P0001_130_plant_3,2022-21.GS.C2.UYT.36.setB.IB-rep1-TMS13F1049P0001_130,TMS13F1049P0001,130,3,,1,10,1,3,,,1,1,2,,,,90,,,,125,,,,,,,,,,7,15.5,4.5,14.2,4.5,13.4,4,,14.3,9.12,,
2022-21.GS.C2.UYT.36.setB.IB-rep1-TMS13F1049P0001_130_plant_4,2022-21.GS.C2.UYT.36.setB.IB-rep1-TMS13F1049P0001_130,TMS13F1049P0001,130,3,,1,10,1,4,,,,,,,,,,,,,,,,,,,,,,,,,,,,,,,,,,
2022-21.GS.C2.UYT.36.setB.IB-rep1-TMS13F1049P0001_130_plant_5,2022-21.GS.C2.UYT.36.setB.IB-rep1-TMS13F1049P0001_130,TMS13F1049P0001,130,3,,1,10,1,5,,,,,,,,,,,,,,,,,,,,,,,,,,,,,,,,,,
2022-21.GS.C2.UYT.36.setB.IB-rep1-TMS13F1126P0003_131_plant_1,2022-21.GS.C2.UYT.36.setB.IB-rep1-TMS13F1126P0003_131,TMS13F1126P0003,131,3,,1,11,1,1,,,2,1,3,,,,100,,,,155,12,,,,,,,,,7,21.2,6,19.2,5.9,13.9,4,,22.72,8.06,,
2022-21.GS.C2.UYT.36.setB.IB-rep1-TMS13F1126P0003_131_plant_2,2022-21.GS.C2.UYT.36.setB.IB-rep1-TMS13F1126P0003_131,TMS13F1126P0003,131,3,,1,11,1,2,,,2,,3,,,,100,,,,160,13,,,,,,,,,7,20,5.5,14,4.4,14.7,4.2,,18.74,8.82,,
2022-21.GS.C2.UYT.36.setB.IB-rep1-TMS13F1126P0003_131_plant_3,2022-21.GS.C2.UYT.36.setB.IB-rep1-TMS13F1126P0003_131,TMS13F1126P0003,131,3,,1,11,1,3,,,2,1,3,,,,95,,,,140,11,,,,,,,,,7,18.9,5.5,13.5,3.9,12.1,3.2,,18.02,7.08,,
2022-21.GS.C2.UYT.36.setB.IB-rep1-TMS13F1126P0003_131_plant_4,2022-21.GS.C2.UYT.36.setB.IB-rep1-TMS13F1126P0003_131,TMS13F1126P0003,131,3,,1,11,1,4,,,2,1,3,,,,98,,,,150,12,,,,,,,,,7,19.5,5.2,16.5,4.9,11.4,3.3,,13.8,6.88,,
2022-21.GS.C2.UYT.36.setB.IB-rep1-TMS13F1126P0003_131_plant_5,2022-21.GS.C2.UYT.36.setB.IB-rep1-TMS13F1126P0003_131,TMS13F1126P0003,131,3,,1,11,1,5,,,,,,,,,,,,,,,,,,,,,,,,,,,,,,,,,,
2022-21.GS.C2.UYT.36.setB.IB-rep1-TMS14F1159P0003_132_plant_1,2022-21.GS.C2.UYT.36.setB.IB-rep1-TMS14F1159P0003_132,TMS14F1159P0003,132,3,,1,11,2,1,,,2,2,2,2,,,70,105,,,130,17,3,,,,,,,,7,17.5,5.7,13.7,3.9,14.5,4.7,,17.09,9.27,,
2022-21.GS.C2.UYT.36.setB.IB-rep1-TMS14F1159P0003_132_plant_2,2022-21.GS.C2.UYT.36.setB.IB-rep1-TMS14F1159P0003_132,TMS14F1159P0003,132,3,,1,11,2,2,,,2,1,2,,,,80,,,,120,14,,,,,,,,,7,12.9,4,13,4.1,15,4.5,,18.1,8.37,,
2022-21.GS.C2.UYT.36.setB.IB-rep1-TMS14F1159P0003_132_plant_3,2022-21.GS.C2.UYT.36.setB.IB-rep1-TMS14F1159P0003_132,TMS14F1159P0003,132,3,,1,11,2,3,,,2,2,2,2,,,70,110,,,130,16,2,,,,,,,,7,15.5,5.4,15,4.7,13.3,4.5,,16.05,7.87,,
2022-21.GS.C2.UYT.36.setB.IB-rep1-TMS14F1159P0003_132_plant_4,2022-21.GS.C2.UYT.36.setB.IB-rep1-TMS14F1159P0003_132,TMS14F1159P0003,132,3,,1,11,2,4,,,2,2,2,2,,,50,110,,,130,16,4,,,,,,,,7,16.5,5.5,14,4,135,4.3,,19.26,7.98,,
2022-21.GS.C2.UYT.36.setB.IB-rep1-TMS14F1159P0003_132_plant_5,2022-21.GS.C2.UYT.36.setB.IB-rep1-TMS14F1159P0003_132,TMS14F1159P0003,132,3,,1,11,2,5,,,3,1,2,,,,70,,,,100,7,,,,,,,,,7,15,4.7,12,4,11.5,4,,15.35,6.18,,
2022-21.GS.C2.UYT.36.setB.IB-rep1-TMS14F1019P0015_133_plant_1,2022-21.GS.C2.UYT.36.setB.IB-rep1-TMS14F1019P0015_133,TMS14F1019P0015,133,3,,1,11,3,1,,,1,2,2,2,,,60,100,,,120,13,2,,,,,,,,7,15.5,4.9,13.6,4.8,11.2,4.1,,16.12,7.68,5.1,
2022-21.GS.C2.UYT.36.setB.IB-rep1-TMS14F1019P0015_133_plant_2,2022-21.GS.C2.UYT.36.setB.IB-rep1-TMS14F1019P0015_133,TMS14F1019P0015,133,3,,1,11,3,2,,,3,2,2,2,,,65,113,,,130,13,3,,,,,,,,7,13.4,4.7,11.7,4,10.7,3.6,,13.2,8.9,4.79,
2022-21.GS.C2.UYT.36.setB.IB-rep1-TMS14F1019P0015_133_plant_3,2022-21.GS.C2.UYT.36.setB.IB-rep1-TMS14F1019P0015_133,TMS14F1019P0015,133,3,,1,11,3,3,,,4,1,2,,,,105,,,,150,11,,,,,,,,,7,15.5,5.9,12.5,4.7,10.8,3.5,,16.05,5.95,,
2022-21.GS.C2.UYT.36.setB.IB-rep1-TMS14F1019P0015_133_plant_4,2022-21.GS.C2.UYT.36.setB.IB-rep1-TMS14F1019P0015_133,TMS14F1019P0015,133,3,,1,11,3,4,,,1,2,3,3,,,70,125,,,150,19,4,,,,,,,,7,16,5.2,15.3,5.2,12.3,4.2,,20.19,10.01,1.07,
2022-21.GS.C2.UYT.36.setB.IB-rep1-TMS14F1019P0015_133_plant_5,2022-21.GS.C2.UYT.36.setB.IB-rep1-TMS14F1019P0015_133,TMS14F1019P0015,133,3,,1,11,3,5,,,1,2,2,2,,,68,120,,,145,14,2,,,,,,,,7,13.5,4.4,14.1,4.8,15.2,5,,15.71,8.97,5.56,
2022-21.GS.C2.UYT.36.setB.IB-rep1-TMS14F1295P0012_134_plant_1,2022-21.GS.C2.UYT.36.setB.IB-rep1-TMS14F1295P0012_134,TMS14F1295P0012,134,3,,1,12,3,1,,,1,2,2,3,,,60,115,,,135,18,4,,,,,,,,7,14.2,3.9,15.2,4.2,13.1,3.5,,19.04,10.76,5.5,
2022-21.GS.C2.UYT.36.setB.IB-rep1-TMS14F1295P0012_134_plant_2,2022-21.GS.C2.UYT.36.setB.IB-rep1-TMS14F1295P0012_134,TMS14F1295P0012,134,3,,1,12,3,2,,,2,1,3,,,,80,,,,110,9,,,,,,,,,9,14.9,4.2,13.1,3.7,11.2,3,,14.21,6.43,,
2022-21.GS.C2.UYT.36.setB.IB-rep1-TMS14F1295P0012_134_plant_3,2022-21.GS.C2.UYT.36.setB.IB-rep1-TMS14F1295P0012_134,TMS14F1295P0012,134,3,,1,12,3,3,,,1,2,2,2,,,80,134,,,155,18,0,,,,,,,,9,14.6,4.4,14.6,3.9,13.7,3.2,,18.94,7.93,,
2022-21.GS.C2.UYT.36.setB.IB-rep1-TMS14F1295P0012_134_plant_4,2022-21.GS.C2.UYT.36.setB.IB-rep1-TMS14F1295P0012_134,TMS14F1295P0012,134,3,,1,12,3,4,,,1,2,2,3,,,40,100,,,130,15,8,,,,,,,,7,16,4.5,17,4.9,13.5,3.5,,19.3,4.75,,
2022-21.GS.C2.UYT.36.setB.IB-rep1-TMS14F1295P0012_134_plant_5,2022-21.GS.C2.UYT.36.setB.IB-rep1-TMS14F1295P0012_134,TMS14F1295P0012,134,3,,1,12,3,5,,,1,1,3,,,,105,,,,150,10,,,,,,,,,8,16.2,4.5,15.2,4.2,11.5,3,,17.67,5.95,,
2022-21.GS.C2.UYT.36.setB.IB-rep1-TMS14F1300P0002_135_plant_1,2022-21.GS.C2.UYT.36.setB.IB-rep1-TMS14F1300P0002_135,TMS14F1300P0002,135,3,,1,12,2,1,,,3,1,2,,,,125,,,,150,5,,,,,,,,,7,15,5,15.1,5.3,13.7,4.5,,17.25,7.9,,
2022-21.GS.C2.UYT.36.setB.IB-rep1-TMS14F1300P0002_135_plant_2,2022-21.GS.C2.UYT.36.setB.IB-rep1-TMS14F1300P0002_135,TMS14F1300P0002,135,3,,1,12,2,2,,,,,,,,,,,,,,,,,,,,,,,,,,,,,,,,,,
2022-21.GS.C2.UYT.36.setB.IB-rep1-TMS14F1300P0002_135_plant_3,2022-21.GS.C2.UYT.36.setB.IB-rep1-TMS14F1300P0002_135,TMS14F1300P0002,135,3,,1,12,2,3,,,3,0,,,,,,,,,145,,,,,,,,,,7,15.6,5.1,13,4.4,13.1,4.3,,13.26,,,
2022-21.GS.C2.UYT.36.setB.IB-rep1-TMS14F1300P0002_135_plant_4,2022-21.GS.C2.UYT.36.setB.IB-rep1-TMS14F1300P0002_135,TMS14F1300P0002,135,3,,1,12,2,4,,,1,0,,,,,,,,,120,,,,,,,,,,7,12.6,4.5,13.5,4.6,14,4.6,,12.63,,,
2022-21.GS.C2.UYT.36.setB.IB-rep1-TMS14F1300P0002_135_plant_5,2022-21.GS.C2.UYT.36.setB.IB-rep1-TMS14F1300P0002_135,TMS14F1300P0002,135,3,,1,12,2,5,,,3,1,3,,,,128,,,,145,3,,,,,,,,,7,15.5,5.6,15.6,5.5,14.2,4.9,,16.41,6.45,,
2022-21.GS.C2.UYT.36.setB.IB-rep1-TMS14F1287P0008_136_plant_1,2022-21.GS.C2.UYT.36.setB.IB-rep1-TMS14F1287P0008_136,TMS14F1287P0008,136,3,,1,12,1,1,,,1,1,2,,,,135,,,,190,21,,,,,,,,,9,20.9,5.7,15.1,4.2,15.3,4.5,,21.6,10.87,,
2022-21.GS.C2.UYT.36.setB.IB-rep1-TMS14F1287P0008_136_plant_2,2022-21.GS.C2.UYT.36.setB.IB-rep1-TMS14F1287P0008_136,TMS14F1287P0008,136,3,,1,12,1,2,,,2,1,2,,,,132,,,,155,8,,,,,,,,,9,19,5.5,16.9,4.9,12.5,3.7,,16.49,7.03,,
2022-21.GS.C2.UYT.36.setB.IB-rep1-TMS14F1287P0008_136_plant_3,2022-21.GS.C2.UYT.36.setB.IB-rep1-TMS14F1287P0008_136,TMS14F1287P0008,136,3,,1,12,1,3,,,2,1,2,,,,148,,,,168,6,,,,,,,,,9,19.6,5.5,15.4,5,14.3,4.3,,18.43,7.03,,
2022-21.GS.C2.UYT.36.setB.IB-rep1-TMS14F1287P0008_136_plant_4,2022-21.GS.C2.UYT.36.setB.IB-rep1-TMS14F1287P0008_136,TMS14F1287P0008,136,3,,1,12,1,4,,,2,1,2,,,,134,,,,160,8,,,,,,,,,9,16.5,4.9,14.3,4.2,13.3,3.7,,16.08,7.29,,
2022-21.GS.C2.UYT.36.setB.IB-rep1-TMS14F1287P0008_136_plant_5,2022-21.GS.C2.UYT.36.setB.IB-rep1-TMS14F1287P0008_136,TMS14F1287P0008,136,3,,1,12,1,5,,,2,2,2,2,,,140,198,,,215,21,1,,,,,,,,9,21.9,5.9,16.5,5,15,4.5,,20.77,10.36,5.19,
2022-21.GS.C2.UYT.36.setB.IB-rep2-TMS14F1146P0002_201_plant_1,2022-21.GS.C2.UYT.36.setB.IB-rep2-TMS14F1146P0002_201,TMS14F1146P0002,201,4,,2,13,1,1,,,,,,,,,,,,,,,,,,,,,,,,,,,,,,,,,,
2022-21.GS.C2.UYT.36.setB.IB-rep2-TMS14F1146P0002_201_plant_2,2022-21.GS.C2.UYT.36.setB.IB-rep2-TMS14F1146P0002_201,TMS14F1146P0002,201,4,,2,13,1,2,,,,,,,,,,,,,,,,,,,,,,,,,,,,,,,,,,
2022-21.GS.C2.UYT.36.setB.IB-rep2-TMS14F1146P0002_201_plant_3,2022-21.GS.C2.UYT.36.setB.IB-rep2-TMS14F1146P0002_201,TMS14F1146P0002,201,4,,2,13,1,3,,,,,,,,,,,,,,,,,,,,,,,,,,,,,,,,,,
2022-21.GS.C2.UYT.36.setB.IB-rep2-TMS14F1146P0002_201_plant_4,2022-21.GS.C2.UYT.36.setB.IB-rep2-TMS14F1146P0002_201,TMS14F1146P0002,201,4,,2,13,1,4,,,,,,,,,,,,,,,,,,,,,,,,,,,,,,,,,,
2022-21.GS.C2.UYT.36.setB.IB-rep2-TMS14F1146P0002_201_plant_5,2022-21.GS.C2.UYT.36.setB.IB-rep2-TMS14F1146P0002_201,TMS14F1146P0002,201,4,,2,13,1,5,,,,,,,,,,,,,,,,,,,,,,,,,,,,,,,,,,
2022-21.GS.C2.UYT.36.setB.IB-rep2-TMS13F1315P0008_202_plant_1,2022-21.GS.C2.UYT.36.setB.IB-rep2-TMS13F1315P0008_202,TMS13F1315P0008,202,4,,2,13,2,1,,,,,,,,,,,,,,,,,,,,,,,,,,,,,,,,,,
2022-21.GS.C2.UYT.36.setB.IB-rep2-TMS13F1315P0008_202_plant_2,2022-21.GS.C2.UYT.36.setB.IB-rep2-TMS13F1315P0008_202,TMS13F1315P0008,202,4,,2,13,2,2,,,,,,,,,,,,,,,,,,,,,,,,,,,,,,,,,,
2022-21.GS.C2.UYT.36.setB.IB-rep2-TMS13F1315P0008_202_plant_3,2022-21.GS.C2.UYT.36.setB.IB-rep2-TMS13F1315P0008_202,TMS13F1315P0008,202,4,,2,13,2,3,,,,,,,,,,,,,,,,,,,,,,,,,,,,,,,,,,
2022-21.GS.C2.UYT.36.setB.IB-rep2-TMS13F1315P0008_202_plant_4,2022-21.GS.C2.UYT.36.setB.IB-rep2-TMS13F1315P0008_202,TMS13F1315P0008,202,4,,2,13,2,4,,,,,,,,,,,,,,,,,,,,,,,,,,,,,,,,,,
2022-21.GS.C2.UYT.36.setB.IB-rep2-TMS13F1315P0008_202_plant_5,2022-21.GS.C2.UYT.36.setB.IB-rep2-TMS13F1315P0008_202,TMS13F1315P0008,202,4,,2,13,2,5,,,,,,,,,,,,,,,,,,,,,,,,,,,,,,,,,,
2022-21.GS.C2.UYT.36.setB.IB-rep2-TMS14F1014P0016_203_plant_1,2022-21.GS.C2.UYT.36.setB.IB-rep2-TMS14F1014P0016_203,TMS14F1014P0016,203,4,,2,13,3,1,,,,,,,,,,,,,,,,,,,,,,,,,,,,,,,,,,
2022-21.GS.C2.UYT.36.setB.IB-rep2-TMS14F1014P0016_203_plant_2,2022-21.GS.C2.UYT.36.setB.IB-rep2-TMS14F1014P0016_203,TMS14F1014P0016,203,4,,2,13,3,2,,,,,,,,,,,,,,,,,,,,,,,,,,,,,,,,,,
2022-21.GS.C2.UYT.36.setB.IB-rep2-TMS14F1014P0016_203_plant_3,2022-21.GS.C2.UYT.36.setB.IB-rep2-TMS14F1014P0016_203,TMS14F1014P0016,203,4,,2,13,3,3,,,,,,,,,,,,,,,,,,,,,,,,,,,,,,,,,,
2022-21.GS.C2.UYT.36.setB.IB-rep2-TMS14F1014P0016_203_plant_4,2022-21.GS.C2.UYT.36.setB.IB-rep2-TMS14F1014P0016_203,TMS14F1014P0016,203,4,,2,13,3,4,,,,,,,,,,,,,,,,,,,,,,,,,,,,,,,,,,
2022-21.GS.C2.UYT.36.setB.IB-rep2-TMS14F1014P0016_203_plant_5,2022-21.GS.C2.UYT.36.setB.IB-rep2-TMS14F1014P0016_203,TMS14F1014P0016,203,4,,2,13,3,5,,,,,,,,,,,,,,,,,,,,,,,,,,,,,,,,,,
2022-21.GS.C2.UYT.36.setB.IB-rep2-TMS14F1125P0010_204_plant_1,2022-21.GS.C2.UYT.36.setB.IB-rep2-TMS14F1125P0010_204,TMS14F1125P0010,204,4,,2,14,3,1,,,,,,,,,,,,,,,,,,,,,,,,,,,,,,,,,,
2022-21.GS.C2.UYT.36.setB.IB-rep2-TMS14F1125P0010_204_plant_2,2022-21.GS.C2.UYT.36.setB.IB-rep2-TMS14F1125P0010_204,TMS14F1125P0010,204,4,,2,14,3,2,,,,,,,,,,,,,,,,,,,,,,,,,,,,,,,,,,
2022-21.GS.C2.UYT.36.setB.IB-rep2-TMS14F1125P0010_204_plant_3,2022-21.GS.C2.UYT.36.setB.IB-rep2-TMS14F1125P0010_204,TMS14F1125P0010,204,4,,2,14,3,3,,,,,,,,,,,,,,,,,,,,,,,,,,,,,,,,,,
2022-21.GS.C2.UYT.36.setB.IB-rep2-TMS14F1125P0010_204_plant_4,2022-21.GS.C2.UYT.36.setB.IB-rep2-TMS14F1125P0010_204,TMS14F1125P0010,204,4,,2,14,3,4,,,,,,,,,,,,,,,,,,,,,,,,,,,,,,,,,,
2022-21.GS.C2.UYT.36.setB.IB-rep2-TMS14F1125P0010_204_plant_5,2022-21.GS.C2.UYT.36.setB.IB-rep2-TMS14F1125P0010_204,TMS14F1125P0010,204,4,,2,14,3,5,,,,,,,,,,,,,,,,,,,,,,,,,,,,,,,,,,
2022-21.GS.C2.UYT.36.setB.IB-rep2-TMS14F1291P0012_205_plant_1,2022-21.GS.C2.UYT.36.setB.IB-rep2-TMS14F1291P0012_205,TMS14F1291P0012,205,4,,2,14,2,1,,,,,,,,,,,,,,,,,,,,,,,,,,,,,,,,,,
2022-21.GS.C2.UYT.36.setB.IB-rep2-TMS14F1291P0012_205_plant_2,2022-21.GS.C2.UYT.36.setB.IB-rep2-TMS14F1291P0012_205,TMS14F1291P0012,205,4,,2,14,2,2,,,,,,,,,,,,,,,,,,,,,,,,,,,,,,,,,,
2022-21.GS.C2.UYT.36.setB.IB-rep2-TMS14F1291P0012_205_plant_3,2022-21.GS.C2.UYT.36.setB.IB-rep2-TMS14F1291P0012_205,TMS14F1291P0012,205,4,,2,14,2,3,,,,,,,,,,,,,,,,,,,,,,,,,,,,,,,,,,
2022-21.GS.C2.UYT.36.setB.IB-rep2-TMS14F1291P0012_205_plant_4,2022-21.GS.C2.UYT.36.setB.IB-rep2-TMS14F1291P0012_205,TMS14F1291P0012,205,4,,2,14,2,4,,,,,,,,,,,,,,,,,,,,,,,,,,,,,,,,,,
2022-21.GS.C2.UYT.36.setB.IB-rep2-TMS14F1291P0012_205_plant_5,2022-21.GS.C2.UYT.36.setB.IB-rep2-TMS14F1291P0012_205,TMS14F1291P0012,205,4,,2,14,2,5,,,,,,,,,,,,,,,,,,,,,,,,,,,,,,,,,,
2022-21.GS.C2.UYT.36.setB.IB-rep2-TMS14F1287P0008_206_plant_1,2022-21.GS.C2.UYT.36.setB.IB-rep2-TMS14F1287P0008_206,TMS14F1287P0008,206,4,,2,14,1,1,,,,,,,,,,,,,,,,,,,,,,,,,,,,,,,,,,
2022-21.GS.C2.UYT.36.setB.IB-rep2-TMS14F1287P0008_206_plant_2,2022-21.GS.C2.UYT.36.setB.IB-rep2-TMS14F1287P0008_206,TMS14F1287P0008,206,4,,2,14,1,2,,,,,,,,,,,,,,,,,,,,,,,,,,,,,,,,,,
2022-21.GS.C2.UYT.36.setB.IB-rep2-TMS14F1287P0008_206_plant_3,2022-21.GS.C2.UYT.36.setB.IB-rep2-TMS14F1287P0008_206,TMS14F1287P0008,206,4,,2,14,1,3,,,,,,,,,,,,,,,,,,,,,,,,,,,,,,,,,,
2022-21.GS.C2.UYT.36.setB.IB-rep2-TMS14F1287P0008_206_plant_4,2022-21.GS.C2.UYT.36.setB.IB-rep2-TMS14F1287P0008_206,TMS14F1287P0008,206,4,,2,14,1,4,,,,,,,,,,,,,,,,,,,,,,,,,,,,,,,,,,
2022-21.GS.C2.UYT.36.setB.IB-rep2-TMS14F1287P0008_206_plant_5,2022-21.GS.C2.UYT.36.setB.IB-rep2-TMS14F1287P0008_206,TMS14F1287P0008,206,4,,2,14,1,5,,,,,,,,,,,,,,,,,,,,,,,,,,,,,,,,,,
2022-21.GS.C2.UYT.36.setB.IB-rep2-TMS14F1310P0015_207_plant_1,2022-21.GS.C2.UYT.36.setB.IB-rep2-TMS14F1310P0015_207,TMS14F1310P0015,207,4,,2,15,1,1,,,,,,,,,,,,,,,,,,,,,,,,,,,,,,,,,,
2022-21.GS.C2.UYT.36.setB.IB-rep2-TMS14F1310P0015_207_plant_2,2022-21.GS.C2.UYT.36.setB.IB-rep2-TMS14F1310P0015_207,TMS14F1310P0015,207,4,,2,15,1,2,,,,,,,,,,,,,,,,,,,,,,,,,,,,,,,,,,
2022-21.GS.C2.UYT.36.setB.IB-rep2-TMS14F1310P0015_207_plant_3,2022-21.GS.C2.UYT.36.setB.IB-rep2-TMS14F1310P0015_207,TMS14F1310P0015,207,4,,2,15,1,3,,,,,,,,,,,,,,,,,,,,,,,,,,,,,,,,,,
2022-21.GS.C2.UYT.36.setB.IB-rep2-TMS14F1310P0015_207_plant_4,2022-21.GS.C2.UYT.36.setB.IB-rep2-TMS14F1310P0015_207,TMS14F1310P0015,207,4,,2,15,1,4,,,,,,,,,,,,,,,,,,,,,,,,,,,,,,,,,,
2022-21.GS.C2.UYT.36.setB.IB-rep2-TMS14F1310P0015_207_plant_5,2022-21.GS.C2.UYT.36.setB.IB-rep2-TMS14F1310P0015_207,TMS14F1310P0015,207,4,,2,15,1,5,,,,,,,,,,,,,,,,,,,,,,,,,,,,,,,,,,
2022-21.GS.C2.UYT.36.setB.IB-rep2-TMS14F1301P0004_208_plant_1,2022-21.GS.C2.UYT.36.setB.IB-rep2-TMS14F1301P0004_208,TMS14F1301P0004,208,4,,2,15,2,1,,,,,,,,,,,,,,,,,,,,,,,,,,,,,,,,,,
2022-21.GS.C2.UYT.36.setB.IB-rep2-TMS14F1301P0004_208_plant_2,2022-21.GS.C2.UYT.36.setB.IB-rep2-TMS14F1301P0004_208,TMS14F1301P0004,208,4,,2,15,2,2,,,,,,,,,,,,,,,,,,,,,,,,,,,,,,,,,,
2022-21.GS.C2.UYT.36.setB.IB-rep2-TMS14F1301P0004_208_plant_3,2022-21.GS.C2.UYT.36.setB.IB-rep2-TMS14F1301P0004_208,TMS14F1301P0004,208,4,,2,15,2,3,,,,,,,,,,,,,,,,,,,,,,,,,,,,,,,,,,
2022-21.GS.C2.UYT.36.setB.IB-rep2-TMS14F1301P0004_208_plant_4,2022-21.GS.C2.UYT.36.setB.IB-rep2-TMS14F1301P0004_208,TMS14F1301P0004,208,4,,2,15,2,4,,,,,,,,,,,,,,,,,,,,,,,,,,,,,,,,,,
2022-21.GS.C2.UYT.36.setB.IB-rep2-TMS14F1301P0004_208_plant_5,2022-21.GS.C2.UYT.36.setB.IB-rep2-TMS14F1301P0004_208,TMS14F1301P0004,208,4,,2,15,2,5,,,,,,,,,,,,,,,,,,,,,,,,,,,,,,,,,,
2022-21.GS.C2.UYT.36.setB.IB-rep2-TMS14F1292P0012_209_plant_1,2022-21.GS.C2.UYT.36.setB.IB-rep2-TMS14F1292P0012_209,TMS14F1292P0012,209,4,,2,15,3,1,,,,,,,,,,,,,,,,,,,,,,,,,,,,,,,,,,
2022-21.GS.C2.UYT.36.setB.IB-rep2-TMS14F1292P0012_209_plant_2,2022-21.GS.C2.UYT.36.setB.IB-rep2-TMS14F1292P0012_209,TMS14F1292P0012,209,4,,2,15,3,2,,,,,,,,,,,,,,,,,,,,,,,,,,,,,,,,,,
2022-21.GS.C2.UYT.36.setB.IB-rep2-TMS14F1292P0012_209_plant_3,2022-21.GS.C2.UYT.36.setB.IB-rep2-TMS14F1292P0012_209,TMS14F1292P0012,209,4,,2,15,3,3,,,,,,,,,,,,,,,,,,,,,,,,,,,,,,,,,,
2022-21.GS.C2.UYT.36.setB.IB-rep2-TMS14F1292P0012_209_plant_4,2022-21.GS.C2.UYT.36.setB.IB-rep2-TMS14F1292P0012_209,TMS14F1292P0012,209,4,,2,15,3,4,,,,,,,,,,,,,,,,,,,,,,,,,,,,,,,,,,
2022-21.GS.C2.UYT.36.setB.IB-rep2-TMS14F1292P0012_209_plant_5,2022-21.GS.C2.UYT.36.setB.IB-rep2-TMS14F1292P0012_209,TMS14F1292P0012,209,4,,2,15,3,5,,,,,,,,,,,,,,,,,,,,,,,,,,,,,,,,,,
2022-21.GS.C2.UYT.36.setB.IB-rep2-TMS14F1295P0012_210_plant_1,2022-21.GS.C2.UYT.36.setB.IB-rep2-TMS14F1295P0012_210,TMS14F1295P0012,210,4,,2,16,3,1,,,,,,,,,,,,,,,,,,,,,,,,,,,,,,,,,,
2022-21.GS.C2.UYT.36.setB.IB-rep2-TMS14F1295P0012_210_plant_2,2022-21.GS.C2.UYT.36.setB.IB-rep2-TMS14F1295P0012_210,TMS14F1295P0012,210,4,,2,16,3,2,,,,,,,,,,,,,,,,,,,,,,,,,,,,,,,,,,
2022-21.GS.C2.UYT.36.setB.IB-rep2-TMS14F1295P0012_210_plant_3,2022-21.GS.C2.UYT.36.setB.IB-rep2-TMS14F1295P0012_210,TMS14F1295P0012,210,4,,2,16,3,3,,,,,,,,,,,,,,,,,,,,,,,,,,,,,,,,,,
2022-21.GS.C2.UYT.36.setB.IB-rep2-TMS14F1295P0012_210_plant_4,2022-21.GS.C2.UYT.36.setB.IB-rep2-TMS14F1295P0012_210,TMS14F1295P0012,210,4,,2,16,3,4,,,,,,,,,,,,,,,,,,,,,,,,,,,,,,,,,,
2022-21.GS.C2.UYT.36.setB.IB-rep2-TMS14F1295P0012_210_plant_5,2022-21.GS.C2.UYT.36.setB.IB-rep2-TMS14F1295P0012_210,TMS14F1295P0012,210,4,,2,16,3,5,,,,,,,,,,,,,,,,,,,,,,,,,,,,,,,,,,
2022-21.GS.C2.UYT.36.setB.IB-rep2-TMS14F1098P0013_211_plant_1,2022-21.GS.C2.UYT.36.setB.IB-rep2-TMS14F1098P0013_211,TMS14F1098P0013,211,4,,2,16,2,1,,,,,,,,,,,,,,,,,,,,,,,,,,,,,,,,,,
2022-21.GS.C2.UYT.36.setB.IB-rep2-TMS14F1098P0013_211_plant_2,2022-21.GS.C2.UYT.36.setB.IB-rep2-TMS14F1098P0013_211,TMS14F1098P0013,211,4,,2,16,2,2,,,,,,,,,,,,,,,,,,,,,,,,,,,,,,,,,,
2022-21.GS.C2.UYT.36.setB.IB-rep2-TMS14F1098P0013_211_plant_3,2022-21.GS.C2.UYT.36.setB.IB-rep2-TMS14F1098P0013_211,TMS14F1098P0013,211,4,,2,16,2,3,,,,,,,,,,,,,,,,,,,,,,,,,,,,,,,,,,
2022-21.GS.C2.UYT.36.setB.IB-rep2-TMS14F1098P0013_211_plant_4,2022-21.GS.C2.UYT.36.setB.IB-rep2-TMS14F1098P0013_211,TMS14F1098P0013,211,4,,2,16,2,4,,,,,,,,,,,,,,,,,,,,,,,,,,,,,,,,,,
2022-21.GS.C2.UYT.36.setB.IB-rep2-TMS14F1098P0013_211_plant_5,2022-21.GS.C2.UYT.36.setB.IB-rep2-TMS14F1098P0013_211,TMS14F1098P0013,211,4,,2,16,2,5,,,,,,,,,,,,,,,,,,,,,,,,,,,,,,,,,,
2022-21.GS.C2.UYT.36.setB.IB-rep2-TMS14F1299P0007_212_plant_1,2022-21.GS.C2.UYT.36.setB.IB-rep2-TMS14F1299P0007_212,TMS14F1299P0007,212,4,,2,16,1,1,,,,,,,,,,,,,,,,,,,,,,,,,,,,,,,,,,
2022-21.GS.C2.UYT.36.setB.IB-rep2-TMS14F1299P0007_212_plant_2,2022-21.GS.C2.UYT.36.setB.IB-rep2-TMS14F1299P0007_212,TMS14F1299P0007,212,4,,2,16,1,2,,,,,,,,,,,,,,,,,,,,,,,,,,,,,,,,,,
2022-21.GS.C2.UYT.36.setB.IB-rep2-TMS14F1299P0007_212_plant_3,2022-21.GS.C2.UYT.36.setB.IB-rep2-TMS14F1299P0007_212,TMS14F1299P0007,212,4,,2,16,1,3,,,,,,,,,,,,,,,,,,,,,,,,,,,,,,,,,,
2022-21.GS.C2.UYT.36.setB.IB-rep2-TMS14F1299P0007_212_plant_4,2022-21.GS.C2.UYT.36.setB.IB-rep2-TMS14F1299P0007_212,TMS14F1299P0007,212,4,,2,16,1,4,,,,,,,,,,,,,,,,,,,,,,,,,,,,,,,,,,
2022-21.GS.C2.UYT.36.setB.IB-rep2-TMS14F1299P0007_212_plant_5,2022-21.GS.C2.UYT.36.setB.IB-rep2-TMS14F1299P0007_212,TMS14F1299P0007,212,4,,2,16,1,5,,,,,,,,,,,,,,,,,,,,,,,,,,,,,,,,,,
2022-21.GS.C2.UYT.36.setB.IB-rep2-TMS14F1291P0003_213_plant_1,2022-21.GS.C2.UYT.36.setB.IB-rep2-TMS14F1291P0003_213,TMS14F1291P0003,213,5,,2,17,1,1,,,,,,,,,,,,,,,,,,,,,,,,,,,,,,,,,,
2022-21.GS.C2.UYT.36.setB.IB-rep2-TMS14F1291P0003_213_plant_2,2022-21.GS.C2.UYT.36.setB.IB-rep2-TMS14F1291P0003_213,TMS14F1291P0003,213,5,,2,17,1,2,,,,,,,,,,,,,,,,,,,,,,,,,,,,,,,,,,
2022-21.GS.C2.UYT.36.setB.IB-rep2-TMS14F1291P0003_213_plant_3,2022-21.GS.C2.UYT.36.setB.IB-rep2-TMS14F1291P0003_213,TMS14F1291P0003,213,5,,2,17,1,3,,,,,,,,,,,,,,,,,,,,,,,,,,,,,,,,,,
2022-21.GS.C2.UYT.36.setB.IB-rep2-TMS14F1291P0003_213_plant_4,2022-21.GS.C2.UYT.36.setB.IB-rep2-TMS14F1291P0003_213,TMS14F1291P0003,213,5,,2,17,1,4,,,,,,,,,,,,,,,,,,,,,,,,,,,,,,,,,,
2022-21.GS.C2.UYT.36.setB.IB-rep2-TMS14F1291P0003_213_plant_5,2022-21.GS.C2.UYT.36.setB.IB-rep2-TMS14F1291P0003_213,TMS14F1291P0003,213,5,,2,17,1,5,,,,,,,,,,,,,,,,,,,,,,,,,,,,,,,,,,
2022-21.GS.C2.UYT.36.setB.IB-rep2-TMS14F1196P0003_214_plant_1,2022-21.GS.C2.UYT.36.setB.IB-rep2-TMS14F1196P0003_214,TMS14F1196P0003,214,5,,2,17,2,1,,,,,,,,,,,,,,,,,,,,,,,,,,,,,,,,,,
2022-21.GS.C2.UYT.36.setB.IB-rep2-TMS14F1196P0003_214_plant_2,2022-21.GS.C2.UYT.36.setB.IB-rep2-TMS14F1196P0003_214,TMS14F1196P0003,214,5,,2,17,2,2,,,,,,,,,,,,,,,,,,,,,,,,,,,,,,,,,,
2022-21.GS.C2.UYT.36.setB.IB-rep2-TMS14F1196P0003_214_plant_3,2022-21.GS.C2.UYT.36.setB.IB-rep2-TMS14F1196P0003_214,TMS14F1196P0003,214,5,,2,17,2,3,,,,,,,,,,,,,,,,,,,,,,,,,,,,,,,,,,
2022-21.GS.C2.UYT.36.setB.IB-rep2-TMS14F1196P0003_214_plant_4,2022-21.GS.C2.UYT.36.setB.IB-rep2-TMS14F1196P0003_214,TMS14F1196P0003,214,5,,2,17,2,4,,,,,,,,,,,,,,,,,,,,,,,,,,,,,,,,,,
2022-21.GS.C2.UYT.36.setB.IB-rep2-TMS14F1196P0003_214_plant_5,2022-21.GS.C2.UYT.36.setB.IB-rep2-TMS14F1196P0003_214,TMS14F1196P0003,214,5,,2,17,2,5,,,,,,,,,,,,,,,,,,,,,,,,,,,,,,,,,,
2022-21.GS.C2.UYT.36.setB.IB-rep2-TMS14F1014P0017_215_plant_1,2022-21.GS.C2.UYT.36.setB.IB-rep2-TMS14F1014P0017_215,TMS14F1014P0017,215,5,,2,17,3,1,,,,,,,,,,,,,,,,,,,,,,,,,,,,,,,,,,
2022-21.GS.C2.UYT.36.setB.IB-rep2-TMS14F1014P0017_215_plant_2,2022-21.GS.C2.UYT.36.setB.IB-rep2-TMS14F1014P0017_215,TMS14F1014P0017,215,5,,2,17,3,2,,,,,,,,,,,,,,,,,,,,,,,,,,,,,,,,,,
2022-21.GS.C2.UYT.36.setB.IB-rep2-TMS14F1014P0017_215_plant_3,2022-21.GS.C2.UYT.36.setB.IB-rep2-TMS14F1014P0017_215,TMS14F1014P0017,215,5,,2,17,3,3,,,,,,,,,,,,,,,,,,,,,,,,,,,,,,,,,,
2022-21.GS.C2.UYT.36.setB.IB-rep2-TMS14F1014P0017_215_plant_4,2022-21.GS.C2.UYT.36.setB.IB-rep2-TMS14F1014P0017_215,TMS14F1014P0017,215,5,,2,17,3,4,,,,,,,,,,,,,,,,,,,,,,,,,,,,,,,,,,
2022-21.GS.C2.UYT.36.setB.IB-rep2-TMS14F1014P0017_215_plant_5,2022-21.GS.C2.UYT.36.setB.IB-rep2-TMS14F1014P0017_215,TMS14F1014P0017,215,5,,2,17,3,5,,,,,,,,,,,,,,,,,,,,,,,,,,,,,,,,,,
2022-21.GS.C2.UYT.36.setB.IB-rep2-TMS14F1013P0007_216_plant_1,2022-21.GS.C2.UYT.36.setB.IB-rep2-TMS14F1013P0007_216,TMS14F1013P0007,216,5,,2,18,3,1,,,,,,,,,,,,,,,,,,,,,,,,,,,,,,,,,,
2022-21.GS.C2.UYT.36.setB.IB-rep2-TMS14F1013P0007_216_plant_2,2022-21.GS.C2.UYT.36.setB.IB-rep2-TMS14F1013P0007_216,TMS14F1013P0007,216,5,,2,18,3,2,,,,,,,,,,,,,,,,,,,,,,,,,,,,,,,,,,
2022-21.GS.C2.UYT.36.setB.IB-rep2-TMS14F1013P0007_216_plant_3,2022-21.GS.C2.UYT.36.setB.IB-rep2-TMS14F1013P0007_216,TMS14F1013P0007,216,5,,2,18,3,3,,,,,,,,,,,,,,,,,,,,,,,,,,,,,,,,,,
2022-21.GS.C2.UYT.36.setB.IB-rep2-TMS14F1013P0007_216_plant_4,2022-21.GS.C2.UYT.36.setB.IB-rep2-TMS14F1013P0007_216,TMS14F1013P0007,216,5,,2,18,3,4,,,,,,,,,,,,,,,,,,,,,,,,,,,,,,,,,,
2022-21.GS.C2.UYT.36.setB.IB-rep2-TMS14F1013P0007_216_plant_5,2022-21.GS.C2.UYT.36.setB.IB-rep2-TMS14F1013P0007_216,TMS14F1013P0007,216,5,,2,18,3,5,,,,,,,,,,,,,,,,,,,,,,,,,,,,,,,,,,
2022-21.GS.C2.UYT.36.setB.IB-rep2-TMS14F1285P0006_217_plant_1,2022-21.GS.C2.UYT.36.setB.IB-rep2-TMS14F1285P0006_217,TMS14F1285P0006,217,5,,2,18,2,1,,,,,,,,,,,,,,,,,,,,,,,,,,,,,,,,,,
2022-21.GS.C2.UYT.36.setB.IB-rep2-TMS14F1285P0006_217_plant_2,2022-21.GS.C2.UYT.36.setB.IB-rep2-TMS14F1285P0006_217,TMS14F1285P0006,217,5,,2,18,2,2,,,,,,,,,,,,,,,,,,,,,,,,,,,,,,,,,,
2022-21.GS.C2.UYT.36.setB.IB-rep2-TMS14F1285P0006_217_plant_3,2022-21.GS.C2.UYT.36.setB.IB-rep2-TMS14F1285P0006_217,TMS14F1285P0006,217,5,,2,18,2,3,,,,,,,,,,,,,,,,,,,,,,,,,,,,,,,,,,
2022-21.GS.C2.UYT.36.setB.IB-rep2-TMS14F1285P0006_217_plant_4,2022-21.GS.C2.UYT.36.setB.IB-rep2-TMS14F1285P0006_217,TMS14F1285P0006,217,5,,2,18,2,4,,,,,,,,,,,,,,,,,,,,,,,,,,,,,,,,,,
2022-21.GS.C2.UYT.36.setB.IB-rep2-TMS14F1285P0006_217_plant_5,2022-21.GS.C2.UYT.36.setB.IB-rep2-TMS14F1285P0006_217,TMS14F1285P0006,217,5,,2,18,2,5,,,,,,,,,,,,,,,,,,,,,,,,,,,,,,,,,,
2022-21.GS.C2.UYT.36.setB.IB-rep2-TMS13F1376P0018_218_plant_1,2022-21.GS.C2.UYT.36.setB.IB-rep2-TMS13F1376P0018_218,TMS13F1376P0018,218,5,,2,18,1,1,,,,,,,,,,,,,,,,,,,,,,,,,,,,,,,,,,
2022-21.GS.C2.UYT.36.setB.IB-rep2-TMS13F1376P0018_218_plant_2,2022-21.GS.C2.UYT.36.setB.IB-rep2-TMS13F1376P0018_218,TMS13F1376P0018,218,5,,2,18,1,2,,,,,,,,,,,,,,,,,,,,,,,,,,,,,,,,,,
2022-21.GS.C2.UYT.36.setB.IB-rep2-TMS13F1376P0018_218_plant_3,2022-21.GS.C2.UYT.36.setB.IB-rep2-TMS13F1376P0018_218,TMS13F1376P0018,218,5,,2,18,1,3,,,,,,,,,,,,,,,,,,,,,,,,,,,,,,,,,,
2022-21.GS.C2.UYT.36.setB.IB-rep2-TMS13F1376P0018_218_plant_4,2022-21.GS.C2.UYT.36.setB.IB-rep2-TMS13F1376P0018_218,TMS13F1376P0018,218,5,,2,18,1,4,,,,,,,,,,,,,,,,,,,,,,,,,,,,,,,,,,
2022-21.GS.C2.UYT.36.setB.IB-rep2-TMS13F1376P0018_218_plant_5,2022-21.GS.C2.UYT.36.setB.IB-rep2-TMS13F1376P0018_218,TMS13F1376P0018,218,5,,2,18,1,5,,,,,,,,,,,,,,,,,,,,,,,,,,,,,,,,,,
2022-21.GS.C2.UYT.36.setB.IB-rep2-TMS14F1301P0013_219_plant_1,2022-21.GS.C2.UYT.36.setB.IB-rep2-TMS14F1301P0013_219,TMS14F1301P0013,219,5,,2,19,1,1,,,,,,,,,,,,,,,,,,,,,,,,,,,,,,,,,,
2022-21.GS.C2.UYT.36.setB.IB-rep2-TMS14F1301P0013_219_plant_2,2022-21.GS.C2.UYT.36.setB.IB-rep2-TMS14F1301P0013_219,TMS14F1301P0013,219,5,,2,19,1,2,,,,,,,,,,,,,,,,,,,,,,,,,,,,,,,,,,
2022-21.GS.C2.UYT.36.setB.IB-rep2-TMS14F1301P0013_219_plant_3,2022-21.GS.C2.UYT.36.setB.IB-rep2-TMS14F1301P0013_219,TMS14F1301P0013,219,5,,2,19,1,3,,,,,,,,,,,,,,,,,,,,,,,,,,,,,,,,,,
2022-21.GS.C2.UYT.36.setB.IB-rep2-TMS14F1301P0013_219_plant_4,2022-21.GS.C2.UYT.36.setB.IB-rep2-TMS14F1301P0013_219,TMS14F1301P0013,219,5,,2,19,1,4,,,,,,,,,,,,,,,,,,,,,,,,,,,,,,,,,,
2022-21.GS.C2.UYT.36.setB.IB-rep2-TMS14F1301P0013_219_plant_5,2022-21.GS.C2.UYT.36.setB.IB-rep2-TMS14F1301P0013_219,TMS14F1301P0013,219,5,,2,19,1,5,,,,,,,,,,,,,,,,,,,,,,,,,,,,,,,,,,
2022-21.GS.C2.UYT.36.setB.IB-rep2-TMS14F1195P0004_220_plant_1,2022-21.GS.C2.UYT.36.setB.IB-rep2-TMS14F1195P0004_220,TMS14F1195P0004,220,5,,2,19,2,1,,,,,,,,,,,,,,,,,,,,,,,,,,,,,,,,,,
2022-21.GS.C2.UYT.36.setB.IB-rep2-TMS14F1195P0004_220_plant_2,2022-21.GS.C2.UYT.36.setB.IB-rep2-TMS14F1195P0004_220,TMS14F1195P0004,220,5,,2,19,2,2,,,,,,,,,,,,,,,,,,,,,,,,,,,,,,,,,,
2022-21.GS.C2.UYT.36.setB.IB-rep2-TMS14F1195P0004_220_plant_3,2022-21.GS.C2.UYT.36.setB.IB-rep2-TMS14F1195P0004_220,TMS14F1195P0004,220,5,,2,19,2,3,,,,,,,,,,,,,,,,,,,,,,,,,,,,,,,,,,
2022-21.GS.C2.UYT.36.setB.IB-rep2-TMS14F1195P0004_220_plant_4,2022-21.GS.C2.UYT.36.setB.IB-rep2-TMS14F1195P0004_220,TMS14F1195P0004,220,5,,2,19,2,4,,,,,,,,,,,,,,,,,,,,,,,,,,,,,,,,,,
2022-21.GS.C2.UYT.36.setB.IB-rep2-TMS14F1195P0004_220_plant_5,2022-21.GS.C2.UYT.36.setB.IB-rep2-TMS14F1195P0004_220,TMS14F1195P0004,220,5,,2,19,2,5,,,,,,,,,,,,,,,,,,,,,,,,,,,,,,,,,,
2022-21.GS.C2.UYT.36.setB.IB-rep2-TMS13F1400P0001_221_plant_1,2022-21.GS.C2.UYT.36.setB.IB-rep2-TMS13F1400P0001_221,TMS13F1400P0001,221,5,,2,19,3,1,,,,,,,,,,,,,,,,,,,,,,,,,,,,,,,,,,
2022-21.GS.C2.UYT.36.setB.IB-rep2-TMS13F1400P0001_221_plant_2,2022-21.GS.C2.UYT.36.setB.IB-rep2-TMS13F1400P0001_221,TMS13F1400P0001,221,5,,2,19,3,2,,,,,,,,,,,,,,,,,,,,,,,,,,,,,,,,,,
2022-21.GS.C2.UYT.36.setB.IB-rep2-TMS13F1400P0001_221_plant_3,2022-21.GS.C2.UYT.36.setB.IB-rep2-TMS13F1400P0001_221,TMS13F1400P0001,221,5,,2,19,3,3,,,,,,,,,,,,,,,,,,,,,,,,,,,,,,,,,,
2022-21.GS.C2.UYT.36.setB.IB-rep2-TMS13F1400P0001_221_plant_4,2022-21.GS.C2.UYT.36.setB.IB-rep2-TMS13F1400P0001_221,TMS13F1400P0001,221,5,,2,19,3,4,,,,,,,,,,,,,,,,,,,,,,,,,,,,,,,,,,
2022-21.GS.C2.UYT.36.setB.IB-rep2-TMS13F1400P0001_221_plant_5,2022-21.GS.C2.UYT.36.setB.IB-rep2-TMS13F1400P0001_221,TMS13F1400P0001,221,5,,2,19,3,5,,,,,,,,,,,,,,,,,,,,,,,,,,,,,,,,,,
2022-21.GS.C2.UYT.36.setB.IB-rep2-TMS13F1126P0003_222_plant_1,2022-21.GS.C2.UYT.36.setB.IB-rep2-TMS13F1126P0003_222,TMS13F1126P0003,222,5,,2,20,3,1,,,,,,,,,,,,,,,,,,,,,,,,,,,,,,,,,,
2022-21.GS.C2.UYT.36.setB.IB-rep2-TMS13F1126P0003_222_plant_2,2022-21.GS.C2.UYT.36.setB.IB-rep2-TMS13F1126P0003_222,TMS13F1126P0003,222,5,,2,20,3,2,,,,,,,,,,,,,,,,,,,,,,,,,,,,,,,,,,
2022-21.GS.C2.UYT.36.setB.IB-rep2-TMS13F1126P0003_222_plant_3,2022-21.GS.C2.UYT.36.setB.IB-rep2-TMS13F1126P0003_222,TMS13F1126P0003,222,5,,2,20,3,3,,,,,,,,,,,,,,,,,,,,,,,,,,,,,,,,,,
2022-21.GS.C2.UYT.36.setB.IB-rep2-TMS13F1126P0003_222_plant_4,2022-21.GS.C2.UYT.36.setB.IB-rep2-TMS13F1126P0003_222,TMS13F1126P0003,222,5,,2,20,3,4,,,,,,,,,,,,,,,,,,,,,,,,,,,,,,,,,,
2022-21.GS.C2.UYT.36.setB.IB-rep2-TMS13F1126P0003_222_plant_5,2022-21.GS.C2.UYT.36.setB.IB-rep2-TMS13F1126P0003_222,TMS13F1126P0003,222,5,,2,20,3,5,,,,,,,,,,,,,,,,,,,,,,,,,,,,,,,,,,
2022-21.GS.C2.UYT.36.setB.IB-rep2-TMS14F1288P0008_223_plant_1,2022-21.GS.C2.UYT.36.setB.IB-rep2-TMS14F1288P0008_223,TMS14F1288P0008,223,5,,2,20,2,1,,,,,,,,,,,,,,,,,,,,,,,,,,,,,,,,,,
2022-21.GS.C2.UYT.36.setB.IB-rep2-TMS14F1288P0008_223_plant_2,2022-21.GS.C2.UYT.36.setB.IB-rep2-TMS14F1288P0008_223,TMS14F1288P0008,223,5,,2,20,2,2,,,,,,,,,,,,,,,,,,,,,,,,,,,,,,,,,,
2022-21.GS.C2.UYT.36.setB.IB-rep2-TMS14F1288P0008_223_plant_3,2022-21.GS.C2.UYT.36.setB.IB-rep2-TMS14F1288P0008_223,TMS14F1288P0008,223,5,,2,20,2,3,,,,,,,,,,,,,,,,,,,,,,,,,,,,,,,,,,
2022-21.GS.C2.UYT.36.setB.IB-rep2-TMS14F1288P0008_223_plant_4,2022-21.GS.C2.UYT.36.setB.IB-rep2-TMS14F1288P0008_223,TMS14F1288P0008,223,5,,2,20,2,4,,,,,,,,,,,,,,,,,,,,,,,,,,,,,,,,,,
2022-21.GS.C2.UYT.36.setB.IB-rep2-TMS14F1288P0008_223_plant_5,2022-21.GS.C2.UYT.36.setB.IB-rep2-TMS14F1288P0008_223,TMS14F1288P0008,223,5,,2,20,2,5,,,,,,,,,,,,,,,,,,,,,,,,,,,,,,,,,,
2022-21.GS.C2.UYT.36.setB.IB-rep2-TMS14F1300P0002_224_plant_1,2022-21.GS.C2.UYT.36.setB.IB-rep2-TMS14F1300P0002_224,TMS14F1300P0002,224,5,,2,20,1,1,,,,,,,,,,,,,,,,,,,,,,,,,,,,,,,,,,
2022-21.GS.C2.UYT.36.setB.IB-rep2-TMS14F1300P0002_224_plant_2,2022-21.GS.C2.UYT.36.setB.IB-rep2-TMS14F1300P0002_224,TMS14F1300P0002,224,5,,2,20,1,2,,,,,,,,,,,,,,,,,,,,,,,,,,,,,,,,,,
2022-21.GS.C2.UYT.36.setB.IB-rep2-TMS14F1300P0002_224_plant_3,2022-21.GS.C2.UYT.36.setB.IB-rep2-TMS14F1300P0002_224,TMS14F1300P0002,224,5,,2,20,1,3,,,,,,,,,,,,,,,,,,,,,,,,,,,,,,,,,,
2022-21.GS.C2.UYT.36.setB.IB-rep2-TMS14F1300P0002_224_plant_4,2022-21.GS.C2.UYT.36.setB.IB-rep2-TMS14F1300P0002_224,TMS14F1300P0002,224,5,,2,20,1,4,,,,,,,,,,,,,,,,,,,,,,,,,,,,,,,,,,
2022-21.GS.C2.UYT.36.setB.IB-rep2-TMS14F1300P0002_224_plant_5,2022-21.GS.C2.UYT.36.setB.IB-rep2-TMS14F1300P0002_224,TMS14F1300P0002,224,5,,2,20,1,5,,,,,,,,,,,,,,,,,,,,,,,,,,,,,,,,,,
2022-21.GS.C2.UYT.36.setB.IB-rep2-IITA-TMS-IBA000070_225_plant_1,2022-21.GS.C2.UYT.36.setB.IB-rep2-IITA-TMS-IBA000070_225,IITA-TMS-IBA000070,225,6,1,2,21,1,1,,,,,,,,,,,,,,,,,,,,,,,,,,,,,,,,,,
2022-21.GS.C2.UYT.36.setB.IB-rep2-IITA-TMS-IBA000070_225_plant_2,2022-21.GS.C2.UYT.36.setB.IB-rep2-IITA-TMS-IBA000070_225,IITA-TMS-IBA000070,225,6,1,2,21,1,2,,,,,,,,,,,,,,,,,,,,,,,,,,,,,,,,,,
2022-21.GS.C2.UYT.36.setB.IB-rep2-IITA-TMS-IBA000070_225_plant_3,2022-21.GS.C2.UYT.36.setB.IB-rep2-IITA-TMS-IBA000070_225,IITA-TMS-IBA000070,225,6,1,2,21,1,3,,,,,,,,,,,,,,,,,,,,,,,,,,,,,,,,,,
2022-21.GS.C2.UYT.36.setB.IB-rep2-IITA-TMS-IBA000070_225_plant_4,2022-21.GS.C2.UYT.36.setB.IB-rep2-IITA-TMS-IBA000070_225,IITA-TMS-IBA000070,225,6,1,2,21,1,4,,,,,,,,,,,,,,,,,,,,,,,,,,,,,,,,,,
2022-21.GS.C2.UYT.36.setB.IB-rep2-IITA-TMS-IBA000070_225_plant_5,2022-21.GS.C2.UYT.36.setB.IB-rep2-IITA-TMS-IBA000070_225,IITA-TMS-IBA000070,225,6,1,2,21,1,5,,,,,,,,,,,,,,,,,,,,,,,,,,,,,,,,,,
2022-21.GS.C2.UYT.36.setB.IB-rep2-IITA-TMS-IBA982101_226_plant_1,2022-21.GS.C2.UYT.36.setB.IB-rep2-IITA-TMS-IBA982101_226,IITA-TMS-IBA982101,226,6,1,2,21,2,1,,,,,,,,,,,,,,,,,,,,,,,,,,,,,,,,,,
2022-21.GS.C2.UYT.36.setB.IB-rep2-IITA-TMS-IBA982101_226_plant_2,2022-21.GS.C2.UYT.36.setB.IB-rep2-IITA-TMS-IBA982101_226,IITA-TMS-IBA982101,226,6,1,2,21,2,2,,,,,,,,,,,,,,,,,,,,,,,,,,,,,,,,,,
2022-21.GS.C2.UYT.36.setB.IB-rep2-IITA-TMS-IBA982101_226_plant_3,2022-21.GS.C2.UYT.36.setB.IB-rep2-IITA-TMS-IBA982101_226,IITA-TMS-IBA982101,226,6,1,2,21,2,3,,,,,,,,,,,,,,,,,,,,,,,,,,,,,,,,,,
2022-21.GS.C2.UYT.36.setB.IB-rep2-IITA-TMS-IBA982101_226_plant_4,2022-21.GS.C2.UYT.36.setB.IB-rep2-IITA-TMS-IBA982101_226,IITA-TMS-IBA982101,226,6,1,2,21,2,4,,,,,,,,,,,,,,,,,,,,,,,,,,,,,,,,,,
2022-21.GS.C2.UYT.36.setB.IB-rep2-IITA-TMS-IBA982101_226_plant_5,2022-21.GS.C2.UYT.36.setB.IB-rep2-IITA-TMS-IBA982101_226,IITA-TMS-IBA982101,226,6,1,2,21,2,5,,,,,,,,,,,,,,,,,,,,,,,,,,,,,,,,,,
2022-21.GS.C2.UYT.36.setB.IB-rep2-TMS14F1306P0008_227_plant_1,2022-21.GS.C2.UYT.36.setB.IB-rep2-TMS14F1306P0008_227,TMS14F1306P0008,227,6,,2,21,3,1,,,,,,,,,,,,,,,,,,,,,,,,,,,,,,,,,,
2022-21.GS.C2.UYT.36.setB.IB-rep2-TMS14F1306P0008_227_plant_2,2022-21.GS.C2.UYT.36.setB.IB-rep2-TMS14F1306P0008_227,TMS14F1306P0008,227,6,,2,21,3,2,,,,,,,,,,,,,,,,,,,,,,,,,,,,,,,,,,
2022-21.GS.C2.UYT.36.setB.IB-rep2-TMS14F1306P0008_227_plant_3,2022-21.GS.C2.UYT.36.setB.IB-rep2-TMS14F1306P0008_227,TMS14F1306P0008,227,6,,2,21,3,3,,,,,,,,,,,,,,,,,,,,,,,,,,,,,,,,,,
2022-21.GS.C2.UYT.36.setB.IB-rep2-TMS14F1306P0008_227_plant_4,2022-21.GS.C2.UYT.36.setB.IB-rep2-TMS14F1306P0008_227,TMS14F1306P0008,227,6,,2,21,3,4,,,,,,,,,,,,,,,,,,,,,,,,,,,,,,,,,,
2022-21.GS.C2.UYT.36.setB.IB-rep2-TMS14F1306P0008_227_plant_5,2022-21.GS.C2.UYT.36.setB.IB-rep2-TMS14F1306P0008_227,TMS14F1306P0008,227,6,,2,21,3,5,,,,,,,,,,,,,,,,,,,,,,,,,,,,,,,,,,
2022-21.GS.C2.UYT.36.setB.IB-rep2-TMS13F1049P0001_228_plant_1,2022-21.GS.C2.UYT.36.setB.IB-rep2-TMS13F1049P0001_228,TMS13F1049P0001,228,6,,2,22,3,1,,,,,,,,,,,,,,,,,,,,,,,,,,,,,,,,,,
2022-21.GS.C2.UYT.36.setB.IB-rep2-TMS13F1049P0001_228_plant_2,2022-21.GS.C2.UYT.36.setB.IB-rep2-TMS13F1049P0001_228,TMS13F1049P0001,228,6,,2,22,3,2,,,,,,,,,,,,,,,,,,,,,,,,,,,,,,,,,,
2022-21.GS.C2.UYT.36.setB.IB-rep2-TMS13F1049P0001_228_plant_3,2022-21.GS.C2.UYT.36.setB.IB-rep2-TMS13F1049P0001_228,TMS13F1049P0001,228,6,,2,22,3,3,,,,,,,,,,,,,,,,,,,,,,,,,,,,,,,,,,
2022-21.GS.C2.UYT.36.setB.IB-rep2-TMS13F1049P0001_228_plant_4,2022-21.GS.C2.UYT.36.setB.IB-rep2-TMS13F1049P0001_228,TMS13F1049P0001,228,6,,2,22,3,4,,,,,,,,,,,,,,,,,,,,,,,,,,,,,,,,,,
2022-21.GS.C2.UYT.36.setB.IB-rep2-TMS13F1049P0001_228_plant_5,2022-21.GS.C2.UYT.36.setB.IB-rep2-TMS13F1049P0001_228,TMS13F1049P0001,228,6,,2,22,3,5,,,,,,,,,,,,,,,,,,,,,,,,,,,,,,,,,,
2022-21.GS.C2.UYT.36.setB.IB-rep2-TMS14F1019P0015_229_plant_1,2022-21.GS.C2.UYT.36.setB.IB-rep2-TMS14F1019P0015_229,TMS14F1019P0015,229,6,,2,22,2,1,,,,,,,,,,,,,,,,,,,,,,,,,,,,,,,,,,
2022-21.GS.C2.UYT.36.setB.IB-rep2-TMS14F1019P0015_229_plant_2,2022-21.GS.C2.UYT.36.setB.IB-rep2-TMS14F1019P0015_229,TMS14F1019P0015,229,6,,2,22,2,2,,,,,,,,,,,,,,,,,,,,,,,,,,,,,,,,,,
2022-21.GS.C2.UYT.36.setB.IB-rep2-TMS14F1019P0015_229_plant_3,2022-21.GS.C2.UYT.36.setB.IB-rep2-TMS14F1019P0015_229,TMS14F1019P0015,229,6,,2,22,2,3,,,,,,,,,,,,,,,,,,,,,,,,,,,,,,,,,,
2022-21.GS.C2.UYT.36.setB.IB-rep2-TMS14F1019P0015_229_plant_4,2022-21.GS.C2.UYT.36.setB.IB-rep2-TMS14F1019P0015_229,TMS14F1019P0015,229,6,,2,22,2,4,,,,,,,,,,,,,,,,,,,,,,,,,,,,,,,,,,
2022-21.GS.C2.UYT.36.setB.IB-rep2-TMS14F1019P0015_229_plant_5,2022-21.GS.C2.UYT.36.setB.IB-rep2-TMS14F1019P0015_229,TMS14F1019P0015,229,6,,2,22,2,5,,,,,,,,,,,,,,,,,,,,,,,,,,,,,,,,,,
2022-21.GS.C2.UYT.36.setB.IB-rep2-TMEB419_230_plant_1,2022-21.GS.C2.UYT.36.setB.IB-rep2-TMEB419_230,TMEB419,230,6,1,2,22,1,1,,,,,,,,,,,,,,,,,,,,,,,,,,,,,,,,,,
2022-21.GS.C2.UYT.36.setB.IB-rep2-TMEB419_230_plant_2,2022-21.GS.C2.UYT.36.setB.IB-rep2-TMEB419_230,TMEB419,230,6,1,2,22,1,2,,,,,,,,,,,,,,,,,,,,,,,,,,,,,,,,,,
2022-21.GS.C2.UYT.36.setB.IB-rep2-TMEB419_230_plant_3,2022-21.GS.C2.UYT.36.setB.IB-rep2-TMEB419_230,TMEB419,230,6,1,2,22,1,3,,,,,,,,,,,,,,,,,,,,,,,,,,,,,,,,,,
2022-21.GS.C2.UYT.36.setB.IB-rep2-TMEB419_230_plant_4,2022-21.GS.C2.UYT.36.setB.IB-rep2-TMEB419_230,TMEB419,230,6,1,2,22,1,4,,,,,,,,,,,,,,,,,,,,,,,,,,,,,,,,,,
2022-21.GS.C2.UYT.36.setB.IB-rep2-TMEB419_230_plant_5,2022-21.GS.C2.UYT.36.setB.IB-rep2-TMEB419_230,TMEB419,230,6,1,2,22,1,5,,,,,,,,,,,,,,,,,,,,,,,,,,,,,,,,,,
2022-21.GS.C2.UYT.36.setB.IB-rep2-TMS14F1278P0003_231_plant_1,2022-21.GS.C2.UYT.36.setB.IB-rep2-TMS14F1278P0003_231,TMS14F1278P0003,231,6,,2,23,1,1,,,,,,,,,,,,,,,,,,,,,,,,,,,,,,,,,,
2022-21.GS.C2.UYT.36.setB.IB-rep2-TMS14F1278P0003_231_plant_2,2022-21.GS.C2.UYT.36.setB.IB-rep2-TMS14F1278P0003_231,TMS14F1278P0003,231,6,,2,23,1,2,,,,,,,,,,,,,,,,,,,,,,,,,,,,,,,,,,
2022-21.GS.C2.UYT.36.setB.IB-rep2-TMS14F1278P0003_231_plant_3,2022-21.GS.C2.UYT.36.setB.IB-rep2-TMS14F1278P0003_231,TMS14F1278P0003,231,6,,2,23,1,3,,,,,,,,,,,,,,,,,,,,,,,,,,,,,,,,,,
2022-21.GS.C2.UYT.36.setB.IB-rep2-TMS14F1278P0003_231_plant_4,2022-21.GS.C2.UYT.36.setB.IB-rep2-TMS14F1278P0003_231,TMS14F1278P0003,231,6,,2,23,1,4,,,,,,,,,,,,,,,,,,,,,,,,,,,,,,,,,,
2022-21.GS.C2.UYT.36.setB.IB-rep2-TMS14F1278P0003_231_plant_5,2022-21.GS.C2.UYT.36.setB.IB-rep2-TMS14F1278P0003_231,TMS14F1278P0003,231,6,,2,23,1,5,,,,,,,,,,,,,,,,,,,,,,,,,,,,,,,,,,
2022-21.GS.C2.UYT.36.setB.IB-rep2-IITA-TMS-IBA980581_232_plant_1,2022-21.GS.C2.UYT.36.setB.IB-rep2-IITA-TMS-IBA980581_232,IITA-TMS-IBA980581,232,6,1,2,23,2,1,,,,,,,,,,,,,,,,,,,,,,,,,,,,,,,,,,
2022-21.GS.C2.UYT.36.setB.IB-rep2-IITA-TMS-IBA980581_232_plant_2,2022-21.GS.C2.UYT.36.setB.IB-rep2-IITA-TMS-IBA980581_232,IITA-TMS-IBA980581,232,6,1,2,23,2,2,,,,,,,,,,,,,,,,,,,,,,,,,,,,,,,,,,
2022-21.GS.C2.UYT.36.setB.IB-rep2-IITA-TMS-IBA980581_232_plant_3,2022-21.GS.C2.UYT.36.setB.IB-rep2-IITA-TMS-IBA980581_232,IITA-TMS-IBA980581,232,6,1,2,23,2,3,,,,,,,,,,,,,,,,,,,,,,,,,,,,,,,,,,
2022-21.GS.C2.UYT.36.setB.IB-rep2-IITA-TMS-IBA980581_232_plant_4,2022-21.GS.C2.UYT.36.setB.IB-rep2-IITA-TMS-IBA980581_232,IITA-TMS-IBA980581,232,6,1,2,23,2,4,,,,,,,,,,,,,,,,,,,,,,,,,,,,,,,,,,
2022-21.GS.C2.UYT.36.setB.IB-rep2-IITA-TMS-IBA980581_232_plant_5,2022-21.GS.C2.UYT.36.setB.IB-rep2-IITA-TMS-IBA980581_232,IITA-TMS-IBA980581,232,6,1,2,23,2,5,,,,,,,,,,,,,,,,,,,,,,,,,,,,,,,,,,
2022-21.GS.C2.UYT.36.setB.IB-rep2-TMS14F1159P0003_233_plant_1,2022-21.GS.C2.UYT.36.setB.IB-rep2-TMS14F1159P0003_233,TMS14F1159P0003,233,6,,2,23,3,1,,,,,,,,,,,,,,,,,,,,,,,,,,,,,,,,,,
2022-21.GS.C2.UYT.36.setB.IB-rep2-TMS14F1159P0003_233_plant_2,2022-21.GS.C2.UYT.36.setB.IB-rep2-TMS14F1159P0003_233,TMS14F1159P0003,233,6,,2,23,3,2,,,,,,,,,,,,,,,,,,,,,,,,,,,,,,,,,,
2022-21.GS.C2.UYT.36.setB.IB-rep2-TMS14F1159P0003_233_plant_3,2022-21.GS.C2.UYT.36.setB.IB-rep2-TMS14F1159P0003_233,TMS14F1159P0003,233,6,,2,23,3,3,,,,,,,,,,,,,,,,,,,,,,,,,,,,,,,,,,
2022-21.GS.C2.UYT.36.setB.IB-rep2-TMS14F1159P0003_233_plant_4,2022-21.GS.C2.UYT.36.setB.IB-rep2-TMS14F1159P0003_233,TMS14F1159P0003,233,6,,2,23,3,4,,,,,,,,,,,,,,,,,,,,,,,,,,,,,,,,,,
2022-21.GS.C2.UYT.36.setB.IB-rep2-TMS14F1159P0003_233_plant_5,2022-21.GS.C2.UYT.36.setB.IB-rep2-TMS14F1159P0003_233,TMS14F1159P0003,233,6,,2,23,3,5,,,,,,,,,,,,,,,,,,,,,,,,,,,,,,,,,,
2022-21.GS.C2.UYT.36.setB.IB-rep2-TMS14F1022P0003_234_plant_1,2022-21.GS.C2.UYT.36.setB.IB-rep2-TMS14F1022P0003_234,TMS14F1022P0003,234,6,,2,24,3,1,,,,,,,,,,,,,,,,,,,,,,,,,,,,,,,,,,
2022-21.GS.C2.UYT.36.setB.IB-rep2-TMS14F1022P0003_234_plant_2,2022-21.GS.C2.UYT.36.setB.IB-rep2-TMS14F1022P0003_234,TMS14F1022P0003,234,6,,2,24,3,2,,,,,,,,,,,,,,,,,,,,,,,,,,,,,,,,,,
2022-21.GS.C2.UYT.36.setB.IB-rep2-TMS14F1022P0003_234_plant_3,2022-21.GS.C2.UYT.36.setB.IB-rep2-TMS14F1022P0003_234,TMS14F1022P0003,234,6,,2,24,3,3,,,,,,,,,,,,,,,,,,,,,,,,,,,,,,,,,,
2022-21.GS.C2.UYT.36.setB.IB-rep2-TMS14F1022P0003_234_plant_4,2022-21.GS.C2.UYT.36.setB.IB-rep2-TMS14F1022P0003_234,TMS14F1022P0003,234,6,,2,24,3,4,,,,,,,,,,,,,,,,,,,,,,,,,,,,,,,,,,
2022-21.GS.C2.UYT.36.setB.IB-rep2-TMS14F1022P0003_234_plant_5,2022-21.GS.C2.UYT.36.setB.IB-rep2-TMS14F1022P0003_234,TMS14F1022P0003,234,6,,2,24,3,5,,,,,,,,,,,,,,,,,,,,,,,,,,,,,,,,,,
2022-21.GS.C2.UYT.36.setB.IB-rep2-IITA-TMS-IBA30572_235_plant_1,2022-21.GS.C2.UYT.36.setB.IB-rep2-IITA-TMS-IBA30572_235,IITA-TMS-IBA30572,235,6,1,2,24,2,1,,,,,,,,,,,,,,,,,,,,,,,,,,,,,,,,,,
2022-21.GS.C2.UYT.36.setB.IB-rep2-IITA-TMS-IBA30572_235_plant_2,2022-21.GS.C2.UYT.36.setB.IB-rep2-IITA-TMS-IBA30572_235,IITA-TMS-IBA30572,235,6,1,2,24,2,2,,,,,,,,,,,,,,,,,,,,,,,,,,,,,,,,,,
2022-21.GS.C2.UYT.36.setB.IB-rep2-IITA-TMS-IBA30572_235_plant_3,2022-21.GS.C2.UYT.36.setB.IB-rep2-IITA-TMS-IBA30572_235,IITA-TMS-IBA30572,235,6,1,2,24,2,3,,,,,,,,,,,,,,,,,,,,,,,,,,,,,,,,,,
2022-21.GS.C2.UYT.36.setB.IB-rep2-IITA-TMS-IBA30572_235_plant_4,2022-21.GS.C2.UYT.36.setB.IB-rep2-IITA-TMS-IBA30572_235,IITA-TMS-IBA30572,235,6,1,2,24,2,4,,,,,,,,,,,,,,,,,,,,,,,,,,,,,,,,,,
2022-21.GS.C2.UYT.36.setB.IB-rep2-IITA-TMS-IBA30572_235_plant_5,2022-21.GS.C2.UYT.36.setB.IB-rep2-IITA-TMS-IBA30572_235,IITA-TMS-IBA30572,235,6,1,2,24,2,5,,,,,,,,,,,,,,,,,,,,,,,,,,,,,,,,,,
2022-21.GS.C2.UYT.36.setB.IB-rep2-TMS13F1304P0003_236_plant_1,2022-21.GS.C2.UYT.36.setB.IB-rep2-TMS13F1304P0003_236,TMS13F1304P0003,236,6,,2,24,1,1,,,,,,,,,,,,,,,,,,,,,,,,,,,,,,,,,,
2022-21.GS.C2.UYT.36.setB.IB-rep2-TMS13F1304P0003_236_plant_2,2022-21.GS.C2.UYT.36.setB.IB-rep2-TMS13F1304P0003_236,TMS13F1304P0003,236,6,,2,24,1,2,,,,,,,,,,,,,,,,,,,,,,,,,,,,,,,,,,
2022-21.GS.C2.UYT.36.setB.IB-rep2-TMS13F1304P0003_236_plant_3,2022-21.GS.C2.UYT.36.setB.IB-rep2-TMS13F1304P0003_236,TMS13F1304P0003,236,6,,2,24,1,3,,,,,,,,,,,,,,,,,,,,,,,,,,,,,,,,,,
2022-21.GS.C2.UYT.36.setB.IB-rep2-TMS13F1304P0003_236_plant_4,2022-21.GS.C2.UYT.36.setB.IB-rep2-TMS13F1304P0003_236,TMS13F1304P0003,236,6,,2,24,1,4,,,,,,,,,,,,,,,,,,,,,,,,,,,,,,,,,,
2022-21.GS.C2.UYT.36.setB.IB-rep2-TMS13F1304P0003_236_plant_5,2022-21.GS.C2.UYT.36.setB.IB-rep2-TMS13F1304P0003_236,TMS13F1304P0003,236,6,,2,24,1,5,,,,,,,,,,,,,,,,,,,,,,,,,,,,,,,,,,