"YEAR","DOY","TMIN","TMAX","RAIN","RHUM","SRAD","PAR"
2017,1,12.2,27.73,0,41.31,19.99,39.6366912
2017,2,12.04,28.82,0,42.75,20.79,41.4847872
2017,3,12.41,27.72,0,42.88,17.45,33.822144
2017,4,12.58,28.42,0,41.88,19.96,38.8457856
2017,5,12.32,29.12,0,40.25,15.8,30.3763392
2017,6,13.32,29.94,0,39.31,20.19,40.4037504
2017,7,14.19,29.51,0,36.19,16.74,33.4406016
2017,8,13.84,29.07,0,34,20.97,41.6040192
2017,9,12.54,29.28,0,33.25,21.09,41.5603008
2017,10,11.87,29.51,0,32.94,20.83,40.9243968
2017,11,14.31,29.9,0,49.81,19.01,36.8267904
2017,12,18.24,31.25,0,55.38,19.57,38.1621888
2017,13,16.92,30.93,0,41.25,18.79,37.081152
2017,14,15.37,28.6,0,33,21.48,42.7923648
2017,15,14.99,28.74,0,36.88,20.63,40.7018304
2017,16,13.39,31.59,0,35.94,21.73,43.0109568
2017,17,15.4,32.79,0,40,19.46,37.6216704
2017,18,15.75,32.85,0,39.94,20.67,40.399776
2017,19,17.02,33.23,0,40,21.39,41.0197824
2017,20,15.98,33.28,0,33.69,19.79,38.6152704
2017,21,15.65,33.72,0,34.12,21.58,42.1763328
2017,22,20.49,33.87,0,39.5,20.91,40.4116992
2017,23,20.19,34.13,0,37.44,20.22,38.6589888
2017,24,18.66,29.9,0,47.5,19.98,38.2297536
2017,25,17.4,33.96,0,41.19,21.55,42.0253056
2017,26,16.1,33.47,0,34.94,22.52,43.4839104
2017,27,16.4,33.75,0,30.19,21.09,40.8687552
2017,28,15.95,31.87,0,31.62,18.96,35.3363904
2017,29,16.88,32.08,0,35.62,19.93,37.876032
2017,30,15.51,31.59,0,36.25,22.21,43.5037824
2017,31,14.85,30.6,0,32.75,23.05,45.0379008
2017,32,13.9,32.37,0,28.06,18.84,36.7194816
2017,33,17.15,32.17,0,30.88,16.38,30.662496
2017,34,16.29,33.62,0,30.38,17.41,32.6735424
2017,35,15.19,32.35,0,27.44,19.76,36.504864
2017,36,14.62,31.87,0,23.12,23.03,44.5053312
2017,37,14.26,30.82,0,21.06,19.61,36.6558912
2017,38,15.16,31.08,0,21.88,18.85,35.491392
2017,39,14.7,32.1,0,21.88,24.34,47.0330496
2017,40,14.65,32.49,0,22.81,21.64,42.0173568
2017,41,14.54,33.14,0,23.06,21.9,43.02288
2017,42,14.53,33.33,0,23.75,23.9,47.1324096
2017,43,16.12,33.62,0,21.12,21.76,42.4624896
2017,44,16.14,32.27,0,18.56,20.72,39.8711808
2017,45,14.74,31.55,0,17.12,19.13,36.2743488
2017,46,14.64,29.94,0,19.75,20.76,39.9307968
2017,47,15.13,27.98,0,20.62,20.47,39.3942528
2017,48,13.9,28.11,0,19.81,19.51,36.7552512
2017,49,12.82,27.62,0,19.56,19.69,36.2306304
2017,50,13.58,28.32,0,18.94,23.61,44.7795648
2017,51,13.56,31.61,0,19.19,22.57,44.0919936
2017,52,14.79,32.44,0,21.75,20.51,39.8791296
2017,53,15.86,33.12,0,20,21.17,41.3059392
2017,54,16.15,33.94,0,19.56,21.26,41.5444032
2017,55,16.2,33.65,0,19.56,21.92,41.770944
2017,56,15.07,34.03,0,20.94,23.11,43.3646784
2017,57,14.53,34.57,0,20.06,24.83,46.99728
2017,58,14.23,35.21,0,18.75,26.8,50.8206528
2017,59,14.29,36.11,0,16.5,26.93,51.448608
2017,60,15.52,36.77,0,17.69,25.91,50.037696
2017,61,16.79,36.26,0,24.5,24.67,47.951136
2017,62,17.93,35.83,0,24.19,23.71,46.2659904
2017,63,17.7,36.69,0,25.75,23.71,46.719072
2017,64,19.08,36.16,0,36.38,26.07,50.753088
2017,65,22.1,36.77,0,30.81,25.49,48.9010176
2017,66,18.69,35.58,0,19.12,22.7,43.5316032
2017,67,17.51,35.58,0,22.88,21.06,39.763872
2017,68,18.55,34.14,0,22,24.6,47.7404928
2017,69,16.45,34.45,0,20.38,24.66,48.547296
2017,70,15.55,33.6,0,18.88,24.53,47.3708736
2017,71,14.63,34.2,0,21.44,23.31,44.5768704
2017,72,19.33,34.02,0,27.5,22.02,43.9210944
2017,73,18.9,33.87,0,20.25,23.48,47.2993344
2017,74,18.23,35.54,0,16.75,26.87,52.084512
2017,75,15.09,35.08,0,12.5,28.13,54.171072
2017,76,14.66,37.2,0,17.88,27.11,51.8142528
2017,77,17.94,38.02,0,21.5,25.41,50.37552
2017,78,18,38.07,0,16.25,21.78,41.9736384
2017,79,20.16,37.12,0,19.62,20.94,40.8647808
2017,80,20.44,39.1,0,21.81,22.31,43.2971136
2017,81,21.76,36.61,0,48.44,23.72,48.3962688
2017,82,22.92,34.62,0,55.12,23.1,47.1999744
2017,83,23.01,37.27,0,43.94,19.28,39.4101504
2017,84,21.53,38.57,0,29.62,24.77,48.8374272
2017,85,21.89,38.88,0,21,25.22,50.4868032
2017,86,19.9,37.63,0,16.62,23.9,46.0354752
2017,87,18.54,36.19,0,16.19,21.91,41.7828672
2017,88,18.79,37.17,0,19.5,26.96,52.2355392
2017,89,18.1,38.26,0,20.62,24.49,47.6292096
2017,90,20.54,37.47,0,29.62,27.01,53.296704
2017,91,20.01,34.77,0,20.56,23.4,45.685728
2017,92,20.62,35.5,0,24,17.41,33.404832
2017,93,22.27,36.01,0,23.81,20.17,39.4816896
2017,94,20.72,37.92,0,21.31,24.66,49.143456
2017,95,21.61,37.58,0,44.38,23.42,47.8358784
2017,96,22.36,37.76,0.01,40,23.4,48.0266496
2017,97,22.13,36.65,0.01,49.44,21.2,43.8018624
2017,98,22.15,38.46,0,39.5,23.88,48.8215296
2017,99,23.51,36.25,0.01,48.62,21.53,43.1063424
2017,100,23.95,37.37,0.39,47.38,23.66,48.8374272
2017,101,22.86,37.36,0.03,49.5,20.62,42.3830016
2017,102,24.5,35.19,1.9,56.69,22.5,46.4527872
2017,103,23.42,32.15,2.25,65.81,21.83,45.0220032
2017,104,22.82,32.65,0.61,60.19,20.35,41.9259456
2017,105,21.65,34.08,0,26.62,18.24,37.081152
2017,106,20.87,35.74,0,26.75,23.81,47.6093376
2017,107,20.5,36.67,0,29.44,21.23,40.578624
2017,108,20.58,36.79,0,29.19,24.63,48.7976832
2017,109,22.96,37.26,0,35.5,25.12,50.5305216
2017,110,22.04,38.75,0,30.56,24.73,49.1951232
2017,111,21.51,36.52,0.38,43.69,22.52,44.6643072
2017,112,22.98,36.73,0.2,46.25,23.86,48.110112
2017,113,22.83,38.38,0.02,39.94,24.05,48.5830656
2017,114,22.4,37.58,0.02,39.94,20.8,41.9776128
2017,115,22.71,38.77,0.01,40.81,21.06,42.4823616
2017,116,24.04,39.25,0.12,44.06,22.99,46.9456128
2017,117,24.61,33.37,11.8,64.38,22.88,47.8001088
2017,118,23.01,35.27,1.93,65.75,24.03,49.97808
2017,119,23,36.99,0.35,58.25,23.64,48.4240896
2017,120,22.97,37.2,0.06,58.31,22.57,46.281888
2017,121,23.33,37.45,0.09,54.75,21.04,43.1858304
2017,122,24.16,35.23,1.55,61.38,23.57,49.0123008
2017,123,23.62,33.41,9.43,68.12,21.18,43.936992
2017,124,22.08,33.77,14.37,71.62,18.63,38.631168
2017,125,21.85,36.69,0.1,61,24.32,51.0392448
2017,126,23.24,33.56,1.16,67.06,23.61,49.5289728
2017,127,23.21,31.01,0.31,70.12,17.81,37.3911552
2017,128,23.19,35.37,7.28,66.19,23.39,49.3064064
2017,129,22.31,29.25,10.87,81.31,20.96,43.9131456
2017,130,20.82,35.83,0.04,63.31,24.92,51.8301504
2017,131,22.11,32.16,3.61,70.06,22.34,46.50048
2017,132,23.19,32.83,1.69,67.62,19.18,40.2169536
2017,133,22.65,36.4,0,59.94,21.92,44.4019968
2017,134,22.94,33.58,0.72,68.44,23.59,49.3779456
2017,135,23.16,28.91,29.41,81.94,22.2,46.3852224
2017,136,22.25,29.19,5.38,79.38,17.44,36.7393536
2017,137,20.81,31.41,0.82,73.56,23.17,48.6824256
2017,138,21.82,30.18,11.64,77,23.26,49.0480704
2017,139,21.12,29.05,2.2,77.81,21.76,46.2143232
2017,140,22.12,33.62,0.56,66,19.44,40.797216
2017,141,22.05,34.58,0.08,66.69,20.88,42.7724928
2017,142,23.01,31.43,1.68,75.12,21.42,44.2708416
2017,143,22.42,34.35,0.33,69.44,20.68,42.6333888
2017,144,22.75,31.94,1.18,73.81,24.23,50.2483392
2017,145,22.86,27.78,24.98,81.69,16.66,35.7616512
2017,146,21.74,28.4,6.23,81.75,20.85,44.6086656
2017,147,22.03,30.83,4.27,75.38,22.84,49.103712
2017,148,20.72,33.75,0.16,69.94,25.55,53.8173504
2017,149,21.84,33.6,1.64,72,25.13,52.4461824
2017,150,22.9,29.19,8.94,83,21.42,44.91072
2017,151,22.23,26.71,23.27,87.44,12.69,27.1093824
2017,152,21.4,31.8,0.2,72.38,23.77,49.8707712
2017,153,21.15,32.6,1.86,73.88,21.84,46.0116288
2017,154,22.73,29.53,14.98,82.88,23.39,49.1553792
2017,155,22.79,26.89,10.49,87.25,15.75,33.8300928
2017,156,22.07,30.13,14.26,80.62,21.48,45.8327808
2017,157,22,30.69,4.15,79.44,23.57,49.5885888
2017,158,22.52,30.12,9.15,75.88,6.97,15.619392
2017,159,22.5,31.91,2.7,70.94,21.87,46.5680448
2017,160,22.07,34.42,0.2,69.62,22.62,47.5616448
2017,161,22.81,31.16,1.88,79.12,22.1,46.2977856
2017,162,22.8,28.43,9.23,85.75,17.48,36.385632
2017,163,22.09,29.46,3.66,83.06,18.2,37.8641088
2017,164,21.73,26.25,21.36,88.31,6.19,13.8269376
2017,165,21.46,28.55,9.7,84.19,21.08,44.8749504
2017,166,20.49,31.35,3.37,76,23.42,49.5488448
2017,167,21.05,31.64,5.82,76.94,19.09,39.3386112
2017,168,21.3,25.87,8.22,88.12,12.36,26.4178368
2017,169,20.47,29.94,1.79,79.5,20.69,43.8137856
2017,170,20.88,28.89,23.19,80.31,17.98,38.4761664
2017,171,21.26,28.97,3.61,80.94,22.76,48.408192
2017,172,19.98,30.18,2.87,75.38,20.03,42.2955648
2017,173,21.9,29.87,2.27,75.75,17.62,36.9698688
2017,174,21.83,30.3,4.1,79.5,21.83,45.963936
2017,175,21.93,28.51,5.81,81.56,20.22,43.2573696
2017,176,21.23,28.65,6.37,78.69,18.2,38.4841152
2017,177,21.45,31.07,3.71,73.25,23.96,50.5305216
2017,178,21.6,28.73,21.94,84.88,22.95,48.8096064
2017,179,21.23,25.7,27.64,90.56,22.32,47.4185664
2017,180,20.53,28.22,9.45,83.88,20.6,44.0681472
2017,181,20.17,29.33,7.33,79.88,20.29,42.9950592
2017,182,20.76,29.76,7.18,81.31,13.1,27.9122112
2017,183,21.31,27.55,6.59,86.88,17.9,37.9197504
2017,184,21.28,26,5.76,89.06,18.94,39.9943872
2017,185,20.8,28.36,20.02,85.62,24.08,50.9279616
2017,186,20.44,27.66,11.58,87.19,18.22,38.3489856
2017,187,20.99,25.85,27.41,90.06,16.19,34.6527936
2017,188,19.9,28.35,2.52,83.56,20.92,43.5037824
2017,189,21.08,27.25,11.81,87.31,19.54,41.6596608
2017,190,20.91,25.16,20.57,91.25,17.75,37.9118016
2017,191,20.05,24.98,2.54,88.56,13.19,28.4527296
2017,192,19.7,27.63,1.58,84.56,18.88,40.1334912
2017,193,19.82,28.31,1.35,81.5,23.11,49.2666624
2017,194,20.9,29.18,7.37,83.12,17.43,37.5739776
2017,195,21.04,27.6,5.99,86.81,17.23,37.1646144
2017,196,20.06,28.67,9.2,80.88,22.29,47.414592
2017,197,21.19,28.9,8.47,83.12,19.32,41.353632
2017,198,20.57,27.69,12.5,86.81,22.1,47.3629248
2017,199,21.12,27.85,29.7,86.25,17.83,37.6932096
2017,200,20.6,26.38,8.48,84.69,25.45,54.667872
2017,201,19.68,28.69,1.74,82.5,22.2,47.315232
2017,202,20.74,29.27,4.79,83,19.86,42.3233856
2017,203,21.78,27.19,28.87,83.88,20.02,42.8758272
2017,204,20.08,25.44,23.37,90.19,21.57,46.1149632
2017,205,19.69,28.08,3.74,85.56,21.29,45.8089344
2017,206,20.98,26.62,17.18,89.75,18.36,39.4816896
2017,207,20.69,27.35,3.93,85.5,21.05,45.328032
2017,208,19.94,29.43,3.47,81.12,17.11,37.0533312
2017,209,21.98,29.26,10.11,80.62,24.33,52.5574656
2017,210,21.05,28.25,5.35,84.19,15.51,33.643296
2017,211,21.01,28.51,6.54,81.62,23.33,50.3675712
2017,212,21.68,27.76,5.82,85.56,18.95,40.360032
2017,213,21.23,26.64,15.47,87.06,21.53,45.824832
2017,214,20.23,28.37,3.42,84.88,22.77,48.706272
2017,215,20.39,28.48,11.91,86.12,19.5,41.949792
2017,216,21.19,24.77,37.94,94.25,11.42,25.2811584
2017,217,20.53,27.19,8.09,86.94,16.84,36.5962752
2017,218,20.01,27.53,2.49,87.75,20.44,43.9648128
2017,219,21.24,24.68,46.08,92.62,11.87,26.4257856
2017,220,20.67,25.13,3.35,90.75,19.45,42.2637696
2017,221,20.3,26.94,10.27,87.69,11.06,24.5299968
2017,222,20.14,28,3.96,83.31,22.05,47.335104
2017,223,20.23,27.67,9.58,85.19,22.21,47.7285696
2017,224,21.11,27.98,6.85,85.5,14.07,30.8532672
2017,225,20.52,27.97,8.67,83.5,19.16,41.214528
2017,226,21.73,28.1,3.16,83.38,19.3,41.5642752
2017,227,20.78,27.27,1.5,85.94,21.38,45.3717504
2017,228,21.37,26.01,3.23,92.06,13.23,28.4646528
2017,229,20.63,25.79,2.52,89.81,12.5,27.3518208
2017,230,19.7,26.98,3.99,87.94,16.1,34.8594624
2017,231,19.77,28.09,1.34,85.19,21.24,44.5013568
2017,232,20.4,29.73,1.96,77.69,22.7,48.1260096
2017,233,21.56,26.64,16.74,89.06,16.23,35.1257472
2017,234,20.56,25.42,22.13,90.62,12.35,27.2206656
2017,235,19.65,27.45,1.62,87.69,17.41,38.0230848
2017,236,20.87,28.95,3.63,81.19,25.62,54.9619776
2017,237,21.01,28.56,9.23,86.38,20.15,43.4362176
2017,238,21.31,26.19,9.69,91.19,20.44,43.7660928
2017,239,20.53,27.36,10.61,82.44,14.36,31.3540416
2017,240,19.23,27.68,11.3,87.56,21.69,46.5084288
2017,241,21.07,27.09,6.45,90.06,20.17,43.6269888
2017,242,20.7,25.44,9.82,91.88,8.93,19.8998208
2017,243,20.01,26.62,11.95,87.81,17.03,37.4229504
2017,244,19.67,27.89,1.94,84.06,21.19,45.526752
2017,245,19.44,29.12,3.63,83.5,22.5,47.633184
2017,246,21.12,25.08,8.87,93.31,17.71,38.2536
2017,247,19.73,28.09,5.43,84.5,14.57,31.3500672
2017,248,20.03,28.19,0.54,77.19,23.53,50.0059008
2017,249,19.96,28.55,2.61,81.81,20.99,45.3717504
2017,250,20.11,27.99,3.49,87,23.14,49.6680768
2017,251,20.83,26.17,13.96,86.31,15.66,34.6408704
2017,252,20.2,29.98,0.52,77.19,25.4,54.3817152
2017,253,21.08,30.06,3.17,76.31,23.25,50.2920576
2017,254,20.64,29.52,13.66,82.94,20.54,44.1635328
2017,255,21.23,27.68,10.14,88.62,25.69,54.6599232
2017,256,21.18,25.86,0.71,91.81,22.88,48.5910144
2017,257,20.43,28.82,0.74,83.5,21.72,45.4194432
2017,258,20.76,26.86,9.8,89.88,21.07,45.2723904
2017,259,20.51,26.73,5.58,89.38,13.73,29.7801792
2017,260,19.52,28.98,0.51,82.5,20.96,44.394048
2017,261,20.52,28.48,1.26,85.5,18.21,39.366432
2017,262,20.73,28.32,5.98,83.19,19.93,42.8321088
2017,263,21.6,28.91,5.27,84.06,21.54,46.1507328
2017,264,20.8,28.2,1.87,83.94,18.29,39.406176
2017,265,19.27,29.02,2.76,83.38,21.73,46.3653504
2017,266,20.69,27.94,9.49,83.25,23.29,49.7038464
2017,267,21.6,28.93,3.87,80.81,22.49,47.613312
2017,268,20.75,29.22,3.47,81.44,24.22,51.1624512
2017,269,20.93,28.9,3.42,84.12,21.05,44.4576384
2017,270,21.16,29.93,6.25,81.62,24.31,51.051168
2017,271,21.19,29.19,2.93,79.62,18.04,38.3847552
2017,272,20.02,29.39,1.71,84.69,22.11,46.3136832
2017,273,19.93,29.97,2.87,81.44,18.77,39.6009216
2017,274,19.51,30.33,0.98,77.5,24.34,51.4963008
2017,275,20.44,30.17,3.95,80.06,24.54,51.4605312
2017,276,20.02,30.67,0.16,80.5,24.33,49.9621824
2017,277,21.44,29.33,0.72,83.25,18.39,39.1239936
2017,278,21.76,28.98,4.47,82.38,16.39,34.9627968
2017,279,20.89,29.69,3.96,81.62,23.39,48.666528
2017,280,21.15,30.62,0.84,80.5,23.07,48.308832
2017,281,20.85,29.58,3.99,83.19,19.54,41.3894016
2017,282,21.25,30.08,1.34,80.19,23.79,50.3715456
2017,283,19.41,31.03,0.3,76.62,24.39,50.5821888
2017,284,19.68,29.52,0.87,79.12,21.7,44.3781504
2017,285,19.87,30.3,0.99,77.75,20.47,42.6373632
2017,286,17.99,30.11,0,67.31,23.99,47.9352384
2017,287,17.33,30.14,0.03,66.69,23.61,47.3430528
2017,288,15.63,29.82,0,59.75,22.39,44.6285376
2017,289,16.87,30.16,0,59.44,18.16,36.047808
2017,290,16.48,30.49,0,61.06,23.06,46.1944512
2017,291,16.69,29.47,0,59.38,20.92,41.6397888
2017,292,17.65,29.9,0,55.25,22.09,43.8257088
2017,293,16.19,29.98,0,57.94,23.76,47.2039488
2017,294,15.95,31.1,0,55.12,24.59,49.1474304
2017,295,15.96,31.26,0,54.44,24.33,49.0202496
2017,296,16.78,31.22,0,49.94,18.52,38.3171904
2017,297,15.97,31.23,0,48.69,23.12,46.719072
2017,298,15.81,31.03,0,55.06,25,49.8151296
2017,299,16.04,30.92,0,54.94,21.79,43.4242944
2017,300,15.65,29.78,0,51.31,21.44,42.307488
2017,301,14.73,29.75,0,53.5,18.04,34.97472
2017,302,18.25,27.9,0,62.31,16.71,32.6934144
2017,303,17.01,29.87,0,54.69,22.36,44.6682816
2017,304,15.08,30.83,0,54.19,22.92,46.122912
2017,305,15.9,31.44,0,51,22.88,46.3097088
2017,306,16.26,31.22,0,49.56,22.34,45.228672
2017,307,15.66,30.78,0,54,21.61,43.003008
2017,308,16.4,30.29,0,52.88,17.59,34.2156096
2017,309,16.14,29.76,0,56.75,19.33,37.4626944
2017,310,14.12,29.63,0,49.31,22,42.9712128
2017,311,12.86,29.66,0,49.94,22.19,43.0705728
2017,312,13.05,30.1,0,50.06,23.55,46.1666304
2017,313,13.53,29.89,0,47.88,23.18,45.864576
2017,314,13.19,29.96,0,47.88,22.23,43.539552
2017,315,13.59,28.37,0,45.38,17.57,34.0526592
2017,316,12.85,30.31,0,45.94,22.61,43.5633984
2017,317,17.72,30.55,0,45.38,21.16,42.0650496
2017,318,15.73,31.39,0,45.75,22.04,43.539552
2017,319,17.72,31.98,0,44.12,22.69,44.9862336
2017,320,17.19,31.26,0,48.75,22.61,44.652384
2017,321,15.33,31.98,0,49.19,22.19,43.8654528
2017,322,15.11,32.2,0,47.06,22.56,44.7199488
2017,323,15.95,31.98,0,52.88,22.57,45.1809792
2017,324,18.46,31.86,0,57.12,18.73,38.0191104
2017,325,16.24,30.88,0,47.62,20.76,41.5245312
2017,326,15.3,31,0,44.38,18.85,37.1924352
2017,327,15.2,30.62,0,43.06,19.81,38.5039872
2017,328,13.68,29.08,0,43.75,19.38,37.6733376
2017,329,13.2,29.93,0,42.44,19.78,38.3688576
2017,330,13.87,29.01,0,38.94,21.15,41.1787584
2017,331,12.47,29.48,0,41.31,22.17,42.9076224
2017,332,12.06,29.69,0,45.88,21.94,42.8281344
2017,333,12.94,30.28,0,45.31,21.31,42.3631296
2017,334,14.48,30.88,0,45.75,21.59,42.8162112
2017,335,14.46,28.94,0,46.62,19,37.4666688
2017,336,12.85,29.52,0,42,22.99,44.3860992
2017,337,13.15,29.56,0,45.81,21.47,42.4108224
2017,338,14.1,30.97,0,44.56,21.73,43.2057024
2017,339,14.86,30.81,0,39.44,20.76,40.995936
2017,340,12.47,30.69,0,41.19,21.17,41.6358144
2017,341,12.41,28.94,0,48.88,16.47,31.7673792
2017,342,15.36,28.42,0,50.81,10.15,19.3831488
2017,343,14.55,27.69,0,50,12.37,23.528448
2017,344,14.63,27.36,0,46.31,17.66,35.0581824
2017,345,13.58,27.28,0.19,45.81,17.8,35.610624
2017,346,14.82,28.55,0.01,46.19,12.1,23.9378112
2017,347,14.79,30.83,0,39.38,19.61,38.8457856
2017,348,15.07,31.66,0,42.88,17.24,33.4485504
2017,349,14.51,30.76,0,46.62,11.14,21.8512512
2017,350,13.87,30.65,0,42.5,17.46,34.0725312
2017,351,13.76,31.42,0,43.38,19.02,37.1685888
2017,352,13.84,31.27,0,51.31,19.43,37.895904
2017,353,18.26,29.76,0.03,67.94,16.69,33.424704
2017,354,19.67,30.85,0.01,67.94,12.51,25.0029504
2017,355,17.48,32.05,0,47.5,17.36,33.9850944
2017,356,17.01,33.09,0,44.38,19.37,38.0191104
2017,357,15.4,29.76,0,41.75,14.96,29.4185088
2017,358,14.13,28.47,0,42.44,18.42,36.1749888
2017,359,14.01,27.94,0,44.62,15.24,28.9495296
2017,360,14.3,29.09,0,47.25,14.51,27.045792
2017,361,12.77,28.19,0,44.38,18.21,34.7243328
2017,362,12.8,29.62,0,43.12,20.47,39.485664
2017,363,13.12,29.48,0,41.19,20.71,40.6740096
2017,364,13.08,28.51,0,34.38,21.29,41.651712
2017,365,13.75,27.83,0,33.25,18.68,35.8610112
2018,1,13.84,25.82,0,32.06,13.12,25.2414144
2018,2,12.76,26.25,0,32.56,14.1,26.4416832
2018,3,12.23,26.43,0,32.75,17.47,33.1504704
2018,4,10.58,26.55,0,29.19,20.4,38.2496256
2018,5,9.12,26.06,0,30.75,18.24,34.1758656
2018,6,8.81,27.4,0,33.06,20.11,38.1900096
2018,7,9.59,29.09,0,37.06,21.02,40.0897728
2018,8,11.01,29.95,0,34.19,21.46,40.777344
2018,9,10.69,30.55,0,30.75,22.73,43.3527552
2018,10,10.1,29.73,0,32.69,20.37,38.7821952
2018,11,11.07,28.64,0,32.5,21.88,41.8385088
2018,12,10.33,28.86,0,31.06,22.34,42.386976
2018,13,9.22,28.51,0,29,21.28,39.6923328
2018,14,10.62,28.41,0,28.56,21.36,40.8011904
2018,15,11.48,30.1,0,27.75,17.26,32.272128
2018,16,12.62,29.52,0,27.62,17,31.6044288
2018,17,12.34,27.8,0,28,19.56,37.16064
2018,18,10.81,29.51,0,29.44,20.98,40.161312
2018,19,10.54,29.93,0,27.94,22.28,42.6135168
2018,20,11.26,30.05,0,27.81,21.91,41.3019648
2018,21,11.31,29.2,0,26.75,22.21,42.4346688
2018,22,11.4,28.76,0,21.81,21.44,41.1867072
2018,23,11.19,28.66,0,25.88,19.64,37.5262848
2018,24,12.12,27.89,0,27.5,16.32,31.0957056
2018,25,12.12,28.93,0,29.88,21.01,39.6804096
2018,26,12.54,27.67,0,33.25,14.81,28.0870848
2018,27,13.6,29.7,0,34.5,19.83,38.6669376
2018,28,13.19,30.9,0,33,19.1,37.1248704
2018,29,12.81,30.98,0,24.88,17.64,32.828544
2018,30,11.19,28.82,0,22.25,18.91,35.3244672
2018,31,10.55,28.65,0,22.56,18.74,34.7720256
2018,32,11.43,31.58,0,26.12,19,36.047808
2018,33,13.24,33.14,0,24.62,19.23,36.6360192
2018,34,14.87,34.8,0,25.06,20.96,40.9204224
2018,35,15.32,34.64,0,22,22.81,44.0880192
2018,36,15.16,35.31,0,24.06,23.08,45.2048256
2018,37,14.26,35.45,0,24.12,24.68,47.6888256
2018,38,13.97,34.9,0,23.62,23.33,44.31456
2018,39,14.9,35.8,0,22.56,24.25,45.9400896
2018,40,19.98,35.4,0.02,26.81,22.18,43.3686528
2018,41,19.22,35.7,0,25.12,23.8,46.2143232
2018,42,17.75,35.04,0,27.12,24.28,47.1324096
2018,43,15.26,34.12,0,26.44,23.51,46.2500928
2018,44,16.89,33.7,0,24.81,20.12,38.929248
2018,45,18.1,35.05,0,29.62,22.89,44.6007168
2018,46,18.1,34.73,0,26.69,22.12,43.2931392
2018,47,17.28,34.65,0,24.94,23.16,45.7572672
2018,48,16.87,34.31,0.01,24.06,19.66,37.438848
2018,49,17.44,33.92,0,30,19.91,37.478592
2018,50,18.7,34.68,0.01,31.06,17.84,34.4898432
2018,51,19.68,35.87,0,34.12,21.94,42.0133824
2018,52,19.16,34,0,57.81,19.2,37.6097472
2018,53,21.72,26.65,0.1,78.31,16.75,33.5359872
2018,54,20.9,32.45,0.01,61.5,15.45,31.5686592
2018,55,19.63,35.96,0,54.75,21.12,43.4560896
2018,56,22.19,35.85,0,43.5,20.42,41.751072
2018,57,21.08,36.37,0,32.5,21.14,41.5960704
2018,58,21.58,35.69,0,39.75,21.18,42.7367232
2018,59,19.82,36.39,0,26.12,21.11,42.0650496
2018,60,17.6,36.51,0,21.69,23.93,47.0608704
2018,61,15.73,34.97,0,19.19,24.61,46.9416384
2018,62,16.53,35.13,0,19.88,26.06,51.7307904
2018,63,16.9,35.68,0,22.06,25.86,51.4048896
2018,64,16.83,35.96,0,22.62,27.56,54.4731264
2018,65,17.11,36.05,0,27,27.12,53.0542656
2018,66,19.87,37,0,27.75,25.74,50.693472
2018,67,19.12,37.55,0,27.81,26.57,52.4978496
2018,68,19.59,37.87,0,32.75,25.89,51.289632
2018,69,20.67,36.95,0,35.44,27.2,52.6091328
2018,70,16.37,37.31,0,17.44,28,53.435808
2018,71,19.61,35.37,0.49,40.12,26.56,52.0725888
2018,72,18.39,37.32,0,21.69,24.78,46.9456128
2018,73,18.48,37.3,0,22.44,24.76,47.1840768
2018,74,19.8,36.8,0,17.62,28.03,53.674272
2018,75,17.71,36.99,0.04,24.19,26.99,52.3905408
2018,76,19.73,37.15,0,16.56,27.12,51.7148928
2018,77,19.31,37.26,0.01,25.31,23.77,45.7532928
2018,78,20.65,37.62,0,32.25,25.81,49.9621824
2018,79,19.37,36.88,0.02,37.56,24.37,48.2412672
2018,80,21.44,36.5,0.05,52,23.09,46.2024
2018,81,22.93,33.37,0,58.69,22.89,47.315232
2018,82,23.1,32.56,0,56.62,15.18,31.0122432
2018,83,21.84,35.22,0,34.06,22.73,45.1730304
2018,84,19.87,34.47,0,26.5,23.52,46.5283008
2018,85,20.83,36.85,0,20.81,22.1,42.704928
2018,86,19.68,38.23,0,20.19,24.02,46.7111232
2018,87,20.83,39.07,0.04,19.06,22.53,43.778016
2018,88,20.08,34.1,0.16,18.19,16.3,30.583008
2018,89,19.65,34.23,0,20.12,12.78,23.3813952
2018,90,21.01,36.85,0,21.88,14.53,26.350272
2018,91,21.33,36.37,0,20.5,16.79,31.4017344
2018,92,20.8,37.87,0,22.62,18.89,35.2767744
2018,93,21.01,38.19,0,26,22.02,42.784416
2018,94,18.5,37.9,0,22.5,22.7,42.8718528
2018,95,19.36,37.72,0,20.88,21.82,41.512608
2018,96,20.69,37.69,0,27.88,20.84,37.9038528
2018,97,20.48,36.61,0,32.81,22.16,41.294016
2018,98,20.08,38.11,0,29.38,23.68,46.2302208
2018,99,21.96,37.8,0,36.38,24.34,47.7166464
2018,100,20.21,37.82,0,30.56,20.56,40.8091392
2018,101,21.62,37.23,0,43.19,26.55,53.2649088
2018,102,23.02,36.15,0.26,47.88,23.73,48.8811456
2018,103,24.86,34.64,0.07,53.06,20.53,43.2454464
2018,104,24.62,31.38,2.89,61.75,24.06,50.7968064
2018,105,23.36,34.1,0.6,62.44,22.84,47.5298496
2018,106,21.93,37.92,0.01,52.5,25.13,51.3969408
2018,107,22.32,38,0.09,49.19,26.45,53.75376
2018,108,23.1,35.9,0.48,55.06,22.51,46.460736
2018,109,24.04,34.4,0.37,54.75,24.48,50.6696256
2018,110,23.08,34.33,0.01,58.81,21.24,43.4044224
2018,111,22.87,33.66,0.26,61.94,24.92,50.9359104
2018,112,23.26,37.23,0.06,50.5,25.62,52.6528512
2018,113,22.11,38.25,0,44.88,26.02,53.3682432
2018,114,22.55,37.94,0.25,55.75,24.55,50.7689856
2018,115,23.72,33.36,0.65,64.62,21.22,43.4918592
2018,116,23.03,32.24,0.11,64.88,23.23,47.7643392
2018,117,23.88,35.04,0.15,56.56,20.61,42.069024
2018,118,23.65,33.77,0,62.44,23.22,47.752416
2018,119,23.4,37.3,0.04,54.31,24.57,50.7371904
2018,120,24.05,36.58,0.02,56.31,23,47.7643392
2018,121,23.9,34.48,14.99,68.12,22.81,47.9431872
2018,122,23.15,31.51,11.02,76.69,23.25,48.765888
2018,123,23.38,30.08,4.49,79.5,22.32,46.4567616
2018,124,22.36,30.68,7.58,79.12,23.26,48.8533248
2018,125,23.04,33.74,0.03,68.12,22.99,47.672928
2018,126,22.12,32.59,0.01,69.5,22.61,46.3454784
2018,127,22.91,34.37,0.19,66.44,24.37,50.8246272
2018,128,23.44,34.31,0,66.5,21.29,43.9886592
2018,129,22.37,32.94,0.24,70.19,24.22,50.514624
2018,130,22.69,27.99,1.4,78.81,14.41,30.5114688
2018,131,21.92,29.95,2.24,75,24.59,52.6250304
2018,132,22.51,33.83,7.16,67.56,15.25,32.0972544
2018,133,21.4,35.27,2.98,64.31,21.52,45.188928
2018,134,21.8,30.38,7.6,74.19,21.2,44.9425152
2018,135,22.54,34.42,2.18,61.88,20.7,43.241472
2018,136,21.94,34.01,4.14,68.75,22.13,45.9082944
2018,137,22.47,31.53,2.43,74.62,18.53,38.233728
2018,138,21.8,34.19,0.63,62.88,20.3,42.2121024
2018,139,22.15,34.72,0.44,63.38,24.47,51.0948864
2018,140,22.31,36.54,0.12,62.44,23.74,49.5687168
2018,141,23.03,34.08,0.81,70.19,23.35,48.5790912
2018,142,22.97,31.83,0.24,72.25,20.36,42.5419776
2018,143,22.35,32.59,1.53,71.25,24.61,51.2618112
2018,144,22.51,35.96,0.55,66.44,24.69,51.5638656
2018,145,22.62,30.5,15.16,77.31,18.69,38.8418112
2018,146,22.68,30.82,1.7,76.56,24.34,51.3651456
2018,147,22.13,32.45,1.07,70,24.39,51.6672
2018,148,22.83,29.73,0.72,74.44,24.63,51.8182272
2018,149,22.59,29.45,0.33,78.5,19.07,39.6684864
2018,150,22.64,30.97,1.14,73.88,23.8,50.1648768
2018,151,22.61,30.57,4.74,72.44,18.77,39.0643776
2018,152,21.8,35.36,0.47,62.94,21.67,44.9146944
2018,153,21.98,31.41,0.6,69.81,22.94,48.09024
2018,154,22.62,35.48,3.78,64.88,18.29,39.2114304
2018,155,22.26,34.69,0.21,65.69,24.89,52.2275904
2018,156,22.23,35.05,10.61,71,22.52,47.2834368
2018,157,22.32,33.12,2.89,74.5,21.43,44.672256
2018,158,22.36,35.98,0.47,62.81,24.79,51.547968
2018,159,21.99,37.34,2.26,64.06,23.99,49.4653824
2018,160,22.48,31.74,28.18,78.75,23.06,47.8398528
2018,161,22.54,30.12,5.36,79.56,21.95,45.586368
2018,162,21.94,29.5,12.37,81.56,20.93,44.235072
2018,163,22.01,29.81,2.98,77.5,24.1,50.87232
2018,164,21.93,33.58,0.76,70.81,25.21,52.8237504
2018,165,22.94,29.93,4.32,82.62,20.31,42.4624896
2018,166,22.45,32.19,1.14,75.5,22.98,47.7365184
2018,167,22.45,29.23,1.35,81.81,22.73,47.5298496
2018,168,22.58,27.51,2.43,86.12,20.48,42.6771072
2018,169,22.25,27.65,2.77,83.94,19.54,40.7336256
2018,170,21.52,26.86,4.51,85.19,15.83,32.9755968
2018,171,21.26,26.06,9.33,87.44,9.83,21.3703488
2018,172,20.45,27.91,2.91,82.19,19.03,40.7097792
2018,173,19.37,29.8,4.04,76.31,22.66,48.0465216
2018,174,21.16,28.78,8.62,80.81,14.68,31.417632
2018,175,19.38,31.19,2.03,73.38,20.63,43.4680128
2018,176,20.3,31.8,1.27,71.62,20.76,43.8734016
2018,177,20.97,32.92,1.46,67.12,21.46,45.2962368
2018,178,21.61,29.7,4.64,78.62,22.91,48.229344
2018,179,21.8,28.67,5.61,79.38,20.26,42.863904
2018,180,21.81,28.7,14.17,82.94,20.64,43.81776
2018,181,21.56,26.15,7.45,85.81,17.5,36.8983296
2018,182,19.96,29.35,2.45,79.81,20.06,42.3909504
2018,183,21.12,28.55,5.76,79.56,19.34,41.5682496
2018,184,20.45,27.28,1.59,80.38,23.53,50.117184
2018,185,19.55,30.43,2.08,73.69,19.8,42.0014592
2018,186,21.33,32.71,1.09,69.75,18.77,39.6287424
2018,187,21.9,29.08,7.57,81.88,23.36,49.2905088
2018,188,21.37,27.98,13.3,83.06,18.3,38.6430912
2018,189,20.77,30.9,0.93,75.25,14.6,31.2984
2018,190,21.09,28.15,2.11,80.5,23.61,50.196672
2018,191,20.76,27.31,11.32,83.81,22.28,47.1085632
2018,192,21.36,28.98,6.67,77.94,20.28,43.181856
2018,193,21.01,29.37,2.99,79.69,13.9,29.7364608
2018,194,20.9,29.73,4.59,80.19,23.82,50.554368
2018,195,21.74,27.86,7.29,84.69,16.67,35.5549824
2018,196,21.06,29.53,16.5,81.19,21.38,45.9679104
2018,197,21.33,26.75,33.31,87.06,21.15,44.890848
2018,198,21.03,25.73,3.86,88.06,18.86,40.4752896
2018,199,20.54,25.37,6.88,87.81,20.44,44.0045568
2018,200,19.26,29.61,2.32,79.94,22.28,47.3311296
2018,201,20.85,27.27,10.54,84.88,19.12,41.254272
2018,202,20.44,27.01,2.29,85.12,23.96,51.4168128
2018,203,20.07,29.19,0.6,79.31,23.89,51.4327104
2018,204,20.79,29.65,3.3,79.12,22.64,48.6387072
2018,205,21.68,28.19,21.47,87.88,13.39,29.132352
2018,206,20.89,26.73,32.62,89.81,19.69,42.3830016
2018,207,21.3,26.33,18.29,88.94,19.07,40.8290112
2018,208,20.51,28.33,15.11,83.94,19.75,42.2597952
2018,209,20.51,26.04,5.29,87.5,16.97,36.6121728
2018,210,19.81,28.04,32.08,85.69,17.62,38.2019328
2018,211,20.56,26.73,2.94,87.12,11.55,25.2096192
2018,212,20.63,26.44,2.3,88.5,17.41,36.9460224
2018,213,20.44,27.66,17.77,88,12.28,26.4973248
2018,214,20.51,25.58,7.76,88.75,19.78,41.9458176
2018,215,20.15,27.02,2.88,86.69,20.53,44.056224
2018,216,19.66,27.58,0.27,85.06,19.34,41.0913216
2018,217,20.58,27.55,0.74,84.69,15.53,33.0113664
2018,218,21.2,25.57,4.38,90.56,13.24,29.0170944
2018,219,20.51,27.58,1.06,84.62,16.87,36.06768
2018,220,19.38,27.9,0.47,83.31,23.97,51.0829632
2018,221,20.41,26.13,7.78,88.12,13.2,28.6832448
2018,222,19.92,28.17,4.36,80.81,21.07,45.3558528
2018,223,19.86,28.02,1.76,81.25,23.28,49.4176896
2018,224,20.31,28.58,12.19,85.44,21.79,46.8104832
2018,225,20.92,26.51,18.79,88.12,17.84,38.2774464
2018,226,20.03,27.18,3.2,84.25,19.55,41.9736384
2018,227,20.46,27.76,3.45,85.25,23.64,50.6775744
2018,228,21.06,28.5,5.01,84.62,20,42.8162112
2018,229,21.15,25.09,24.01,93.5,12.4,27.0775872
2018,230,19.8,28.15,15.72,83.94,23.11,49.4733312
2018,231,20.53,28.01,10.61,86.06,17.66,38.1780864
2018,232,20.95,26.82,12.94,87.44,8.92,19.514304
2018,233,20.4,28.09,2.9,83.75,23.29,50.1688512
2018,234,19.98,28.11,4.01,86.12,9.17,20.2058496
2018,235,20.85,26.39,25.11,88.19,17.68,38.3887296
2018,236,20.46,26.49,9.56,89.19,17.2,37.2242304
2018,237,20.2,26.47,11.5,88.81,14.94,32.5264896
2018,238,19.61,27.99,1.42,84.56,21.74,46.0672704
2018,239,19.76,27.63,5.36,85.94,15.49,33.7466304
2018,240,20.26,28.66,1.69,81.62,19.96,42.4426176
2018,241,20.65,28.65,6.72,83.19,20.23,43.2494208
2018,242,20.73,27.18,6.91,88.06,15.7,34.1718912
2018,243,20.7,26.93,11.12,84.44,16.09,34.4143296
2018,244,20.3,27.17,21.27,87,19.17,40.956192
2018,245,20.59,25.6,15.11,91.31,11.88,26.469504
2018,246,20.71,25.52,5.92,89.56,19.42,42.049152
2018,247,20.51,27.83,2.74,84.56,21.1,45.2723904
2018,248,20.5,28.14,6.25,84.44,22.5,47.971008
2018,249,21.08,25.11,22.66,89.81,20.04,43.0546752
2018,250,20.47,24.84,16.46,90.75,15.15,32.7649536
2018,251,20.19,27.21,1.93,87.5,19.31,41.552352
2018,252,20.44,25.4,10.35,91.69,18.81,40.9482432
2018,253,20.11,26.62,10.56,88.06,12.02,26.3304
2018,254,19.42,29.37,0.82,79.38,22.23,46.977408
2018,255,19.51,30.17,0.64,79.12,23.76,49.918464
2018,256,20.17,26.67,6.44,87.88,20.13,42.8003136
2018,257,20.78,28.12,6.66,81.44,19.61,41.9736384
2018,258,20.48,25.59,9.73,88.44,20.88,44.9623872
2018,259,20.35,27.41,5.06,87.38,22.65,48.2412672
2018,260,20.58,29.49,3.32,80.12,23.06,49.322304
2018,261,20.56,29.34,4.6,83.56,21.75,45.9917568
2018,262,21.06,29.45,6.68,83.19,23.79,50.7173184
2018,263,20.32,30.95,0.85,79.12,22.74,48.5830656
2018,264,20.8,30.52,0.62,78.94,21.21,45.6579072
2018,265,20.74,29.59,6.12,80.56,20.4,43.9131456
2018,266,20.62,28.79,3.96,80.62,18.51,39.426048
2018,267,20.39,30.08,5.7,81.12,19.57,41.5285056
2018,268,20.08,30.29,4.49,81.94,23.62,50.4470592
2018,269,19.49,29.61,6.76,82.38,23.37,49.5687168
2018,270,20.59,29.65,8.84,81.94,22.03,46.1467584
2018,271,21.28,27.97,11.02,87.56,20.62,43.1063424
2018,272,21.73,28.8,3.78,79.06,17.48,37.4269248
2018,273,20.47,29.85,3.41,81.06,23,48.9487104
2018,274,21.71,27.48,5.94,87.56,18.65,39.1001472
2018,275,21.14,29.7,4.01,82.38,21.92,46.0076544
2018,276,21.13,27.67,1.34,87,19.94,42.3035136
2018,277,21.2,26.97,1.64,88.44,19.9,41.7828672
2018,278,21.11,27.51,6.01,86.88,19.91,42.4426176
2018,279,20.87,30.54,2.53,81.44,22.33,47.59344
2018,280,21.25,30.15,2.71,81.81,20.75,44.036352
2018,281,21.99,28.31,6.47,85,21.29,44.930592
2018,282,21.32,30.76,7.41,79,23.73,50.2006464
2018,283,21.66,26.01,3.55,89.75,17.62,37.3116672
2018,284,21.47,29.88,1.75,78.5,22.58,48.1856256
2018,285,20.46,31.17,0.27,73.31,24.56,51.6950208
2018,286,21.26,26.61,4.68,87.06,23.47,49.441536
2018,287,20.34,29.37,1.75,77.5,21.27,45.6141888
2018,288,20.62,30.72,1.9,74.69,22.09,47.0648448
2018,289,21.58,31.06,6.61,76.5,20.56,43.3328832
2018,290,20.85,29.72,1.73,79.75,24.4,50.37552
2018,291,19.89,31.13,0.66,77.5,24.99,51.6950208
2018,292,19.93,31.48,1.54,72.69,24.03,49.7117952
2018,293,17.17,31.71,0,65.12,25.64,51.3730944
2018,294,17.54,32.23,0,63.31,25.16,51.0750144
2018,295,19.01,32.38,0,59.88,24.86,50.4232128
2018,296,18.26,32.06,0.12,66.81,20.87,42.0054336
2018,297,20.82,31.01,0.17,79.06,22.67,46.7747136
2018,298,20.81,29.65,1.48,83.44,20.64,42.8201856
2018,299,21.29,30.23,2.27,78.19,21.46,45.0339264
2018,300,20.49,30.03,2.51,75.56,19.86,41.7947904
2018,301,21.26,32.33,0.1,70.19,22.59,47.7683136
2018,302,22.33,29.3,2.85,76.75,17.24,36.445248
2018,303,20.1,32.8,0,65.44,23.7,48.010752
2018,304,17.83,31.32,0.44,61.06,24.19,48.2810112
2018,305,15.3,31.83,0,48.75,23.96,46.8542016
2018,306,17.09,30.93,0,52.88,21.32,41.92992
2018,307,17.7,31.03,0,54.62,21.85,43.2971136
2018,308,17.22,31.85,0,52.81,22.42,45.0537984
2018,309,17.72,31.62,0,56.56,21.5,43.0069824
2018,310,16.27,32.51,0,52.94,20.21,40.5428544
2018,311,19.47,31.64,0,55.94,22.86,45.3002112
2018,312,16.26,32.04,0,47.31,20.85,41.572224
2018,313,13.97,31.43,0,43.56,23.2,45.725472
2018,314,13.93,30.58,0,44.81,23.3,45.8288064
2018,315,13.58,31.44,0,45.75,24.06,47.4304896
2018,316,13.95,31.62,0,47.38,23.88,47.0608704
2018,317,14.34,32.32,0,48.38,22.99,45.8963712
2018,318,15.41,31.82,0,47.31,23.84,47.4662592
2018,319,14.8,30.91,0,46.56,19.96,39.7797696
2018,320,14.4,30.41,0,47.19,20.84,40.5229824
2018,321,16.43,30.79,0,51.25,20.47,40.3322112
2018,322,15.87,32.03,0,51.31,21.7,43.1580096
2018,323,16.94,29.64,0,56.25,20.63,41.5046592
2018,324,16.84,32.63,0,51.31,22.53,45.2763648
2018,325,16.2,32.01,0,47.69,22.22,43.8654528
2018,326,15.22,31.37,0,44,21.29,41.9020992
2018,327,13.2,31.43,0,43.56,18.82,36.6956352
2018,328,13.54,32.15,0,40.38,21.6,42.5181312
2018,329,13.88,31.73,0,40.31,19.74,38.9014272
2018,330,13.51,31.39,0,42.06,20.78,40.3441344
2018,331,14.18,31.16,0,48.5,20.48,40.2566976
2018,332,14.29,31.84,0,43,21.88,43.3169856
2018,333,14.65,31.83,0,39.94,22.07,44.0443008
2018,334,14.13,31.39,0,38.69,21.75,43.5554496
2018,335,14.68,30.9,0.14,40.44,18.85,37.180512
2018,336,15.86,27.52,0,46.56,17.89,35.1694656
2018,337,15.88,30.71,0,42.88,20.7,41.1668352
2018,338,15.55,30.4,0,39.62,20.81,41.413248
2018,339,16.68,30.2,0,35.19,18.45,36.5366592
2018,340,14.7,29.65,0,36.88,20.11,39.7678464
2018,341,14.17,29.4,0,39.69,20.18,39.982464
2018,342,14.09,29.21,0,41.94,19.85,39.5889984
2018,343,13.55,28.69,0,40.44,21.64,43.3924992
2018,344,12.93,29.07,0,39.69,21.35,42.406848
2018,345,13.48,29.9,0,40.38,20.1,39.9069504
2018,346,13.88,30.15,0,39.19,21.13,41.910048
2018,347,13.83,30.51,0,37.19,20.99,41.6040192
2018,348,13.87,31.86,0,36.69,21.43,42.4783872
2018,349,13.89,32.15,0,37.81,22.06,43.6627584
2018,350,13.9,31.83,0,36.81,22.44,44.5609728
2018,351,13.87,29.75,0,36.06,21.44,42.486336
2018,352,13.55,29.88,0,37.88,16.51,31.9978944
2018,353,13.62,28.5,0,36.62,21.1,41.7033792
2018,354,13.04,29.18,0,35.88,15.92,31.0082688
2018,355,13.13,28.3,0,38.94,15.58,29.867616
2018,356,12.32,28.47,0,40.88,18.05,35.1019008
2018,357,11.56,27.58,0,37.06,18.68,36.16704
2018,358,11.37,27.21,0,39.88,15.72,30.3326208
2018,359,11.69,28.11,0,41.06,16.32,31.49712
2018,360,11.52,27.54,0,42.25,18.24,35.4874176
2018,361,12.49,28.87,0,40.56,20.87,41.3973504
2018,362,13.56,29.73,0,39.5,16.3,32.0575104
2018,363,14.48,30.41,0,38.06,17.42,34.1321472
2018,364,13.83,30.9,0,37,17.51,34.2752256
2018,365,15.64,30.89,0,37.31,19.02,37.3911552
2019,1,13.53,30.12,0,35.5,20.4,40.4752896
2019,2,12.24,28.24,0,33,20.97,41.2502976
2019,3,12.13,30.55,0,34.94,19.75,38.7424512
2019,4,13.48,29.94,0,33.62,20.3,40.1533632
2019,5,14.36,31.07,0,29.31,21.32,42.605568
2019,6,12.53,29.31,0,27.25,20.25,40.3123392
2019,7,11.92,27.46,0,29.69,16.69,32.2204608
2019,8,13.35,26.87,0,30.19,19.37,37.2679488
2019,9,11.94,30.55,0,29.81,18.18,35.4198528
2019,10,13.03,31.18,0,33.19,21.18,41.5086336
2019,11,13.58,32.98,0,30.31,21.2,42.1763328
2019,12,14.84,32.94,0,28.94,21,41.7590208
2019,13,15.62,32.57,0,25.38,21.21,41.8544064
2019,14,13.95,31.97,0,27.19,22.1,43.4123712
2019,15,14.24,30.73,0,29.69,22.53,44.1237888
2019,16,13.52,30.84,0,28,22.77,44.9385408
2019,17,13.42,31.98,0,21.69,22.94,44.9941824
2019,18,13.56,33.23,0,21.62,22.94,45.4989312
2019,19,14.64,33.91,0,25.56,22.08,43.1540352
2019,20,18.32,33.96,0,29.56,20.8,40.6740096
2019,21,15.8,33.71,0,31.5,21.63,41.910048
2019,22,15.78,34.45,0,32.5,22.47,43.7342976
2019,23,17.01,34.68,0,33.81,22.97,45.0140544
2019,24,16.48,34.03,0,30.81,22.64,43.360704
2019,25,15.63,34.06,0,29.06,23.83,46.122912
2019,26,15.33,34.03,0,27.19,23.2,44.9981568
2019,27,14.73,33.46,0,23.5,24.22,46.9058688
2019,28,14.64,30.76,0,27.75,19,36.3975552
2019,29,17.51,32.52,0,26.19,22.06,42.9871104
2019,30,15.43,32.67,0,24.81,20.91,41.0436288
2019,31,15.57,32.92,0,22.19,22.46,44.9067456
2019,32,15.69,30.1,0,25.38,22.37,44.7676416
2019,33,18.54,32.99,0,30.25,21.77,43.102368
2019,34,16.26,34.64,0,24.56,23,45.60624
2019,35,16.21,35.44,0,24.44,24.2,48.0942144
2019,36,16.26,34.63,0,26.69,23.37,46.1109888
2019,37,16.3,30.34,0,20.81,22.05,42.6135168
2019,38,13.2,30.38,0,19.25,24.1,46.6117632
2019,39,12.81,31.51,0,18.25,24.12,47.1880512
2019,40,14.17,31.39,0,17.94,22.85,44.9584128
2019,41,14.92,30.51,0,19.81,22.76,43.778016
2019,42,15.07,31.06,0,20.62,17.4,33.0431616
2019,43,16.07,32.01,0,22.19,17.26,32.609952
2019,44,15.93,32.44,0,23.69,23.95,47.6292096
2019,45,15.3,30.25,0,19.69,22.38,43.7462208
2019,46,13.83,29.91,0,22.38,22.13,43.3448064
2019,47,13.73,31.06,0,22.19,20.72,39.485664
2019,48,14.8,31.46,0,21.38,20.79,39.4538688
2019,49,14.6,32.97,0,21,22.88,43.797888
2019,50,15.15,33.59,0,22.38,19.42,36.8267904
2019,51,16.98,35.82,0,24.38,21.63,41.452992
2019,52,18.62,34.58,0,23.69,19.96,38.6589888
2019,53,18.62,33.27,0,21.44,20.73,39.9705408
2019,54,19.3,32.81,0,48,21.66,42.7883904
2019,55,19.06,32.96,0,59.75,24.64,48.8294784
2019,56,20.81,33.16,0,52.94,22.71,46.5362496
2019,57,20.55,32.31,0,57.56,13.06,26.8589952
2019,58,20.2,33.47,0,52.62,14.11,29.2674816
2019,59,22.19,33.8,0,46.69,16.68,34.7442048
2019,60,21.3,30.59,0,57.31,15.21,31.8905856
2019,61,20.19,34.49,0.35,37.94,21.89,45.4989312
2019,62,18.54,36.01,0,25,24.94,50.8961664
2019,63,18.6,35.78,0,24.94,22.97,45.9877824
2019,64,19.26,35.77,0,25.12,24.14,48.0822912
2019,65,19.32,36.37,0.06,23.75,21.31,40.9800384
2019,66,21.44,35.57,0,32.38,18.78,35.9603712
2019,67,19.73,36.15,0,25.38,19.35,35.9842176
2019,68,21.49,36.44,0,33.31,20.66,39.604896
2019,69,22.12,37.16,0,36.75,20.8,40.3282368
2019,70,22.58,38.14,0,25.31,24.54,47.851776
2019,71,19.51,36.94,0,25.88,25.74,49.8151296
2019,72,20.82,37.37,0,39.88,24.86,47.6451072
2019,73,18.98,36.4,0,17.06,20.83,40.0341312
2019,74,20.46,35.32,0,19.56,18.34,34.9389504
2019,75,20.26,36.33,0.01,20.19,20.82,40.6740096
2019,76,21.96,35.23,0,17.44,16.81,32.212512
2019,77,20.57,37.12,0,17.06,20.22,39.2352768
2019,78,20.41,38.9,0,18.75,24.35,48.408192
2019,79,21,36.98,0,46,23.18,47.3986944
2019,80,23.26,36.73,0,50.25,22.64,46.6475328
2019,81,24.59,37.23,0,42.69,23.29,46.1666304
2019,82,22.36,32.69,0,56.25,23.48,46.122912
2019,83,22.24,35.85,0,35.75,24.31,47.0330496
2019,84,20.97,36.73,0,19.56,26.21,50.9836032
2019,85,21.35,35.73,0,21.69,26.43,52.1997696
2019,86,20.3,37.88,0,21.12,21.97,43.400448
2019,87,22.05,38.83,0,18.56,23.66,46.3534272
2019,88,20.87,39.42,0,19.88,25.41,50.5384704
2019,89,21.44,39.2,0.04,26.69,26.8,53.3642688
2019,90,21.87,36.46,0,18.5,22.57,44.7954624
2019,91,21.66,38.18,0,18,22.65,44.8550784
2019,92,22.33,37.48,0.01,17.75,24.83,49.9860288
2019,93,21.32,34.66,24.89,33.38,25.75,51.3969408
2019,94,18.31,38,0,32.62,27.36,54.767232
2019,95,18.69,37.83,0.75,39.25,24.16,48.6784512
2019,96,22.23,36.28,0.15,60.62,18.35,37.597824
2019,97,23.68,33.58,0.25,62.75,16.76,34.7879232
2019,98,23.11,35.01,0.16,60.81,22.78,47.0648448
2019,99,24.19,32.23,0.01,64,23.28,48.3247296
2019,100,22.88,36.91,0.01,48.75,25.36,51.706944
2019,101,24.95,32.11,0,57.38,25.97,53.7219648
2019,102,22.69,36.4,0,51.06,22.53,46.6157376
2019,103,23.86,35.7,0,46.5,20.06,41.4569664
2019,104,21.43,34.79,0,47.88,23.21,47.7404928
2019,105,21.84,38.23,0,32.12,22.57,45.149184
2019,106,22.55,37.8,0,22.94,21.82,42.943392
2019,107,22.17,38.09,0,20.25,23.69,46.6912512
2019,108,19.65,38.46,0,19.12,22.66,43.1540352
2019,109,21.08,36.9,0,30.31,18.79,35.690112
2019,110,22.39,38.37,0,27.12,20.65,39.0405312
2019,111,22.36,39.05,0,28.94,23.48,45.4631616
2019,112,23.45,36.1,0.02,52.75,23.55,48.0266496
2019,113,25.8,36.26,0.49,51.06,19.95,41.0078592
2019,114,23.76,37.09,0.33,48.56,19.93,40.9283712
2019,115,25,35.08,0.06,52.56,25.26,50.6378304
2019,116,22.02,39.69,0,33.62,23.15,44.9782848
2019,117,21.71,37.99,0,22.44,24.3,47.911392
2019,118,21.11,39.52,0,22.06,26.83,52.6528512
2019,119,21.56,40.01,0,24.31,25.32,49.1315328
2019,120,23.79,36.77,0.15,54.69,24.17,49.5528192
2019,121,24.38,33.94,0.57,61.38,21.04,43.2255744
2019,122,24.94,34.83,0.6,60.06,21.9,45.2167488
2019,123,24.13,34.25,52.92,69.44,18.82,39.227328
2019,124,23.5,31.27,1.56,76.75,22.03,46.1149632
2019,125,23.16,31.26,0,74.88,23.56,48.447936
2019,126,21.87,36.4,0,62.12,24.07,48.9328128
2019,127,23.15,32.76,0.87,69.81,21.63,43.996608
2019,128,23.41,32.33,1.27,71.62,22.18,45.8168832
2019,129,22.73,32.52,0.08,71.94,19.37,40.658112
2019,130,23.61,34.28,6.71,67.62,23.34,49.2706368
2019,131,23.16,32.73,0.2,69.81,21.43,44.9822592
2019,132,22.84,32.33,0.65,67.38,23.63,49.6482048
2019,133,23.19,31.18,0.72,70.81,22.28,46.361376
2019,134,21.96,33.72,0.3,64.12,24.24,50.5185984
2019,135,22.87,30.92,1.32,68.56,22.09,46.0156032
2019,136,22.2,30.94,1.13,73.31,17.29,36.1511424
2019,137,21.73,30.87,0.34,72.88,21.25,45.1452096
2019,138,21.71,35.69,0.01,61.5,24.44,51.56784
2019,139,23.19,32.76,0.12,65.88,21.38,44.5411008
2019,140,23.11,32.56,6.69,72.5,21.53,44.8471296
2019,141,22.36,28.13,8.2,81.62,19.99,42.7486464
2019,142,22.11,34.15,0.01,61,23.5,49.5289728
2019,143,22.41,37.08,0.02,55.69,23.47,49.1792256
2019,144,23.31,32.3,0.76,66.62,21.25,43.4759616
2019,145,22.78,32.41,1.3,69.56,19.71,40.5865728
2019,146,23.23,33.63,0.04,63.88,24.76,52.0368192
2019,147,22.53,34.08,0.05,65.06,23.56,49.1871744
2019,148,22.9,31.23,1.59,70.38,17.31,36.0160128
2019,149,23.02,31.87,0.47,68.31,15.24,32.4390528
2019,150,22.5,29.15,3.12,79.19,16.57,34.8316416
2019,151,22.58,30.78,0.28,74.62,20.06,42.446592
2019,152,22.65,29.03,1.48,77.06,20.79,44.5093056
2019,153,22.02,30.3,2,74.19,16.49,34.8833088
2019,154,21.85,33.58,0.15,65.19,21.74,45.6579072
2019,155,22.55,33.87,0.06,66.62,21.94,45.7095744
2019,156,23.83,32.86,0.77,68.81,17.06,35.4079296
2019,157,23.06,30.23,2.79,76.62,9.4,20.3648256
2019,158,22.2,31.78,4.53,75.38,21.67,45.3995712
2019,159,21.83,29.79,7.16,76.81,21.24,45.3598272
2019,160,22.47,31.83,1.67,74.38,24.31,51.3651456
2019,161,22.01,32.71,1.28,71.31,21.54,45.3558528
2019,162,22.32,33.62,1.52,66.94,22.39,47.7881856
2019,163,22.3,35.1,0.54,63.19,20.01,42.6294144
2019,164,22.51,34.54,1.91,64.19,21.27,45.1173888
2019,165,22.98,35.75,0.34,63.5,19.44,40.956192
2019,166,22.59,35.64,3.04,63.94,24.17,50.5623168
2019,167,22.48,35.66,3.79,62.88,24.66,51.5519424
2019,168,22.08,36.35,1.26,62.62,26.42,55.0096704
2019,169,22.62,36.08,1.8,63.31,25.58,53.7179904
2019,170,23.08,36.87,0.15,58.81,24.52,51.6314304
2019,171,23.08,34.5,0.75,66.94,23.31,48.2969088
2019,172,23.19,29.61,4.58,77.06,17.84,37.8044928
2019,173,22.62,29.73,3.88,78.25,17.76,37.0573056
2019,174,21.51,32.26,1.21,69.38,22.37,47.315232
2019,175,21.92,29.16,2.65,77.62,14.97,31.5249408
2019,176,21.33,30.15,2.58,75.75,22.51,46.9615104
2019,177,21.08,28.99,8.33,80.94,14.89,31.6878912
2019,178,21.04,30.03,4.26,75.44,21.67,45.8129088
2019,179,21.25,30,6.42,72.12,14.94,32.311872
2019,180,21.06,30.39,2.28,73.62,23.37,49.2984576
2019,181,20.57,33.03,1.4,69,24.45,51.647328
2019,182,21.8,32.16,1.6,73.06,21.64,45.3836736
2019,183,22.51,28.2,1.68,79.62,20.69,43.5276288
2019,184,21.08,32.09,3.23,71.81,23.36,49.5528192
2019,185,22.27,31.13,7.13,74.88,18.08,38.7424512
2019,186,22.13,30.09,10.22,78.56,7.34,16.1599104
2019,187,21.37,32.02,1.03,70.44,22.06,47.0131776
2019,188,22.12,29.7,2.52,77.44,23.05,48.5989632
2019,189,21.58,27.75,13.89,83.62,7.3,16.2314496
2019,190,20.57,27.72,7.76,82,18.16,39.1557888
2019,191,19.57,31.56,1.23,70.88,22.79,48.9010176
2019,192,20.93,27.77,9.2,81.44,17.66,37.279872
2019,193,20.69,27.43,4.34,81.75,18.11,38.2615488
2019,194,20.44,31.38,0.65,70.31,23.28,49.5488448
2019,195,20.33,31.12,5.06,70.12,20.95,44.2589184
2019,196,21.44,30.87,2.66,74.25,22.65,47.672928
2019,197,21.65,29.86,2.91,80.56,24.76,52.4143872
2019,198,20.8,31.35,8.87,77.19,23.54,50.3000064
2019,199,22.06,28.79,10.58,83.12,14.29,30.7141632
2019,200,21.48,26.63,59.17,89,11.17,24.3988416
2019,201,20.08,25.75,1.45,86.19,23.16,49.8032064
2019,202,19.01,28.59,5.61,82.88,21.97,46.5521472
2019,203,20.48,25.32,22.52,88.12,17.31,37.597824
2019,204,19.55,28.69,1.74,81.5,23.58,50.6815488
2019,205,20.4,28.52,1.64,81,20.05,42.7287744
2019,206,21.16,28.73,3.74,78.5,11.68,25.7898816
2019,207,20.42,30.05,2.19,78.75,24.64,52.9270848
2019,208,21.5,29.1,3.88,82.06,21.59,45.586368
2019,209,21.46,26.9,6.06,86.06,20.19,43.2533952
2019,210,21.3,27.82,8.33,86.5,12.13,26.469504
2019,211,21.35,26.53,3.63,87.69,21.51,46.2699648
2019,212,20.19,28.65,8,84.56,21.95,46.8621504
2019,213,21.51,29.05,9.83,85,20.81,44.0641728
2019,214,21.05,28.05,38.83,84.31,8.48,18.8942976
2019,215,20.65,27.07,7.43,87.69,19.33,41.6954304
2019,216,19.99,27.87,14.93,85.31,18.86,40.7256768
2019,217,20.73,27.49,42.49,87.25,13.63,29.8119744
2019,218,21.22,26.2,25.9,89.81,15.39,33.7545792
2019,219,20.6,26.6,6.43,88.12,17.77,38.1105216
2019,220,20.68,27.02,13.94,89.88,17.33,37.339488
2019,221,19.49,27.04,4.12,86.94,15.09,32.2443072
2019,222,20.45,26.01,0.74,88.31,20.14,43.6667328
2019,223,19.4,27.93,0.81,84.88,21.87,47.2874112
2019,224,20.32,27.78,1.1,85.25,15.68,33.9334272
2019,225,20.86,28.78,0.64,81.5,18.8,40.2924672
2019,226,20.08,28.59,5.11,85.5,21.24,45.7016256
2019,227,21.16,25.83,9.84,90.62,9.37,20.607264
2019,228,21.15,26.68,9.38,84.12,11.75,25.9886016
2019,229,19.64,27.98,11.54,82.81,17.32,37.4547456
2019,230,21.21,25.65,5.25,91.25,16.94,36.7552512
2019,231,20.34,24.6,24.72,91.81,11.14,24.54192
2019,232,19.68,27.12,7.29,88.25,18.12,39.2352768
2019,233,20.54,25.07,22.32,92.69,8.32,18.6677568
2019,234,19.65,26.98,7.6,87.69,16.21,35.4436992
2019,235,19.31,27.01,13.04,87.38,19.53,42.3114624
2019,236,19.83,25.01,3.9,88.44,12.65,27.7850304
2019,237,19.03,24.73,2.27,88.81,15.25,33.1902144
2019,238,17.96,27.77,1.74,83.5,19.37,42.1127424
2019,239,20.22,25.81,8.79,88.56,10.12,22.356
2019,240,20.44,26.31,3.6,88.56,20.04,43.778016
2019,241,20.19,26.3,2.97,87.5,15.86,34.5097152
2019,242,20.25,28.76,4.3,83.19,23.1,49.858848
2019,243,20.87,29.48,2.92,81.44,24.92,53.4795264
2019,244,21.18,27.19,5.43,86.94,18.7,40.2964416
2019,245,20.74,27.46,2.54,84.25,19.02,40.479264
2019,246,19.87,28.73,2.56,80.06,22.5,47.911392
2019,247,21.13,27.87,11.68,84.31,11.07,24.0093504
2019,248,20.99,27.96,8,87.56,22.61,48.2054976
2019,249,20.68,28.98,7.13,83.19,20.86,44.493408
2019,250,20.87,27.93,6.36,84.12,21.27,45.5982912
2019,251,20.62,26.01,8.46,90.62,16.95,36.7910208
2019,252,20,27.47,16.72,85.38,21,44.533152
2019,253,19.69,28.49,3.86,84.81,19.08,40.9283712
2019,254,20.24,29.84,0.61,83,21.78,46.3335552
2019,255,19.62,29.77,0.46,82.12,24.57,52.044768
2019,256,21.57,30.19,3.15,80.88,21.93,47.037024
2019,257,21.77,26.65,18.26,87.31,13.27,29.032992
2019,258,21.01,26.62,21.4,89.88,18.75,40.916448
2019,259,20.69,28.6,4.42,80.25,17.57,37.995264
2019,260,20.19,28.66,2.89,82.44,18.51,39.505536
2019,261,19.83,29.17,5.95,82.44,18.28,38.9809152
2019,262,19.9,29.44,4.35,84.06,22.25,47.5974144
2019,263,21.13,28.55,8.19,80.44,19.08,40.8131136
2019,264,20.39,30.4,3.03,73.56,24.18,51.2816832
2019,265,20.89,27.68,4.69,77.5,22.63,47.1324096
2019,266,21.52,29.94,1.09,74.38,20.79,43.5633984
2019,267,21.71,27.97,1.21,86.88,20.56,42.367104
2019,268,20.89,30.92,2.26,79.38,21.81,44.9584128
2019,269,21.3,28.13,11.6,82.06,18.46,38.531808
2019,270,21.11,27.3,14.75,86.12,19.97,42.5578752
2019,271,20.37,29.1,3.06,83.88,23.17,48.3366528
2019,272,20.95,28.85,9.05,85.44,16.99,35.2290816
2019,273,21.47,27.73,14.8,86.19,12.58,27.304128
2019,274,21.32,27.7,16.01,87.5,20.29,43.062624
2019,275,21.02,26.1,28.35,89.38,20.73,44.0005824
2019,276,20.37,27.57,3.96,86.62,20.15,42.6612096
2019,277,20.95,28.93,4.07,83.75,22.07,47.2118976
2019,278,20.71,28,5.77,85.38,19.79,42.406848
2019,279,20.97,24.84,10.19,90.94,17.1,36.8983296
2019,280,20.14,27.44,9.67,87.31,19.61,42.4108224
2019,281,20.8,26.63,2.37,88.69,7.76,17.3522304
2019,282,19.94,27.53,3.01,85.62,19.15,41.0396544
2019,283,19.81,26.64,6.16,87.69,18.16,39.0643776
2019,284,20.73,27.55,1.5,87.5,20.51,44.155584
2019,285,20.44,28.82,1.18,85.69,18.21,38.730528
2019,286,21.33,27.95,2.33,84.88,23.19,48.9964032
2019,287,20.05,31.53,0.23,76.06,23.42,49.3739712
2019,288,20.94,29.62,3.42,82.75,20.15,42.605568
2019,289,21.48,26.86,15.2,87.5,9.41,20.3608512
2019,290,20.38,28.55,2.01,83,20.4,42.8718528
2019,291,19.9,28.72,2.72,85.25,20.6,43.6627584
2019,292,20.65,26.91,6.15,87.12,17.46,37.6017984
2019,293,20.33,28.2,3.99,84.94,16.44,35.2370304
2019,294,20.05,27.64,0.3,82.31,16.44,34.9866432
2019,295,20.99,31.24,0.06,73.38,23.02,48.4201152
2019,296,19.1,31.33,0.37,74.94,21.48,44.7994368
2019,297,21.44,29.89,1.67,77.88,15.58,32.8325184
2019,298,21.55,29.54,5.37,81.69,19.61,40.5229824
2019,299,21.13,28.94,9.35,84.12,14.7,30.8969856
2019,300,21.21,26.48,8.02,88,10.97,23.5602432
2019,301,20,28.13,1.11,82.94,16.63,35.0303616
2019,302,19.72,27.08,0.01,82.75,15.88,33.623424
2019,303,18.57,30.76,0.03,71.56,21.99,46.440864
2019,304,19.88,29.84,0.02,69.69,20.8,42.9751872
2019,305,17.13,29.63,0.01,66.62,23.45,48.3525504
2019,306,16.29,30.42,28.88,73,22.1,46.3931712
2019,307,18.55,30.54,3.66,75.31,22.63,47.613312
2019,308,15.69,30.55,0,61.69,23.64,47.5258752
2019,309,16.65,31.06,0,60.44,22.92,46.6634304
2019,310,16.87,30.94,0,55.75,23.62,48.4519104
2019,311,17.32,30.95,0,56.81,24.62,49.7276928
2019,312,16.54,31.01,0,63.69,24.75,49.2587136
2019,313,16.61,31.3,0.02,64.06,24.01,48.7340928
2019,314,18.11,31.23,0.05,70.06,20.57,41.5404288
2019,315,20.85,31.53,0.18,70,15.09,31.179168
2019,316,19.81,29.22,5.11,81.12,19.29,39.7956672
2019,317,20.24,26.33,24.52,88.5,16.2,33.563808
2019,318,18.36,28.63,0,68.31,10.62,22.5308736
2019,319,17.06,30.08,0,64.62,21.3,43.6905792
2019,320,16.68,30.6,0,61.5,21.88,44.0085312
2019,321,15.91,30.27,0,54.56,21.25,42.4505664
2019,322,15.25,31.22,0,50.88,23.36,46.5163776
2019,323,17.44,31.45,0,54.31,22.72,46.381248
2019,324,18.51,31.69,0,61,19.88,39.9466944
2019,325,17.98,31.37,0,59.5,18.92,37.7806464
2019,326,16.9,31.72,0.06,62.56,19.72,39.7201536
2019,327,17.23,31.56,0,62.44,21.67,43.3766016
2019,328,16.61,31.33,0,52.25,23.1,46.0116288
2019,329,16.71,31.47,0,57.81,23.21,46.242144
2019,330,16.05,31.01,0,57.94,23.2,45.8566272
2019,331,14.23,30.27,0,50.5,23,45.328032
2019,332,12.98,29.84,0,50.56,23.06,45.546624
2019,333,13.82,29.98,0,48.56,21.98,44.592768
2019,334,14.55,30.18,0,48.19,21.72,44.354304
2019,335,13.94,29.79,0,48.44,22.83,45.824832
2019,336,14.12,29.01,0,50.62,18.25,36.1392192
2019,337,13.65,27.83,0,50.5,20.43,40.121568
2019,338,12.84,28.87,0,48.31,20.41,39.8314368
2019,339,12.87,29.35,0,49.94,22.27,43.996608
2019,340,12.52,28.93,0,51.31,22.45,44.0840448
2019,341,11.39,29.19,0,45.81,22.27,44.2032768
2019,342,12.02,28.95,0,46.12,20.28,40.3441344
2019,343,11.71,29.36,0,47.25,21.72,42.3194112
2019,344,11.51,29.4,0,45.56,22.83,44.5490496
2019,345,10.98,28.76,0,46.94,22.59,44.3622528
2019,346,11.33,28.5,0,44.38,22.96,45.0259776
2019,347,11.69,28.53,0,45.19,22.19,43.3328832
2019,348,11.67,27.86,0,41.75,20.42,40.1772096
2019,349,13.6,27.55,0,40.5,21.47,42.883776
2019,350,12.83,29.48,0,40,21.5,43.2454464
2019,351,13.61,28.9,0,44.38,17.76,35.093952
2019,352,14.2,30.66,0,48.12,19.12,38.5437312
2019,353,14.35,29.69,0,48.25,20.76,41.5046592
2019,354,11.5,28.29,0,42.56,20.48,40.4911872
2019,355,11.04,29.42,0,40.62,21.76,43.1182656
2019,356,10.65,29.2,0,38.12,22.01,43.3448064
2019,357,10.32,28.62,0,37.12,22.94,44.831232
2019,358,9.9,29.12,0,38.38,22.61,44.433792
2019,359,10.85,29.27,0,37.31,22.4,44.254944
2019,360,10.77,28.26,0,38.19,17.54,33.7108608
2019,361,11.49,27.95,0,39.12,20.54,40.4832384
2019,362,10.39,28.25,0,38.19,21.26,41.4887616
2019,363,10.36,27.56,0,36.94,22.44,44.0681472
2019,364,9.38,27.61,0,39.19,22.25,44.0641728
2019,365,9.73,27.95,0,39.44,22.31,43.8018624
2020,1,10.25,26.34,0,35.94,22.35,44.4218688
2020,2,8.43,22.85,0,36.38,21.69,42.92352
2020,3,8.3,24.38,0,36.75,17.51,33.6273984
2020,4,9.83,24.44,0,41.62,17.84,34.1480448
2020,5,11.65,26.26,0,46.44,16.52,31.8627648
2020,6,14.05,29.13,0,47,17.94,35.3801088
2020,7,13.48,29.84,0,42.81,19.6,38.869632
2020,8,13.67,30.01,0,39.06,19.66,38.8139904
2020,9,13.51,30.11,0,38.12,19.26,37.796544
2020,10,14.44,32.11,0,42.62,20.39,40.1374656
2020,11,15.18,30.76,0,44.62,19.32,37.3673088
2020,12,13.89,31.95,0,39.25,18.67,36.5128128
2020,13,15.72,32.92,0,41.25,21.17,42.2121024
2020,14,17.23,33.54,0,41.12,22,43.4242944
2020,15,14.23,30.39,0,38,21.42,41.8226112
2020,16,11.83,29.05,0,34.31,21.03,40.3043904
2020,17,11.25,29.12,0,36.44,21.19,40.43952
2020,18,12.83,27.48,0,38.69,17.32,32.1449472
2020,19,12.75,28.06,0,41.5,16.48,30.6982656
2020,20,13.35,30.86,0,42.69,17.79,34.2712512
2020,21,14.38,31.37,0,37.25,20.32,39.9307968
2020,22,13.45,30.48,0,32.19,17.97,34.1877888
2020,23,12.31,29.22,0,27.81,19.61,36.5803776
2020,24,11.14,28.74,0,24.5,20.89,39.3187392
2020,25,10.28,27.69,0,24.69,21.7,40.9522176
2020,26,8.86,29.01,0,28.56,20.43,37.5342336
2020,27,10.51,29.16,0,29.19,21.37,39.5810496
2020,28,10.71,30.47,0,28,21.98,41.413248
2020,29,10.67,30.54,0,24,22.79,42.9712128
2020,30,11.14,30.78,0,24.38,20.89,39.3545088
2020,31,12.4,30.3,0,26.5,21.67,41.8027392
2020,32,12.23,29.62,0,25.06,22.24,42.4942848
2020,33,12.8,30.05,0,26.38,22.54,43.4680128
2020,34,12.12,29.98,0,27.25,23.51,45.4114944
2020,35,13.23,29.48,0,27.81,18.13,35.2171584
2020,36,12.94,29.32,0,28.38,22.19,43.797888
2020,37,13.09,29.77,0,29.88,22.16,43.797888
2020,38,13.69,31.51,0,28.06,22.99,45.1014912
2020,39,14.27,31.44,0,26.44,22.56,44.2668672
2020,40,15.65,32.08,0,30.06,16.4,31.5130176
2020,41,16.94,30.76,0,32.19,15.13,29.4423552
2020,42,14.83,29.87,0,24.31,15.71,28.8302976
2020,43,12.8,27.44,0,25.44,17.98,34.358688
2020,44,13.73,27.59,0,26.12,17.07,31.8309696
2020,45,12.9,31.89,0,26.44,23.81,45.3558528
2020,46,12.81,32.44,0,26.75,24.52,46.1268864
2020,47,13.63,33.27,0,22.62,24.27,44.9862336
2020,48,14.19,32.19,0,24.31,19.18,35.3880576
2020,49,15.58,31.05,0,28.75,18.22,33.1504704
2020,50,15.58,31.26,0,30.38,23.4,44.5967424
2020,51,15.37,32.54,0,30.56,20.67,39.525408
2020,52,16.62,34.23,0,31.75,20.54,40.14144
2020,53,17.12,34.33,0,27.88,23.15,45.5585472
2020,54,16.26,33.04,0,20.94,19.96,38.6470656
2020,55,15.8,30.99,0,23.88,24.63,47.4980544
2020,56,14.77,31.42,0,27.88,17.79,33.2220096
2020,57,14.43,31.94,0,28.62,19.27,35.6265216
2020,58,16.77,34.07,0,31.62,19.91,36.8744832
2020,59,17.29,33.52,0,29.38,17.65,34.3706112
2020,60,20.87,34.95,0,28.81,22.31,43.9489152
2020,61,19.15,36.89,0,31.19,22.53,44.1237888
2020,62,20.73,34.9,0,38.81,20.77,40.4832384
2020,63,19.61,34.94,0,29.12,19.05,37.140768
2020,64,18.51,36.34,0,26.69,22.14,43.6627584
2020,65,18.05,36.6,0,23,24.33,47.6888256
2020,66,17.24,35.78,0,24.69,23.09,44.8948224
2020,67,18.23,36.87,0,27.88,25.8,49.6482048
2020,68,19.05,36.12,0,31.56,22.92,44.8034112
2020,69,19.15,37.36,0,22.88,25.31,49.242816
2020,70,18.15,37.43,0,27.38,24.5,46.878048
2020,71,21.7,34.24,0,49.56,19.48,38.6033472
2020,72,19.22,31.81,0,25.19,22.8,43.1301888
2020,73,16.19,32.64,0,19.44,20.53,38.9968128
2020,74,16,33.55,0,20.19,19.01,35.1177984
2020,75,15.8,35.18,0,18.56,25.71,49.362048
2020,76,15.99,36.27,0,18,27.68,53.3006784
2020,77,16.84,37.08,0,19.44,27.64,53.3205504
2020,78,17.11,37.87,0,19.75,25.88,49.103712
2020,79,18.51,38.55,0,21.25,21.51,40.7852928
2020,80,21.3,36.73,0.1,38.25,21.27,39.2154048
2020,81,20.03,37.74,0.06,49.62,18.15,35.3204928
2020,82,21.62,37.67,0.02,55.94,23.86,47.056896
2020,83,23.26,35.6,2.01,58.69,23.21,47.1920256
2020,84,22.15,28.79,66.84,81,20.5,42.6810816
2020,85,21.3,30.29,17.93,76.75,20.3,42.5976192
2020,86,21.19,32.8,0,67.25,23.92,50.017824
2020,87,21.98,34.64,0,53.38,25.53,52.1798976
2020,88,22.6,35.55,0,47.31,26.24,52.6329792
2020,89,20.65,35.4,1.87,46.94,23.7,46.2739392
2020,90,22.49,34.71,0.23,48.5,18.57,34.2275328
2020,91,20.92,30.32,39.24,79.69,19.85,38.531808
2020,92,21.69,31.23,2.49,79.81,22.45,43.4878848
2020,93,22.52,29.45,0.01,82.94,17.42,35.153568
2020,94,22.66,32.18,0.28,76.25,24.8,50.9239872
2020,95,21.94,33.4,0.11,73.62,23.34,48.2253696
2020,96,22.34,32.4,0.09,74.06,23.79,49.4057664
2020,97,23.19,31.62,4.82,76.44,25.54,53.137728
2020,98,22.7,29.03,39.19,84.5,23.86,49.918464
2020,99,21.94,28.83,9.53,82.19,19.16,39.9745152
2020,100,21.62,26.8,19.06,87.62,18.67,38.1462912
2020,101,21,29.48,14.72,71.06,16.19,32.7530304
2020,102,19.59,30.21,17.53,66.38,17.98,35.0303616
2020,103,19.54,29.54,0,58.06,20.09,38.7146304
2020,104,18.4,32.62,0.01,56.31,23.94,47.5179264
2020,105,18.03,33.08,12.59,54.38,25.77,51.9295104
2020,106,18.47,33.57,11,59.5,23.78,46.9336896
2020,107,20.19,34.3,0,42.88,25.45,49.7435904
2020,108,19.07,34.4,0,42,25.68,50.3516736
2020,109,17.35,34.31,0,59.88,25.42,51.945408
2020,110,21.55,33.7,0,68.88,24.48,50.3119296
2020,111,21.58,32.84,0,70.62,23.06,47.3867712
2020,112,21.63,32.81,0.4,70.25,23.36,48.4558848
2020,113,22.54,31.81,0.55,74.94,22.14,45.6181632
2020,114,21.67,33.72,0.49,73.38,22.48,46.0076544
2020,115,22.3,31.94,0.72,77.06,22.68,46.1865024
2020,116,22.47,33.1,2.96,74.62,23.56,48.6506304
2020,117,22.74,30.44,13.3,81.94,22.92,46.6912512
2020,118,22.44,28.17,28.66,88.12,24.24,49.7276928
2020,119,22.41,30.09,2.6,83.12,24.57,50.852448
2020,120,22.94,29.04,28.63,86.19,22.35,45.8407296
2020,121,22.65,28.44,29.57,89.44,21.19,43.6031424
2020,122,22.16,29.23,1.11,85,24.12,50.4391104
2020,123,22.13,29.23,1.71,84.19,23.31,48.7340928
2020,124,22.8,28.8,1.78,86,22.01,46.1944512
2020,125,22.19,28.77,2.73,84,23.06,47.6212608
2020,126,21.11,33.47,0.44,69.25,22.43,46.3335552
2020,127,20.54,33.37,0.42,67.62,27.02,53.634528
2020,128,21.28,34.11,1.27,65.62,21.45,41.6000448
2020,129,22.33,33.11,2.57,73.44,23.02,47.6292096
2020,130,22.09,30.8,28.82,78.5,17.4,37.3673088
2020,131,21.78,30.93,47.52,78.38,23.1,49.203072
2020,132,22.1,29.51,0.21,83.56,19.14,39.5929728
2020,133,20.84,31.69,0.06,75.81,24.27,50.117184
2020,134,21.83,33.01,0.03,70.12,24.32,49.0083264
2020,135,21.14,33.2,0.18,71.44,26.76,55.2560832
2020,136,22.48,29.87,1.98,82.38,19.64,40.6740096
2020,137,22.74,29.41,15.72,84.06,24.36,51.1664256
2020,138,22.05,29.8,3.1,82.44,23.9,49.8548736
2020,139,21.55,31.73,3.6,79.38,24.31,51.528096
2020,140,22.68,29.8,5.89,83.06,16.94,35.6543424
2020,141,22.14,29.52,7.46,82.19,22.63,47.971008
2020,142,20.02,30.79,14.09,80.56,24.12,50.7173184
2020,143,22.01,30.05,89.65,82.69,21.02,44.6285376
2020,144,21.3,29.29,3.03,82.12,23.22,49.8747456
2020,145,21.16,28.06,19.77,82.06,17.44,37.2679488
2020,146,21.65,28.41,9.48,85.75,21.53,44.692128
2020,147,21.93,29.32,3.89,84.62,23.06,49.3580736
2020,148,21.69,28.87,3.96,82.25,16.46,34.8197184
2020,149,22.18,29.47,0.35,82.44,21.3,43.837632
2020,150,21.77,31.65,0.23,79.62,20.66,42.3194112
2020,151,22.34,29.76,0.75,83.5,22.69,47.6252352
2020,152,21.92,30.15,1.39,83.56,21.03,43.9290432
2020,153,21.86,29.44,1.02,83.12,21.16,43.4560896
2020,154,22.56,30.53,2.08,83.44,20.78,42.8877504
2020,155,22,31.03,3.13,82.12,23.54,48.8572992
2020,156,22.15,28.15,2.49,86.88,17.48,36.544608
2020,157,21.73,30.02,7.27,82,18.97,39.8274624
2020,158,21.74,28.4,7.8,84.88,17.13,35.8570368
2020,159,21.48,31.44,12.11,80.19,25.03,52.3547712
2020,160,21.37,32.5,8.31,77.88,23.1,47.4781824
2020,161,21.98,26.72,28.6,90.62,17.13,35.4158784
2020,162,21.43,27.59,2,86.19,24.6,51.5757888
2020,163,20.83,28.74,13.56,84.44,23.42,48.6943488
2020,164,21.62,30.19,10.81,81.06,16.82,35.1694656
2020,165,21.43,26.95,6.05,88.5,23.85,50.2324416
2020,166,21.43,30.02,5.51,85.31,23.43,48.9725568
2020,167,21.37,29.77,0.36,82.94,22.22,46.440864
2020,168,21.84,30.01,0.32,83.06,22.55,46.9416384
2020,169,22.44,28.15,2.14,88.5,19.39,40.3719552
2020,170,21.79,26.47,3.57,89.38,18.53,39.028608
2020,171,21.3,27.36,2.39,86.69,21.14,44.8948224
2020,172,20.5,30.56,0.33,77.88,23.04,48.5949888
2020,173,20.9,29.87,0.82,81.12,21.6,45.0418752
2020,174,21.52,27.56,0.61,84.88,18.32,38.5874496
2020,175,20.69,29.05,1.38,81,24.68,52.720416
2020,176,20.11,31.36,0.39,77.44,24.43,51.5837376
2020,177,21.5,29.47,0.99,83.88,22.36,46.3931712
2020,178,21.99,27.98,2.12,86,19.01,38.8139904
2020,179,21.66,26.89,3.04,87,22.43,47.0211264
2020,180,20.87,27.08,3.68,85.88,15.91,33.7267584
2020,181,20.77,27.93,8.15,86.69,15.8,33.5876544
2020,182,20.92,28.9,1.32,83.94,18.48,39.3028416
2020,183,20.78,29.15,0.32,81.31,22.43,47.2595904
2020,184,20.3,30.47,0.27,78.44,25.68,55.1765952
2020,185,22.09,28.58,9.39,84.19,18.09,37.9197504
2020,186,21.15,26.18,5.4,89.31,11.78,25.3050048
2020,187,20.94,26.54,73.1,87.75,21.19,45.2843136
2020,188,20.01,29.02,41.46,82.31,20.18,43.0467264
2020,189,21.12,27.24,121.53,89.31,18.55,39.9705408
2020,190,20.99,28.19,54.04,87.38,22.89,49.0361472
2020,191,21.57,27.71,38.54,88,19.9,42.605568
2020,192,21.15,25.07,6.27,92.19,17.1,36.1988352
2020,193,20.31,27.94,6.34,83.19,21.29,45.4154688
2020,194,20.51,26.66,9.96,87.62,10.58,22.991904
2020,195,20.62,27.33,2.08,86.5,19.74,42.1326144
2020,196,20.17,26.42,9.72,88.94,17.2,36.7711488
2020,197,19.83,27.3,15.2,88.38,14.83,31.3739136
2020,198,19.91,26.3,15.55,89.06,18.09,38.9371968
2020,199,19.44,25.62,21.61,90.12,18.05,38.3609088
2020,200,19.84,26.03,10.81,88.81,18.26,39.34656
2020,201,19.44,27.4,3.42,87.25,19.1,40.658112
2020,202,20.05,26.74,15.43,89,19.66,41.1986304
2020,203,19.85,26.42,27.8,86.75,21.42,45.9281664
2020,204,19.4,27.54,18.49,86.44,19.08,40.658112
2020,205,20.81,25.36,86.59,91.56,21.04,45.4512384
2020,206,20.51,25.01,28.35,92.25,16.07,34.6647168
2020,207,20.13,27.76,7.37,85.56,18.96,41.0436288
2020,208,20.3,28.25,11.73,85.5,19.38,41.6358144
2020,209,21.35,25.75,44.36,90.69,12.21,26.787456
2020,210,20.62,27.73,0.66,86.62,23.21,49.7157696
2020,211,20.44,27.46,1.95,88,21.71,46.2659904
2020,212,20.96,26.26,2.41,90.5,14.59,31.0917312
2020,213,20.44,25.28,13.82,92.12,19.08,41.4211968
2020,214,20.01,27.25,0.2,88.88,16.92,36.6161472
2020,215,20.7,27.21,2.39,89.94,18.77,40.7296512
2020,216,20.73,24.65,8.36,92.88,5.95,13.5844992
2020,217,20.33,26.23,3.72,89.31,11.88,26.2350144
2020,218,20.02,27.15,16.91,89.31,17.9,38.3052672
2020,219,20.3,26.62,28.29,91.5,4.58,10.6792128
2020,220,19.62,23.55,49.57,93.19,10.99,24.44256
2020,221,19.02,26.19,3.77,90.06,17.56,38.0071872
2020,222,18.83,26.59,16.19,90.06,15.66,33.941376
2020,223,20.44,25.07,12.65,93.12,5.48,12.6942336
2020,224,19.58,23.27,15.91,93.12,13.15,28.993248
2020,225,18.59,27.19,2.39,87.25,24.36,52.819776
2020,226,20.27,27.4,23.77,89.56,18.76,40.4315712
2020,227,21.37,27.12,12.47,89.31,15.39,33.4525248
2020,228,20.35,27.08,0.19,88.94,19.67,42.5578752
2020,229,19.62,28.21,0.52,87.88,22.53,47.89152
2020,230,20.9,26.99,0.66,89.62,17.61,37.8800064
2020,231,19.81,28.48,0.83,84.31,20.71,45.1452096
2020,232,21.01,29.2,3.61,82.19,22.14,47.911392
2020,233,20.95,29.84,9.95,81.31,19.94,42.6969792
2020,234,20.93,25.71,24.02,91.38,8.43,18.8267328
2020,235,20.32,27.85,1.53,88.38,18.84,40.7455488
2020,236,20.93,25.6,25.07,92.62,15.19,32.9795712
2020,237,19.64,23.18,12.41,94.19,10.84,24.0928128
2020,238,19.55,26.2,1.1,88.31,16.89,36.624096
2020,239,19.7,26.51,2.21,88.62,17.14,37.3832064
2020,240,20.76,25.41,2.22,92.31,22.11,48.129984
2020,241,20.36,25.83,7.92,92.25,7.79,17.6503104
2020,242,19.76,23.36,25.34,92.12,15.11,33.2856
2020,243,18.91,26.2,83.24,89.81,14.67,32.0575104
2020,244,19.55,27.03,21.52,89.25,22.14,48.070368
2020,245,21.21,24.79,6.87,92.62,19.36,42.2915904
2020,246,20.31,25.52,6.15,90.38,17.76,38.8338624
2020,247,19.53,27.62,4.25,81.44,21.18,45.8208576
2020,248,20.45,26.72,25.99,86.44,8.12,18.2464704
2020,249,20.01,25.8,32.76,90.19,17.37,37.8005184
2020,250,19.76,25.09,35.69,91.94,12.26,26.9225856
2020,251,18.94,27.4,1.57,84.62,21.48,46.4965056
2020,252,19.36,28.37,8.43,84.5,22.58,48.6864
2020,253,20.83,28,7.67,88.69,19.58,42.168384
2020,254,19.68,27.09,10.42,89.38,17.88,38.4165504
2020,255,20.49,28.71,3.73,81.38,17.52,37.379232
2020,256,21.32,29.12,8.87,78,23.26,49.7952576
2020,257,20.71,27.42,4.44,86.5,12.61,27.7373376
2020,258,20.37,26.52,3.36,86.38,21.18,45.626112
2020,259,20.35,27.2,4.45,89.12,8.29,18.520704
2020,260,19.94,27.45,4.05,89,19.54,42.3949248
2020,261,20.19,25.51,6.96,90.5,12.68,28.079136
2020,262,19.43,28.6,2.29,86.06,21.93,47.0886912
2020,263,20.9,29.03,1.61,83.25,24.34,52.3110528
2020,264,19.97,26.57,7.14,90.06,18.25,39.2472
2020,265,19.81,27.01,3.93,88,10.08,22.3838208
2020,266,19.64,27.7,0.54,85.38,18.54,39.94272
2020,267,19.02,28.51,1.26,81.56,23.62,50.5861632
2020,268,20.68,28.55,18.7,82.88,19.91,42.0650496
2020,269,21.13,26.87,12.6,89.88,17.91,38.3887296
2020,270,21.05,26.73,33.39,84.44,18.19,38.1701376
2020,271,19.72,27.87,2.24,82.5,21.58,45.4035456
2020,272,20.3,28.59,3.74,82.69,16.81,35.6662656
2020,273,20.48,27.39,8.31,88.5,17.4,36.842688
2020,274,20.34,26.93,3.12,89.44,20.12,43.5276288
2020,275,19.23,27.77,6.57,86.88,23.63,50.633856
2020,276,20.08,28.12,4.76,86.56,15.19,32.749056
2020,277,20.03,27.34,18.02,84.81,8.72,19.2639168
2020,278,18.24,29.08,0.66,76.69,24.6,52.5972096
2020,279,20.38,29.73,0.97,76.88,20.21,43.3328832
2020,280,21.17,28.94,4.43,80.88,23.2,49.5130752
2020,281,20.75,26.4,4.1,88.56,22.96,49.222944
2020,282,19.77,27.98,9.1,83.81,18.63,40.0261824
2020,283,20.73,26.52,12.3,85.69,19.09,41.1668352
2020,284,18.81,28.3,3.45,85.19,23.42,50.3119296
2020,285,19.55,29.51,2.5,78.25,22.84,48.7579392
2020,286,18.55,29.54,0.21,79.19,23.63,49.620384
2020,287,20.01,30.43,0.02,68,23.55,49.1553792
2020,288,20.16,28.42,4.67,83.31,21.92,46.0473984
2020,289,20.3,29.13,11.44,82.38,19.92,41.9656896
2020,290,19.69,29.33,3.13,82.25,23.62,50.156928
2020,291,19.28,29.44,2.94,82.88,20.34,42.903648
2020,292,20.41,29.87,4.8,76.44,24.15,51.6036096
2020,293,20.71,30.16,1.65,71.12,23.34,49.1673024
2020,294,18.65,30.23,0.03,66.19,23.68,49.7555136
2020,295,19.55,30.01,0.2,63.44,23.77,49.2984576
2020,296,17.6,29.28,0.01,71.19,23.89,48.6943488
2020,297,14.67,28.83,0,68.75,23.38,46.3852224
2020,298,16.76,27.9,0,69.12,19.06,38.2536
2020,299,16.53,25.73,0,75.12,18.63,36.5008896
2020,300,16.48,27.22,0,68.62,20.76,40.83696
2020,301,16.66,27.99,0,67.5,22.18,43.9290432
2020,302,14.95,28.43,0,67.56,23.51,47.1045888
2020,303,14.76,28.6,0,66.94,24.26,49.1792256
2020,304,15.3,28.68,0,68.94,23.43,47.6649792
2020,305,15.23,28.41,0,70.69,22.03,44.2986624
2020,306,14.98,27.48,0,72.06,18.01,35.7775488
2020,307,16.26,26.23,0.02,75.19,17.68,34.2871488
2020,308,16.23,26.58,0.79,79.38,18.7,37.9435968
2020,309,17.05,23.65,2.94,83.38,18.33,37.2321792
2020,310,16.73,27.38,0,74.5,19.91,39.565152
2020,311,15.51,27.68,0,71.62,21.96,43.5554496
2020,312,13.77,27.14,0,68.44,22.02,43.4521152
2020,313,13.68,26.53,0,67.12,22.2,44.5848192
2020,314,14.24,26.87,0,67.94,23.72,47.4901056
2020,315,13.95,27.12,0,68.5,23.1,45.9003456
2020,316,14.19,26.87,0,70.25,22.26,44.3900736
2020,317,14.81,26.98,4.73,69.38,22.73,45.4909824
2020,318,15.48,27.4,0.56,68.62,21.63,43.5554496
2020,319,16.58,27.66,0,70.88,20.08,40.717728
2020,320,14.4,26.45,0,69.38,19.79,38.9729664
2020,321,13.47,26.73,0,67.88,21.11,41.8544064
2020,322,12.7,26.94,0,67.19,22.2,43.8614784
2020,323,11.87,26.38,0,65.56,21.16,41.2105536
2020,324,11.81,26.54,0,65.75,22.89,44.81136
2020,325,12.58,27.22,0,68.5,22.02,42.9990336
2020,326,14.46,27.44,0,70.56,20.59,40.360032
2020,327,14.82,27.66,0,70.88,20.83,40.9204224
2020,328,16.52,28.73,0,73.38,21,40.9720896
2020,329,16.57,29.82,0,69.62,21.24,41.5761984
2020,330,16.98,29.58,0,68.88,20.8,40.8051648
2020,331,16.34,28.99,0,70.44,22.13,44.1516096
2020,332,15.44,28.73,0,70.25,22.08,43.8932736
2020,333,15.15,28.19,0,68.62,22.1,43.698528
2020,334,13.3,27.84,0,60.25,23.2,45.3240576
2020,335,11.55,28.04,0,59.81,23.92,46.7468928
2020,336,11.69,28.01,0,60.81,22.7,44.4695616
2020,337,11.61,27.63,0,60.19,23.19,45.7334208
2020,338,11.38,27.9,0,59.12,22.64,44.5411008
2020,339,11.95,29.17,0,54.88,22.62,45.149184
2020,340,14.44,29.44,0,52.5,22.93,45.4194432
2020,341,14.03,29.71,0,57.62,22.28,44.0244288
2020,342,14.52,29.36,0,62.5,21.19,42.0809472
2020,343,15.07,28.62,0,63.06,22.15,43.7104512
2020,344,14.42,29.48,0,60.19,22.16,43.5117312
2020,345,14.4,29.64,0,59.31,19.94,38.4205248
2020,346,15.53,28.89,0,60.69,22.07,43.6071168
2020,347,14.94,29.74,0,57.81,21.98,43.5157056
2020,348,15.58,30.12,0,62.69,22.31,44.592768
2020,349,15.19,29.18,0,59.31,22.35,44.712
2020,350,13.49,28.94,0,59.94,22.64,44.374176
2020,351,13.36,28.29,0,59.88,22.15,43.0507008
2020,352,11.93,27.66,0,58.69,18.39,35.2767744
2020,353,13.37,28.34,0,61.12,20.86,40.6223424
2020,354,14.73,26.1,0,64.19,21.18,42.2200512
2020,355,13.25,28.41,0,60.12,20.53,40.717728
2020,356,13.51,28.25,0,58.88,21.56,43.1778816
2020,357,13.76,29.15,0,58.25,19.61,38.9968128
2020,358,13.94,28.83,0,57.81,20.87,41.870304
2020,359,12.83,28.01,0,56.94,21.6,42.9473664
2020,360,11.65,26.83,0,55.88,21.52,43.02288
2020,361,11.58,26.38,0,61.38,17.66,33.8300928
2020,362,12.55,27.47,0,62.81,18.02,34.5931776
2020,363,12.65,26.83,0,62.19,21.82,43.4958336
2020,364,12.94,28.15,0,61.31,22.09,44.3185344
2020,365,14.1,29.52,0,61.81,21.28,42.685056
2020,366,14.94,29.71,0,61.5,22.07,43.7939136
