plant_name,plot_name,accession_name,plot_number,block_number,is_a_control,rep_number,row_number,col_number,plant_number,FieldNotes,Picture,"stem number counting			|CO_334:0000129","branching level counting			|CO_334:0000079","number of forks on branching level 1 counting			|CO_334:0000522","number of forks on branching level 2 counting			|CO_334:0000523","number of forks on branching level 3 counting			|CO_334:0000524","number of forks on branching level 4 counting			|CO_334:0000524-Copy-(0)",Plant height at first branching  Level,Plant height at second branching  Level,Plant height at third branching  Level,Plant height at fourth branching  Level,"plant height with leaf in cm			|CO_334:0000123","number of nodes at branching level 1 counting			|CO_334:0000352","number of nodes at branching level 2 counting			|CO_334:0000363","number of nodes at branching level 3 counting			|CO_334:0000368","number of nodes at branching level 4 counting			|CO_334:0000383","days to first forking event visual observation			|CO_334:0000467","days to second forking event visual observation			|CO_334:0000468","days to senescence on the first branch visual observation			|CO_334:0000518","days to third forking event visual observation			|CO_334:0000469","leaf life span in days			|CO_334:0000049",Leaf Lobe Counting,"leaf_1 lobe length measurement in cm			|CO_334:0000164","leaf_1 lobe Width measurement in cm			|CO_334:0000164-Copy-(0)","leaf_2 lobe length measurement in cm			|CO_334:0000164-Copy-(0)","leaf_2 lobe Width measurement in cm			|CO_334:0000164-Copy-(1)","leaf_3 lobe length measurement in cm - Leaf 1		|CO_334:0000164-Copy-(1)","leaf_3 lobe width measurement in cm			|CO_334:0000165",notes,"stem diameter measurement in cm|month 5			|COMP:0000129",Section_1 from branching_1-2_diameter,section from Branching_2-3_diameter,section from Branching_3-4_diameter
2022-21.GS.C2.UYT.36.setA.IB-rep1-TMS14F1223P0007_101_plant_1,2022-21.GS.C2.UYT.36.setA.IB-rep1-TMS14F1223P0007_101,TMS14F1223P0007,101,1,,1,1,1,1,,,3,2,2,2,0,0,50,0,0,0,95,11,1,0,0,,40,,0,,6,11,4,12,4.6,11.9,4.7,,10.68,6.24,0,0
2022-21.GS.C2.UYT.36.setA.IB-rep1-TMS14F1223P0007_101_plant_2,2022-21.GS.C2.UYT.36.setA.IB-rep1-TMS14F1223P0007_101,TMS14F1223P0007,101,1,,1,1,1,2,,,2,2,2,2,0,,60,105,0,0,115,21,5,0,0,,14,,14,,7,14,5,16.5,5.5,14.5,5,,18.7,10.97,4.2,
2022-21.GS.C2.UYT.36.setA.IB-rep1-TMS14F1223P0007_101_plant_3,2022-21.GS.C2.UYT.36.setA.IB-rep1-TMS14F1223P0007_101,TMS14F1223P0007,101,1,,1,1,1,3,,,,,,,,,,0,0,0,,,,,,,,,,,,,,,,,,,,,,
2022-21.GS.C2.UYT.36.setA.IB-rep1-TMS14F1223P0007_101_plant_4,2022-21.GS.C2.UYT.36.setA.IB-rep1-TMS14F1223P0007_101,TMS14F1223P0007,101,1,,1,1,1,4,,,2,2,2,2,0,,60,105,0,0,125,16,4,0,0,,14,,0,,7,13,5,15.5,5.5,13.5,4.8,,17.6,12.07,4.31,0
2022-21.GS.C2.UYT.36.setA.IB-rep1-TMS14F1223P0007_101_plant_5,2022-21.GS.C2.UYT.36.setA.IB-rep1-TMS14F1223P0007_101,TMS14F1223P0007,101,1,,1,1,1,5,,,4,1,2,0,0,,100,0,0,0,105,3,0,0,0,,14,,0,,7,13.5,4,12,4.2,13,5,fidid,8.31,3.37,,
2022-21.GS.C2.UYT.36.setA.IB-rep1-TMS14F1194P0002_102_plant_1,2022-21.GS.C2.UYT.36.setA.IB-rep1-TMS14F1194P0002_102,TMS14F1194P0002,102,1,,1,1,2,1,,,4,1,3,0,0,,135,,,,150,7,0,0,0,,0,,,,9,16,7,14,5,12.5,4.5,,18.99,7.6,,
2022-21.GS.C2.UYT.36.setA.IB-rep1-TMS14F1194P0002_102_plant_2,2022-21.GS.C2.UYT.36.setA.IB-rep1-TMS14F1194P0002_102,TMS14F1194P0002,102,1,,1,1,2,2,,,3,1,3,0,0,,100,,,,140,12,0,0,0,,0,,0,,7,13,5,12,4.5,12.5,4.5,,18.14,7.9,,
2022-21.GS.C2.UYT.36.setA.IB-rep1-TMS14F1194P0002_102_plant_3,2022-21.GS.C2.UYT.36.setA.IB-rep1-TMS14F1194P0002_102,TMS14F1194P0002,102,1,,1,1,2,3,,,4,1,2,0,0,,115,,,,135,4,0,0,0,,0,,0,,9,16,5.3,15.5,5.5,13,4.6,,13.28,9.79,,
2022-21.GS.C2.UYT.36.setA.IB-rep1-TMS14F1194P0002_102_plant_4,2022-21.GS.C2.UYT.36.setA.IB-rep1-TMS14F1194P0002_102,TMS14F1194P0002,102,1,,1,1,2,4,,,4,0,0,0,0,,0,0,0,0,155,0,0,0,0,,0,,0,,7,13,4,14.5,5,14.5,2,,13.48,,,
2022-21.GS.C2.UYT.36.setA.IB-rep1-TMS14F1194P0002_102_plant_5,2022-21.GS.C2.UYT.36.setA.IB-rep1-TMS14F1194P0002_102,TMS14F1194P0002,102,1,,1,1,2,5,,,4,1,3,0,0,,145,,,,170,3,0,0,0,,0,,,,7,11.5,3.5,16,5,11.5,4,,18.23,6.8,,
2022-21.GS.C2.UYT.36.setA.IB-rep1-TMS14F1195P0005_103_plant_1,2022-21.GS.C2.UYT.36.setA.IB-rep1-TMS14F1195P0005_103,TMS14F1195P0005,103,1,,1,1,3,1,,,1,2,2,3,0,,25,90,0,0,140,17,10,0,0,,,,,,9,13.5,4.3,14.5,4.5,14.5,5,,20.4,16.04,10.42,0
2022-21.GS.C2.UYT.36.setA.IB-rep1-TMS14F1195P0005_103_plant_2,2022-21.GS.C2.UYT.36.setA.IB-rep1-TMS14F1195P0005_103,TMS14F1195P0005,103,1,,1,1,3,2,,,1,3,2,4,3,,25,85,160,0,160,28,6,0,0,,,,,,7,13.5,4.5,11.5,3.6,11.5,3.7,,27.8,21.33,17.82,9.94
2022-21.GS.C2.UYT.36.setA.IB-rep1-TMS14F1195P0005_103_plant_3,2022-21.GS.C2.UYT.36.setA.IB-rep1-TMS14F1195P0005_103,TMS14F1195P0005,103,1,,1,1,3,3,,,2,2,3,3,0,0,70,150,0,0,160,28,2,0,0,,,,,,9,13,4.4,13.5,4.4,14,4.5,,23.43,16.47,8.85,0
2022-21.GS.C2.UYT.36.setA.IB-rep1-TMS14F1195P0005_103_plant_4,2022-21.GS.C2.UYT.36.setA.IB-rep1-TMS14F1195P0005_103,TMS14F1195P0005,103,1,,1,1,3,4,,,3,2,3,3,0,,60,140,0,0,165,24,5,0,0,,,,,,9,14.5,5,14,4.7,14,4.3,,26.03,17.13,10.6,0
2022-21.GS.C2.UYT.36.setA.IB-rep1-TMS14F1195P0005_103_plant_5,2022-21.GS.C2.UYT.36.setA.IB-rep1-TMS14F1195P0005_103,TMS14F1195P0005,103,1,,1,1,3,5,,,1,2,3,3,0,,20,50,0,0,140,18,20,0,0,,,,,,9,14,4,15.5,4.8,13,3.8,,24.69,11.28,15.01,0
2022-21.GS.C2.UYT.36.setA.IB-rep1-TMS14F1303P0012_104_plant_1,2022-21.GS.C2.UYT.36.setA.IB-rep1-TMS14F1303P0012_104,TMS14F1303P0012,104,1,,1,1,4,1,,,5,2,3,2,0,,90,185,0,0,205,22,3,0,0,,,,,,7,16,4.3,15.5,5,15,4.5,,19.67,12.88,5.5,0
2022-21.GS.C2.UYT.36.setA.IB-rep1-TMS14F1303P0012_104_plant_2,2022-21.GS.C2.UYT.36.setA.IB-rep1-TMS14F1303P0012_104,TMS14F1303P0012,104,1,,1,1,4,2,,,4,2,3,2,0,,95,205,0,0,215,22,2,0,0,,,,,,7,17,5.6,14.5,4.5,14.5,4.3,,21.33,12.44,6.86,0
2022-21.GS.C2.UYT.36.setA.IB-rep1-TMS14F1303P0012_104_plant_3,2022-21.GS.C2.UYT.36.setA.IB-rep1-TMS14F1303P0012_104,TMS14F1303P0012,104,1,,1,1,4,3,,,2,2,2,2,0,,100,205,0,0,225,24,3,0,0,,,,,,9,18,6,22,6.5,16,5,,18.83,14.09,8.27,0
2022-21.GS.C2.UYT.36.setA.IB-rep1-TMS14F1303P0012_104_plant_4,2022-21.GS.C2.UYT.36.setA.IB-rep1-TMS14F1303P0012_104,TMS14F1303P0012,104,1,,1,1,4,4,,,3,1,2,0,0,0,160,0,0,0,210,7,0,0,0,,,,,,7,17.4,5.8,17,5,16.5,5,,15.71,8.7,0,0
2022-21.GS.C2.UYT.36.setA.IB-rep1-TMS14F1303P0012_104_plant_5,2022-21.GS.C2.UYT.36.setA.IB-rep1-TMS14F1303P0012_104,TMS14F1303P0012,104,1,,1,1,4,5,,,5,1,2,0,0,,165,0,0,0,210,8,0,0,0,,,,,,7,17,5.4,15.5,4.8,17.5,5.5,,15.17,8.71,0,0
2022-21.GS.C2.UYT.36.setA.IB-rep1-TMS13F2207P0001_105_plant_1,2022-21.GS.C2.UYT.36.setA.IB-rep1-TMS13F2207P0001_105,TMS13F2207P0001,105,1,,1,1,5,1,,,4,1,2,0,0,,140,0,0,0,185,8,0,0,0,,,,,,7,16.5,4.3,16,4,13,3.5,,15.51,8.48,0,0
2022-21.GS.C2.UYT.36.setA.IB-rep1-TMS13F2207P0001_105_plant_2,2022-21.GS.C2.UYT.36.setA.IB-rep1-TMS13F2207P0001_105,TMS13F2207P0001,105,1,,1,1,5,2,,,3,2,2,3,0,,105,190,0,0,200,16,1,0,0,,,,,,7,13,4,15.5,4,15,3.9,,15.61,15.01,8.46,0
2022-21.GS.C2.UYT.36.setA.IB-rep1-TMS13F2207P0001_105_plant_3,2022-21.GS.C2.UYT.36.setA.IB-rep1-TMS13F2207P0001_105,TMS13F2207P0001,105,1,,1,1,5,3,,,1,1,3,0,0,0,125,,,,175,14,0,0,0,,,,,,7,17,4.8,14,3.5,15,4,,22.54,14.1,,
2022-21.GS.C2.UYT.36.setA.IB-rep1-TMS13F2207P0001_105_plant_4,2022-21.GS.C2.UYT.36.setA.IB-rep1-TMS13F2207P0001_105,TMS13F2207P0001,105,1,,1,1,5,4,,,2,2,3,3,0,,105,175,,,200,20,3,0,0,,,,,,9,19,4.8,16,5,15.5,4.5,,25.79,15.36,12.71,0
2022-21.GS.C2.UYT.36.setA.IB-rep1-TMS13F2207P0001_105_plant_5,2022-21.GS.C2.UYT.36.setA.IB-rep1-TMS13F2207P0001_105,TMS13F2207P0001,105,1,,1,1,5,5,,,2,2,3,3,0,,110,155,0,0,170,23,2,0,0,,,,,,7,13,3.5,17,4.4,16,4,,21.45,13.15,6.59,
2022-21.GS.C2.UYT.36.setA.IB-rep1-TMS14F1285P0017_106_plant_1,2022-21.GS.C2.UYT.36.setA.IB-rep1-TMS14F1285P0017_106,TMS14F1285P0017,106,1,,1,1,6,1,,,5,0,0,0,0,0,0,,,,130,0,0,0,0,,,,,,7,14.5,4.5,15,5,14.5,4.3,,14.92,,,
2022-21.GS.C2.UYT.36.setA.IB-rep1-TMS14F1285P0017_106_plant_2,2022-21.GS.C2.UYT.36.setA.IB-rep1-TMS14F1285P0017_106,TMS14F1285P0017,106,1,,1,1,6,2,,,3,0,0,0,0,,0,,,,105,0,0,0,0,,,,,,7,14,4,16,4.5,15,4,,14.65,,,
2022-21.GS.C2.UYT.36.setA.IB-rep1-TMS14F1285P0017_106_plant_3,2022-21.GS.C2.UYT.36.setA.IB-rep1-TMS14F1285P0017_106,TMS14F1285P0017,106,1,,1,1,6,3,,,3,0,0,0,0,,0,,,,125,0,0,0,0,,,,,,7,15,4.3,17,5.5,13,4.5,,19.18,,,
2022-21.GS.C2.UYT.36.setA.IB-rep1-TMS14F1285P0017_106_plant_4,2022-21.GS.C2.UYT.36.setA.IB-rep1-TMS14F1285P0017_106,TMS14F1285P0017,106,1,,1,1,6,4,,,5,0,0,0,0,,0,,,,120,0,0,0,0,,,,,,7,16,4.5,14,4.4,13,4.5,,18.45,,,
2022-21.GS.C2.UYT.36.setA.IB-rep1-TMS14F1285P0017_106_plant_5,2022-21.GS.C2.UYT.36.setA.IB-rep1-TMS14F1285P0017_106,TMS14F1285P0017,106,1,,1,1,6,5,,,4,0,0,0,0,,0,,,,110,0,0,0,0,,,,,,7,14,4.5,13,4.3,13,4.5,,17.26,,,
2022-21.GS.C2.UYT.36.setA.IB-rep1-TMS14F1224P0004_107_plant_1,2022-21.GS.C2.UYT.36.setA.IB-rep1-TMS14F1224P0004_107,TMS14F1224P0004,107,1,,1,1,7,1,,,2,3,2,3,3,0,30,100,170,0,180,16,12,2,0,,,,,,7,14,4.5,12,3.4,16.3,5,,22.84,17.53,12.31,3.96
2022-21.GS.C2.UYT.36.setA.IB-rep1-TMS14F1224P0004_107_plant_2,2022-21.GS.C2.UYT.36.setA.IB-rep1-TMS14F1224P0004_107,TMS14F1224P0004,107,1,,1,1,7,2,,,1,3,2,4,3,0,35,60,75,0,145,15,10,2,0,,,,,,7,13,4,11,3,17,4.8,,22.92,16.82,10.04,4.96
2022-21.GS.C2.UYT.36.setA.IB-rep1-TMS14F1224P0004_107_plant_3,2022-21.GS.C2.UYT.36.setA.IB-rep1-TMS14F1224P0004_107,TMS14F1224P0004,107,1,,1,1,7,3,,,3,2,2,3,,0,60,115,0,0,145,14,7,0,0,,,,,,7,13,4,12,3.4,13,3.5,,14.8,16.96,4.97,0
2022-21.GS.C2.UYT.36.setA.IB-rep1-TMS14F1224P0004_107_plant_4,2022-21.GS.C2.UYT.36.setA.IB-rep1-TMS14F1224P0004_107,TMS14F1224P0004,107,1,,1,1,7,4,,,2,3,5,2,3,0,35,100,140,0,155,14,10,0,0,,,,,,7,13,4.5,13,3.8,11,3.1,,17.23,13.65,8.69,4.89
2022-21.GS.C2.UYT.36.setA.IB-rep1-TMS14F1224P0004_107_plant_5,2022-21.GS.C2.UYT.36.setA.IB-rep1-TMS14F1224P0004_107,TMS14F1224P0004,107,1,,1,1,7,5,,,,,,,,,,,,,,,,,,,,,,,,,,,,,,,,,,
2022-21.GS.C2.UYT.36.setA.IB-rep1-IITA-TMS-IBA980581_108_plant_1,2022-21.GS.C2.UYT.36.setA.IB-rep1-IITA-TMS-IBA980581_108,IITA-TMS-IBA980581,108,1,1,1,1,8,1,,,3,1,4,0,0,,135,0,0,0,160,12,0,0,0,,,,,,7,13.5,6.5,19,6.4,20,7,,22.58,12.36,,
2022-21.GS.C2.UYT.36.setA.IB-rep1-IITA-TMS-IBA980581_108_plant_2,2022-21.GS.C2.UYT.36.setA.IB-rep1-IITA-TMS-IBA980581_108,IITA-TMS-IBA980581,108,1,1,1,1,8,2,,,2,1,3,0,0,,95,,,,160,27,0,0,0,,,,,,9,18,6.5,18.5,6,17,6,,28.1,16.42,,
2022-21.GS.C2.UYT.36.setA.IB-rep1-IITA-TMS-IBA980581_108_plant_3,2022-21.GS.C2.UYT.36.setA.IB-rep1-IITA-TMS-IBA980581_108,IITA-TMS-IBA980581,108,1,1,1,1,8,3,,,4,0,0,0,0,,0,,,,140,0,0,0,0,,,,,,7,18,6,18.5,5.9,18,5.8,,17.58,,,
2022-21.GS.C2.UYT.36.setA.IB-rep1-IITA-TMS-IBA980581_108_plant_4,2022-21.GS.C2.UYT.36.setA.IB-rep1-IITA-TMS-IBA980581_108,IITA-TMS-IBA980581,108,1,1,1,1,8,4,,,1,0,0,0,0,,0,,,,140,0,0,0,0,,,,,,7,17,5.7,17.5,6.2,18,6,,19.86,,,
2022-21.GS.C2.UYT.36.setA.IB-rep1-IITA-TMS-IBA980581_108_plant_5,2022-21.GS.C2.UYT.36.setA.IB-rep1-IITA-TMS-IBA980581_108,IITA-TMS-IBA980581,108,1,1,1,1,8,5,,,1,2,3,4,0,,70,135,0,0,175,15,24,0,0,,,,,,7,18,6,17,5.5,15,5.5,,32.21,13.71,14.83,
2022-21.GS.C2.UYT.36.setA.IB-rep1-TMS14F1016P0006_109_plant_1,2022-21.GS.C2.UYT.36.setA.IB-rep1-TMS14F1016P0006_109,TMS14F1016P0006,109,1,,1,1,9,1,,,1,1,2,0,0,,75,,,,95,5,0,0,0,,,,,,7,13,4.5,13.5,4.4,13.5,5,,15.91,,,
2022-21.GS.C2.UYT.36.setA.IB-rep1-TMS14F1016P0006_109_plant_2,2022-21.GS.C2.UYT.36.setA.IB-rep1-TMS14F1016P0006_109,TMS14F1016P0006,109,1,,1,1,9,2,,,2,1,2,0,0,,90,,,,115,8,0,0,8,,,,,,9,14.5,5,14,5.3,12,4.5,,15.92,,,
2022-21.GS.C2.UYT.36.setA.IB-rep1-TMS14F1016P0006_109_plant_3,2022-21.GS.C2.UYT.36.setA.IB-rep1-TMS14F1016P0006_109,TMS14F1016P0006,109,1,,1,1,9,3,,,4,1,3,0,0,,105,,,,120,6,0,0,0,,,,,,7,13,5,12,4.5,13,5,,14.47,6.39,,
2022-21.GS.C2.UYT.36.setA.IB-rep1-TMS14F1016P0006_109_plant_4,2022-21.GS.C2.UYT.36.setA.IB-rep1-TMS14F1016P0006_109,TMS14F1016P0006,109,1,,1,1,9,4,,,1,1,3,0,0,,100,,,,140,10,0,0,0,,,,,,9,16.5,6,15,5,15.5,5,,28.34,9.86,,
2022-21.GS.C2.UYT.36.setA.IB-rep1-TMS14F1016P0006_109_plant_5,2022-21.GS.C2.UYT.36.setA.IB-rep1-TMS14F1016P0006_109,TMS14F1016P0006,109,1,,1,1,9,5,,,3,1,3,0,0,,95,,,,105,2,0,0,0,,,,,,6,13,4,11.5,4,13,4.5,,14.6,5.15,,
2022-21.GS.C2.UYT.36.setA.IB-rep1-TMS14F1300P0008_110_plant_1,2022-21.GS.C2.UYT.36.setA.IB-rep1-TMS14F1300P0008_110,TMS14F1300P0008,110,1,,1,2,9,1,,,2,1,4,0,0,,90,,,,140,14,0,0,0,,,,,,9,16.5,4.5,16,5,17,5,,22.06,8.45,,
2022-21.GS.C2.UYT.36.setA.IB-rep1-TMS14F1300P0008_110_plant_2,2022-21.GS.C2.UYT.36.setA.IB-rep1-TMS14F1300P0008_110,TMS14F1300P0008,110,1,,1,2,9,2,,,3,1,2,0,0,,100,,,,110,2,0,0,0,,,,,,7,13,4,12,4,12.5,4,,11.73,6.9,,
2022-21.GS.C2.UYT.36.setA.IB-rep1-TMS14F1300P0008_110_plant_3,2022-21.GS.C2.UYT.36.setA.IB-rep1-TMS14F1300P0008_110,TMS14F1300P0008,110,1,,1,2,9,3,,,3,1,3,0,0,,70,,,,130,18,0,0,0,,,,,,9,15.5,5,14.5,5.8,14,4.5,,19.65,10.35,,
2022-21.GS.C2.UYT.36.setA.IB-rep1-TMS14F1300P0008_110_plant_4,2022-21.GS.C2.UYT.36.setA.IB-rep1-TMS14F1300P0008_110,TMS14F1300P0008,110,1,,1,2,9,4,,,2,1,3,0,0,,110,,,,150,11,0,0,0,,,,,,9,16,5,16.4,5,15,4.3,,17.31,10.56,,
2022-21.GS.C2.UYT.36.setA.IB-rep1-TMS14F1300P0008_110_plant_5,2022-21.GS.C2.UYT.36.setA.IB-rep1-TMS14F1300P0008_110,TMS14F1300P0008,110,1,,1,2,9,5,,,2,2,2,3,0,,60,125,0,0,160,17,6,0,0,,,,,,7,16.5,5.4,14.5,5.7,14,5,,21.11,16.07,9.36,
2022-21.GS.C2.UYT.36.setA.IB-rep1-TMS13F2061P0005_111_plant_1,2022-21.GS.C2.UYT.36.setA.IB-rep1-TMS13F2061P0005_111,TMS13F2061P0005,111,1,,1,2,8,1,,,3,1,3,0,0,,110,,,,135,6,0,0,0,,,,,,7,14,4.5,14,4,13.5,4,,13.58,5.64,,
2022-21.GS.C2.UYT.36.setA.IB-rep1-TMS13F2061P0005_111_plant_2,2022-21.GS.C2.UYT.36.setA.IB-rep1-TMS13F2061P0005_111,TMS13F2061P0005,111,1,,1,2,8,2,,,3,1,2,0,0,,105,,,,140,8,0,0,0,,,,,,7,11,3,12.5,3.8,12,4,,14.12,7.83,,
2022-21.GS.C2.UYT.36.setA.IB-rep1-TMS13F2061P0005_111_plant_3,2022-21.GS.C2.UYT.36.setA.IB-rep1-TMS13F2061P0005_111,TMS13F2061P0005,111,1,,1,2,8,3,,,3,2,3,3,0,,95,150,,0,170,20,3,0,0,,,,,,7,13.5,4,14,4.3,15,4.5,,19.93,12.31,9.11,
2022-21.GS.C2.UYT.36.setA.IB-rep1-TMS13F2061P0005_111_plant_4,2022-21.GS.C2.UYT.36.setA.IB-rep1-TMS13F2061P0005_111,TMS13F2061P0005,111,1,,1,2,8,4,,,1,2,3,3,0,,100,165,0,0,170,23,3,0,0,,,,,,7,14.5,5,11.6,4.8,13,4.5,,31.82,14,5.8,
2022-21.GS.C2.UYT.36.setA.IB-rep1-TMS13F2061P0005_111_plant_5,2022-21.GS.C2.UYT.36.setA.IB-rep1-TMS13F2061P0005_111,TMS13F2061P0005,111,1,,1,2,8,5,,,6,1,2,0,0,,130,,,0,155,5,0,0,0,,,,,,7,14,4,13.5,4,13,4,,14.38,7.9,0,0
2022-21.GS.C2.UYT.36.setA.IB-rep1-TMS13F1461P0002_112_plant_1,2022-21.GS.C2.UYT.36.setA.IB-rep1-TMS13F1461P0002_112,TMS13F1461P0002,112,1,,1,2,7,1,,,3,1,2,0,0,,105,,,0,135,5,0,0,0,,,,,,7,16,4.3,16.3,3.8,14.6,3.7,,14.67,8.61,,
2022-21.GS.C2.UYT.36.setA.IB-rep1-TMS13F1461P0002_112_plant_2,2022-21.GS.C2.UYT.36.setA.IB-rep1-TMS13F1461P0002_112,TMS13F1461P0002,112,1,,1,2,7,2,,,2,1,2,0,0,,70,140,,0,140,21,0,0,0,,,,,,7,14.5,3.2,16.3,4,16,3.5,,20.97,12.35,6.8,
2022-21.GS.C2.UYT.36.setA.IB-rep1-TMS13F1461P0002_112_plant_3,2022-21.GS.C2.UYT.36.setA.IB-rep1-TMS13F1461P0002_112,TMS13F1461P0002,112,1,,1,2,7,3,,,2,1,3,0,0,,85,,,0,130,15,0,0,0,,,,,,7,15,3.5,15,3.6,15.5,3.6,,20.21,10.08,,
2022-21.GS.C2.UYT.36.setA.IB-rep1-TMS13F1461P0002_112_plant_4,2022-21.GS.C2.UYT.36.setA.IB-rep1-TMS13F1461P0002_112,TMS13F1461P0002,112,1,,1,2,7,4,,,3,2,3,4,0,,75,160,,,165,23,4,0,0,,,,,,4,15.5,3.5,16.5,4,14.5,3.9,,23.71,16.17,6.61,
2022-21.GS.C2.UYT.36.setA.IB-rep1-TMS13F1461P0002_112_plant_5,2022-21.GS.C2.UYT.36.setA.IB-rep1-TMS13F1461P0002_112,TMS13F1461P0002,112,1,,1,2,7,5,,,4,2,3,2,0,,80,155,,0,165,19,1,0,0,,,,,,7,16.5,4.5,16,5,15.5,4,,19.37,11.82,5.8,
2022-21.GS.C2.UYT.36.setA.IB-rep1-TMS14F1001P0004_113_plant_1,2022-21.GS.C2.UYT.36.setA.IB-rep1-TMS14F1001P0004_113,TMS14F1001P0004,113,2,,1,2,6,1,,,2,1,2,0,0,,115,,,,155,8,0,0,0,,,,,,7,16,4.5,15,4.5,13,4,,16.46,9.93,,
2022-21.GS.C2.UYT.36.setA.IB-rep1-TMS14F1001P0004_113_plant_2,2022-21.GS.C2.UYT.36.setA.IB-rep1-TMS14F1001P0004_113,TMS14F1001P0004,113,2,,1,2,6,2,,,1,2,3,3,0,,90,150,0,,165,18,6,0,0,,,,,,7,13,4,13,4,11.5,3.6,,23.54,14.81,6.66,
2022-21.GS.C2.UYT.36.setA.IB-rep1-TMS14F1001P0004_113_plant_3,2022-21.GS.C2.UYT.36.setA.IB-rep1-TMS14F1001P0004_113,TMS14F1001P0004,113,2,,1,2,6,3,,,2,2,2,2,0,,90,170,,,190,18,5,0,0,,,,,,7,14,4,14,4.1,13.5,3.9,,19.36,12.9,8.37,
2022-21.GS.C2.UYT.36.setA.IB-rep1-TMS14F1001P0004_113_plant_4,2022-21.GS.C2.UYT.36.setA.IB-rep1-TMS14F1001P0004_113,TMS14F1001P0004,113,2,,1,2,6,4,,,1,2,3,3,0,,80,170,,0,180,21,9,0,0,,,,,,7,15.5,4.4,16,5,15,4,,23.55,16.37,9.43,
2022-21.GS.C2.UYT.36.setA.IB-rep1-TMS14F1001P0004_113_plant_5,2022-21.GS.C2.UYT.36.setA.IB-rep1-TMS14F1001P0004_113,TMS14F1001P0004,113,2,,1,2,6,5,,,3,1,2,0,0,,120,,,,165,10,0,0,0,,,,,,7,13.5,4,13.5,4.1,12,3.8,,15.58,8.67,,
2022-21.GS.C2.UYT.36.setA.IB-rep1-TMS14F1049P0001_114_plant_1,2022-21.GS.C2.UYT.36.setA.IB-rep1-TMS14F1049P0001_114,TMS14F1049P0001,114,2,,1,2,5,1,,,5,1,3,0,0,,120,,,,190,20,0,0,0,,,,,,7,14,4.5,14.5,4.6,13.5,4,,20.81,12.3,,
2022-21.GS.C2.UYT.36.setA.IB-rep1-TMS14F1049P0001_114_plant_2,2022-21.GS.C2.UYT.36.setA.IB-rep1-TMS14F1049P0001_114,TMS14F1049P0001,114,2,,1,2,5,2,,,7,1,3,0,0,,120,,,,180,8,0,0,0,,,,,,7,13,5,14.5,4,15.5,5,,12.48,6.54,,
2022-21.GS.C2.UYT.36.setA.IB-rep1-TMS14F1049P0001_114_plant_3,2022-21.GS.C2.UYT.36.setA.IB-rep1-TMS14F1049P0001_114,TMS14F1049P0001,114,2,,1,2,5,3,,,3,2,3,3,0,,90,190,,,215,23,4,0,0,,,,,,7,16.5,4.5,17,5.7,18,5.5,,23.96,15.29,6.69,
2022-21.GS.C2.UYT.36.setA.IB-rep1-TMS14F1049P0001_114_plant_4,2022-21.GS.C2.UYT.36.setA.IB-rep1-TMS14F1049P0001_114,TMS14F1049P0001,114,2,,1,2,5,4,,,5,1,4,0,0,,105,,,,195,19,0,0,0,,,,,,7,14.5,4.7,14.5,4.7,12,4.3,,18.99,12.73,,
2022-21.GS.C2.UYT.36.setA.IB-rep1-TMS14F1049P0001_114_plant_5,2022-21.GS.C2.UYT.36.setA.IB-rep1-TMS14F1049P0001_114,TMS14F1049P0001,114,2,,1,2,5,5,,,2,2,3,3,0,,100,185,,,205,22,3,0,0,,,,,,7,14.5,4.6,14.3,5,14.5,4.8,,23.93,14.05,6.57,
2022-21.GS.C2.UYT.36.setA.IB-rep1-TMS14F1022P0006_115_plant_1,2022-21.GS.C2.UYT.36.setA.IB-rep1-TMS14F1022P0006_115,TMS14F1022P0006,115,2,,1,2,4,1,,,4,0,0,0,0,,0,,,,170,0,0,0,0,,,,,,9,14,5.3,13.5,4.5,13,4.5,,14.45,,,
2022-21.GS.C2.UYT.36.setA.IB-rep1-TMS14F1022P0006_115_plant_2,2022-21.GS.C2.UYT.36.setA.IB-rep1-TMS14F1022P0006_115,TMS14F1022P0006,115,2,,1,2,4,2,,,4,1,3,0,0,,120,,,,175,13,0,0,0,,,,,,9,15,5,13,5,14,5.4,,17.47,10.75,,
2022-21.GS.C2.UYT.36.setA.IB-rep1-TMS14F1022P0006_115_plant_3,2022-21.GS.C2.UYT.36.setA.IB-rep1-TMS14F1022P0006_115,TMS14F1022P0006,115,2,,1,2,4,3,,,3,2,3,4,0,,95,200,,,220,26,5,0,0,,,,,,9,14.5,4.5,16,5.7,18,6,,23.7,14.43,8.37,
2022-21.GS.C2.UYT.36.setA.IB-rep1-TMS14F1022P0006_115_plant_4,2022-21.GS.C2.UYT.36.setA.IB-rep1-TMS14F1022P0006_115,TMS14F1022P0006,115,2,,1,2,4,4,,,3,1,3,0,0,,155,,,0,170,3,0,0,0,,,,,,9,13,4,12.5,4.5,13,4.7,,17.46,6.26,,
2022-21.GS.C2.UYT.36.setA.IB-rep1-TMS14F1022P0006_115_plant_5,2022-21.GS.C2.UYT.36.setA.IB-rep1-TMS14F1022P0006_115,TMS14F1022P0006,115,2,,1,2,4,5,,,1,2,3,3,0,,90,180,,,195,27,3,0,0,,,,,,9,15,5,15,5.8,13,5.2,,23.5,16.08,4.31,
2022-21.GS.C2.UYT.36.setA.IB-rep1-TMS14F1262P0002_116_plant_1,2022-21.GS.C2.UYT.36.setA.IB-rep1-TMS14F1262P0002_116,TMS14F1262P0002,116,2,,1,2,3,1,,,3,2,3,2,0,0,60,130,140,,140,26,6,0,0,,,,,,9,14,4,15,4,14.5,4,,24.41,16.09,7.12,0
2022-21.GS.C2.UYT.36.setA.IB-rep1-TMS14F1262P0002_116_plant_2,2022-21.GS.C2.UYT.36.setA.IB-rep1-TMS14F1262P0002_116,TMS14F1262P0002,116,2,,1,2,3,2,,,2,1,3,0,0,0,90,135,0,0,150,12,0,0,0,,,,,,7,14.5,4.3,13.7,4.4,15,4.6,,18.24,1.58,0,0
2022-21.GS.C2.UYT.36.setA.IB-rep1-TMS14F1262P0002_116_plant_3,2022-21.GS.C2.UYT.36.setA.IB-rep1-TMS14F1262P0002_116,TMS14F1262P0002,116,2,,1,2,3,3,,,3,2,3,2,0,0,60,110,140,0,135,23,3,0,0,,,,,,7,12.5,3.4,13,3.5,14.5,3,,22.08,17.71,8.74,0
2022-21.GS.C2.UYT.36.setA.IB-rep1-TMS14F1262P0002_116_plant_4,2022-21.GS.C2.UYT.36.setA.IB-rep1-TMS14F1262P0002_116,TMS14F1262P0002,116,2,,1,2,3,4,,,2,2,3,3,0,0,50,110,140,0,145,26,10,0,0,,,,,,7,13,3,18.5,3.5,13.5,3.2,,25.06,16.17,8.91,0
2022-21.GS.C2.UYT.36.setA.IB-rep1-TMS14F1262P0002_116_plant_5,2022-21.GS.C2.UYT.36.setA.IB-rep1-TMS14F1262P0002_116,TMS14F1262P0002,116,2,,1,2,3,5,,,3,1,3,0,0,0,105,130,0,0,155,7,0,0,0,,,,,,9,13,3.1,12,3.4,15,4.3,,18.86,10.37,,
2022-21.GS.C2.UYT.36.setA.IB-rep1-TMS14F1297P0019_117_plant_1,2022-21.GS.C2.UYT.36.setA.IB-rep1-TMS14F1297P0019_117,TMS14F1297P0019,117,2,,1,2,2,1,,,3,1,2,0,0,0,98,105,0,0,110,2,0,0,0,,,,,,7,11,2.9,11,3.5,12.5,3.3,,13.48,5.08,0,0
2022-21.GS.C2.UYT.36.setA.IB-rep1-TMS14F1297P0019_117_plant_2,2022-21.GS.C2.UYT.36.setA.IB-rep1-TMS14F1297P0019_117,TMS14F1297P0019,117,2,,1,2,2,2,,,3,1,2,0,0,0,80,130,0,0,140,20,0,0,0,,,,,,9,14,4.5,13,3.6,13,4,,13.41,10.58,0,0
2022-21.GS.C2.UYT.36.setA.IB-rep1-TMS14F1297P0019_117_plant_3,2022-21.GS.C2.UYT.36.setA.IB-rep1-TMS14F1297P0019_117,TMS14F1297P0019,117,2,,1,2,2,3,,,3,0,0,0,0,0,0,0,0,0,105,0,0,0,0,,,,,,7,11.5,2.9,13,3.8,13,4,,13.86,0,0,0
2022-21.GS.C2.UYT.36.setA.IB-rep1-TMS14F1297P0019_117_plant_4,2022-21.GS.C2.UYT.36.setA.IB-rep1-TMS14F1297P0019_117,TMS14F1297P0019,117,2,,1,2,2,4,,,2,0,0,0,0,0,0,0,0,0,130,0,0,0,0,,,,,,7,12,3.8,12.5,4.6,13,4.1,,16.61,0,0,0
2022-21.GS.C2.UYT.36.setA.IB-rep1-TMS14F1297P0019_117_plant_5,2022-21.GS.C2.UYT.36.setA.IB-rep1-TMS14F1297P0019_117,TMS14F1297P0019,117,2,,1,2,2,5,,,2,1,2,0,0,0,113,128,0,0,145,6,0,0,0,,,,,,7,14,4.5,16,4.2,10.5,3,,17.37,8.2,0,0
2022-21.GS.C2.UYT.36.setA.IB-rep1-TMS14F1131P0001_118_plant_1,2022-21.GS.C2.UYT.36.setA.IB-rep1-TMS14F1131P0001_118,TMS14F1131P0001,118,2,,1,2,1,1,,,2,2,3,2,0,0,65,137,145,0,150,19,2,0,0,,,,,,7,12.5,4,11,4,13.5,4,,19.01,12.55,4.43,0
2022-21.GS.C2.UYT.36.setA.IB-rep1-TMS14F1131P0001_118_plant_2,2022-21.GS.C2.UYT.36.setA.IB-rep1-TMS14F1131P0001_118,TMS14F1131P0001,118,2,,1,2,1,2,,,1,2,3,2,0,0,60,128,140,0,150,19,1,0,0,,,,,,7,13.7,4.2,12,4.1,11,3.5,,22.56,11.11,4.2,0
2022-21.GS.C2.UYT.36.setA.IB-rep1-TMS14F1131P0001_118_plant_3,2022-21.GS.C2.UYT.36.setA.IB-rep1-TMS14F1131P0001_118,TMS14F1131P0001,118,2,,1,2,1,3,,,1,2,3,2,0,0,55,125,135,0,155,19,5,0,0,,,,,,7,14.5,4.2,10,5.1,11,5,,24.66,13.71,4.34,0
2022-21.GS.C2.UYT.36.setA.IB-rep1-TMS14F1131P0001_118_plant_4,2022-21.GS.C2.UYT.36.setA.IB-rep1-TMS14F1131P0001_118,TMS14F1131P0001,118,2,,1,2,1,4,,,1,2,3,2,0,0,65,150,165,0,165,21,1,0,0,,,,,,7,13,4.5,12,3.3,13,4.2,,20.76,14.26,3.07,0
2022-21.GS.C2.UYT.36.setA.IB-rep1-TMS14F1131P0001_118_plant_5,2022-21.GS.C2.UYT.36.setA.IB-rep1-TMS14F1131P0001_118,TMS14F1131P0001,118,2,,1,2,1,5,,,1,2,2,3,0,0,72,140,155,0,165,22,3,0,0,,,,,,7,15,5,14.5,4,14,4.5,,21.76,14.55,5.45,0
2022-21.GS.C2.UYT.36.setA.IB-rep1-IITA-TMS-IBA000070_119_plant_1,2022-21.GS.C2.UYT.36.setA.IB-rep1-IITA-TMS-IBA000070_119,IITA-TMS-IBA000070,119,2,1,1,3,1,1,,,2,1,2,0,0,0,65,100,0,0,110,20,0,0,0,,,,,,7,13.5,4,12.5,3,11,2.9,,15.58,8.94,0,0
2022-21.GS.C2.UYT.36.setA.IB-rep1-IITA-TMS-IBA000070_119_plant_2,2022-21.GS.C2.UYT.36.setA.IB-rep1-IITA-TMS-IBA000070_119,IITA-TMS-IBA000070,119,2,1,1,3,1,2,,,2,1,3,0,0,0,75,125,0,0,130,26,0,0,0,,,,,,7,13,3,12,2.5,11,2.5,,21.09,11.6,0,0
2022-21.GS.C2.UYT.36.setA.IB-rep1-IITA-TMS-IBA000070_119_plant_3,2022-21.GS.C2.UYT.36.setA.IB-rep1-IITA-TMS-IBA000070_119,IITA-TMS-IBA000070,119,2,1,1,3,1,3,,,1,1,3,0,0,0,80,130,,,145,30,0,0,0,,,,,,7,14.5,3,16,5.2,15,5.5,,22.26,13.98,0,0
2022-21.GS.C2.UYT.36.setA.IB-rep1-IITA-TMS-IBA000070_119_plant_4,2022-21.GS.C2.UYT.36.setA.IB-rep1-IITA-TMS-IBA000070_119,IITA-TMS-IBA000070,119,2,1,1,3,1,4,,,3,1,2,0,0,0,65,100,0,0,110,18,0,0,0,,,,,,7,11,2.5,12,3.5,12,3.2,,15.25,8.91,0,0
2022-21.GS.C2.UYT.36.setA.IB-rep1-IITA-TMS-IBA000070_119_plant_5,2022-21.GS.C2.UYT.36.setA.IB-rep1-IITA-TMS-IBA000070_119,IITA-TMS-IBA000070,119,2,1,1,3,1,5,,,1,1,2,0,0,0,85,130,0,0,140,28,0,0,0,,,,,,7,14,4,15,4.5,16,4.5,,20.91,13.25,0,0
2022-21.GS.C2.UYT.36.setA.IB-rep1-IITA-TMS-IBA982101_120_plant_1,2022-21.GS.C2.UYT.36.setA.IB-rep1-IITA-TMS-IBA982101_120,IITA-TMS-IBA982101,120,2,1,1,3,2,1,,,2,1,3,0,0,0,105,135,0,0,155,13,0,0,0,,,,,,9,13.5,4,12,5,11,4.2,,20.4,11.69,0,0
2022-21.GS.C2.UYT.36.setA.IB-rep1-IITA-TMS-IBA982101_120_plant_2,2022-21.GS.C2.UYT.36.setA.IB-rep1-IITA-TMS-IBA982101_120,IITA-TMS-IBA982101,120,2,1,1,3,2,2,,,2,1,2,0,0,0,90,140,0,0,165,20,0,0,0,,,,,,9,14,4,16,5.5,17,5.1,,20.98,15.45,0,0
2022-21.GS.C2.UYT.36.setA.IB-rep1-IITA-TMS-IBA982101_120_plant_3,2022-21.GS.C2.UYT.36.setA.IB-rep1-IITA-TMS-IBA982101_120,IITA-TMS-IBA982101,120,2,1,1,3,2,3,,,1,0,0,0,0,0,0,0,0,0,140,0,0,0,0,,,,,,9,14.5,5,12,4.2,13,4,,15.54,0,0,0
2022-21.GS.C2.UYT.36.setA.IB-rep1-IITA-TMS-IBA982101_120_plant_4,2022-21.GS.C2.UYT.36.setA.IB-rep1-IITA-TMS-IBA982101_120,IITA-TMS-IBA982101,120,2,1,1,3,2,4,,,2,1,2,0,0,0,70,145,0,0,165,25,0,0,0,,,,,,9,13,5,12,4.1,11,3.5,,21.35,14.47,0,0
2022-21.GS.C2.UYT.36.setA.IB-rep1-IITA-TMS-IBA982101_120_plant_5,2022-21.GS.C2.UYT.36.setA.IB-rep1-IITA-TMS-IBA982101_120,IITA-TMS-IBA982101,120,2,1,1,3,2,5,,,3,2,3,2,0,0,80,150,165,0,180,22,1,0,0,,,,,,9,13,5,14,5,13.5,5.4,,23.51,15.86,6.52,0
2022-21.GS.C2.UYT.36.setA.IB-rep1-IITA-TMS-IBA30572_121_plant_1,2022-21.GS.C2.UYT.36.setA.IB-rep1-IITA-TMS-IBA30572_121,IITA-TMS-IBA30572,121,2,1,1,3,3,1,,,2,2,3,4,0,0,75,115,0,0,195,25,0,0,0,,,,,,7,12,3.5,12,4,14,4,,26.56,18.08,5.45,0
2022-21.GS.C2.UYT.36.setA.IB-rep1-IITA-TMS-IBA30572_121_plant_2,2022-21.GS.C2.UYT.36.setA.IB-rep1-IITA-TMS-IBA30572_121,IITA-TMS-IBA30572,121,2,1,1,3,3,2,,,3,1,3,0,0,0,105,140,0,0,155,9,0,0,0,,,,,,7,14,3.5,11,3.2,11,2.5,,14.85,10.94,0,0
2022-21.GS.C2.UYT.36.setA.IB-rep1-IITA-TMS-IBA30572_121_plant_3,2022-21.GS.C2.UYT.36.setA.IB-rep1-IITA-TMS-IBA30572_121,IITA-TMS-IBA30572,121,2,1,1,3,3,3,,,2,2,3,2,0,0,90,165,0,0,180,19,0,0,0,,,,,,7,15,3.5,13.5,3,13,3.2,,25.41,13.4,0,0
2022-21.GS.C2.UYT.36.setA.IB-rep1-IITA-TMS-IBA30572_121_plant_4,2022-21.GS.C2.UYT.36.setA.IB-rep1-IITA-TMS-IBA30572_121,IITA-TMS-IBA30572,121,2,1,1,3,3,4,,,1,1,2,3,3,0,95,160,180,0,185,22,3,0,0,,,,,,7,16,5.5,15,4.5,15,4,,25.87,18.52,8.52,0
2022-21.GS.C2.UYT.36.setA.IB-rep1-IITA-TMS-IBA30572_121_plant_5,2022-21.GS.C2.UYT.36.setA.IB-rep1-IITA-TMS-IBA30572_121,IITA-TMS-IBA30572,121,2,1,1,3,3,5,,,1,1,4,0,0,0,100,140,0,0,155,13,0,0,0,,,,,,7,12,3.8,11,4.5,12.5,4.5,,20.18,12.05,0,0
2022-21.GS.C2.UYT.36.setA.IB-rep1-TMS13F1114P0001_122_plant_1,2022-21.GS.C2.UYT.36.setA.IB-rep1-TMS13F1114P0001_122,TMS13F1114P0001,122,2,,1,3,4,1,,,6,2,3,3,0,0,70,155,190,0,200,23,7,0,0,,,,,,7,15.5,4,14,3.5,14.5,3.2,,21,14.43,7.52,0
2022-21.GS.C2.UYT.36.setA.IB-rep1-TMS13F1114P0001_122_plant_2,2022-21.GS.C2.UYT.36.setA.IB-rep1-TMS13F1114P0001_122,TMS13F1114P0001,122,2,,1,3,4,2,,,5,2,2,2,0,0,80,155,185,0,200,18,7,0,0,,,,,,7,15.5,3,14.5,4,13,3.8,,18.71,13.23,7.28,0
2022-21.GS.C2.UYT.36.setA.IB-rep1-TMS13F1114P0001_122_plant_3,2022-21.GS.C2.UYT.36.setA.IB-rep1-TMS13F1114P0001_122,TMS13F1114P0001,122,2,,1,3,4,3,,,4,2,2,3,0,0,85,165,185,0,205,23,2,0,0,,,,,,7,15,4,15.5,4.2,16,5.5,,19.79,16.18,6.76,0
2022-21.GS.C2.UYT.36.setA.IB-rep1-TMS13F1114P0001_122_plant_4,2022-21.GS.C2.UYT.36.setA.IB-rep1-TMS13F1114P0001_122,TMS13F1114P0001,122,2,,1,3,4,4,,,4,2,3,3,0,0,70,170,195,0,205,18,4,0,0,,,,,,7,14,3.9,13.5,3.9,14,3.5,,18.9,13.09,5.57,0
2022-21.GS.C2.UYT.36.setA.IB-rep1-TMS13F1114P0001_122_plant_5,2022-21.GS.C2.UYT.36.setA.IB-rep1-TMS13F1114P0001_122,TMS13F1114P0001,122,2,,1,3,4,5,,,3,2,3,3,0,0,75,170,185,0,195,17,2,0,0,,,,,,7,14,4,14.5,3.5,11,3,,21.63,12.35,5.47,0
2022-21.GS.C2.UYT.36.setA.IB-rep1-TMEB419_123_plant_1,2022-21.GS.C2.UYT.36.setA.IB-rep1-TMEB419_123,TMEB419,123,2,1,1,3,5,1,,,2,1,3,0,0,0,140,170,0,0,190,9,0,0,0,,,,,,7,18,6,18,5,17.5,4.5,,21.99,11.35,0,0
2022-21.GS.C2.UYT.36.setA.IB-rep1-TMEB419_123_plant_2,2022-21.GS.C2.UYT.36.setA.IB-rep1-TMEB419_123,TMEB419,123,2,1,1,3,5,2,,,2,1,3,0,0,0,140,175,0,0,180,10,0,0,0,,,,,,7,19,4.5,16,3.9,17,4.8,,21.64,10.97,0,0
2022-21.GS.C2.UYT.36.setA.IB-rep1-TMEB419_123_plant_3,2022-21.GS.C2.UYT.36.setA.IB-rep1-TMEB419_123,TMEB419,123,2,1,1,3,5,3,,,2,1,2,0,0,0,150,165,0,0,160,2,0,0,0,,,,,,7,15,3.5,14,4,15,4.3,,19.87,7.74,0,0
2022-21.GS.C2.UYT.36.setA.IB-rep1-TMEB419_123_plant_4,2022-21.GS.C2.UYT.36.setA.IB-rep1-TMEB419_123,TMEB419,123,2,1,1,3,5,4,,,1,3,2,3,3,0,10,95,160,200,200,18,20,8,0,,,,,,9,14.5,6,18,6.5,17,6,,27.18,16.67,17.39,10.96
2022-21.GS.C2.UYT.36.setA.IB-rep1-TMEB419_123_plant_5,2022-21.GS.C2.UYT.36.setA.IB-rep1-TMEB419_123,TMEB419,123,2,1,1,3,5,5,,,3,0,0,0,0,0,0,0,0,0,210,0,0,0,0,,,,,,7,18,5.5,19,6,18,5,,21.18,0,0,0
2022-21.GS.C2.UYT.36.setA.IB-rep1-TMS14F1036P0007_124_plant_1,2022-21.GS.C2.UYT.36.setA.IB-rep1-TMS14F1036P0007_124,TMS14F1036P0007,124,2,,1,3,6,1,,,3,2,2,2,0,0,75,115,140,0,180,23,6,0,0,,,,,,7,15.5,4,15,4.5,15.5,4,,20.29,12.9,7.72,0
2022-21.GS.C2.UYT.36.setA.IB-rep1-TMS14F1036P0007_124_plant_2,2022-21.GS.C2.UYT.36.setA.IB-rep1-TMS14F1036P0007_124,TMS14F1036P0007,124,2,,1,3,6,2,,,3,2,2,2,0,0,85,162,177,0,195,21,3,0,0,,,,,,7,16.5,5,16,4.5,16,5,,19.15,12.33,7.11,0
2022-21.GS.C2.UYT.36.setA.IB-rep1-TMS14F1036P0007_124_plant_3,2022-21.GS.C2.UYT.36.setA.IB-rep1-TMS14F1036P0007_124,TMS14F1036P0007,124,2,,1,3,6,3,,,3,2,2,3,0,0,90,165,190,0,205,27,3,0,0,,,,,,7,13,3.5,14,3.5,14,4,,20.34,12.19,5.87,0
2022-21.GS.C2.UYT.36.setA.IB-rep1-TMS14F1036P0007_124_plant_4,2022-21.GS.C2.UYT.36.setA.IB-rep1-TMS14F1036P0007_124,TMS14F1036P0007,124,2,,1,3,6,4,,,3,1,2,0,0,0,115,165,0,0,185,13,0,0,0,,,,,,7,13,3.8,15,4.5,14,4.7,,17.59,10.36,0,0
2022-21.GS.C2.UYT.36.setA.IB-rep1-TMS14F1036P0007_124_plant_5,2022-21.GS.C2.UYT.36.setA.IB-rep1-TMS14F1036P0007_124,TMS14F1036P0007,124,2,,1,3,6,5,,,2,1,2,0,0,0,80,155,0,0,180,22,0,0,0,,,,,,7,14.5,4,14,4,13.5,4,,19.45,11.83,0,0
2022-21.GS.C2.UYT.36.setA.IB-rep1-TMS14F1312P0003_125_plant_1,2022-21.GS.C2.UYT.36.setA.IB-rep1-TMS14F1312P0003_125,TMS14F1312P0003,125,3,,1,3,7,1,,,3,1,2,0,0,0,110,160,0,0,185,17,0,0,0,,,,,,7,13.5,4.5,12.5,4,13,3.5,,19.01,8.81,0,0
2022-21.GS.C2.UYT.36.setA.IB-rep1-TMS14F1312P0003_125_plant_2,2022-21.GS.C2.UYT.36.setA.IB-rep1-TMS14F1312P0003_125,TMS14F1312P0003,125,3,,1,3,7,2,,,3,2,2,2,0,0,90,165,0,0,185,3,0,0,0,,,,,,7,15.5,4,13,4,13.5,4,,22.23,14.91,8.91,0
2022-21.GS.C2.UYT.36.setA.IB-rep1-TMS14F1312P0003_125_plant_3,2022-21.GS.C2.UYT.36.setA.IB-rep1-TMS14F1312P0003_125,TMS14F1312P0003,125,3,,1,3,7,3,,,3,1,2,0,0,0,118,148,0,0,160,8,0,0,0,,,,,,7,15,4.2,14,5,13,4.3,,12.51,7.7,0,0
2022-21.GS.C2.UYT.36.setA.IB-rep1-TMS14F1312P0003_125_plant_4,2022-21.GS.C2.UYT.36.setA.IB-rep1-TMS14F1312P0003_125,TMS14F1312P0003,125,3,,1,3,7,4,,,4,1,2,0,0,0,115,160,0,0,185,16,0,0,0,,,,,,7,14.5,4,15.5,5,17,5.5,,17.77,11.89,0,0
2022-21.GS.C2.UYT.36.setA.IB-rep1-TMS14F1312P0003_125_plant_5,2022-21.GS.C2.UYT.36.setA.IB-rep1-TMS14F1312P0003_125,TMS14F1312P0003,125,3,,1,3,7,5,,,4,1,2,0,0,0,130,160,0,0,175,7,0,0,0,,,,,,7,15,4.4,13,4.3,14.5,4.6,,16.18,7.88,0,0
2022-21.GS.C2.UYT.36.setA.IB-rep1-TMS14F1035P0004_126_plant_1,2022-21.GS.C2.UYT.36.setA.IB-rep1-TMS14F1035P0004_126,TMS14F1035P0004,126,3,,1,3,8,1,,,6,2,2,2,0,0,70,140,150,0,160,13,2,0,0,,,,,,6,11.5,4.3,11,4,10,3.5,,9.77,5.95,3.34,0
2022-21.GS.C2.UYT.36.setA.IB-rep1-TMS14F1035P0004_126_plant_2,2022-21.GS.C2.UYT.36.setA.IB-rep1-TMS14F1035P0004_126,TMS14F1035P0004,126,3,,1,3,8,2,,,2,2,3,3,0,0,50,120,155,0,170,18,13,0,0,,,,,,6,13.5,5,12,4.5,13,4.5,,21.54,15.37,7.71,0
2022-21.GS.C2.UYT.36.setA.IB-rep1-TMS14F1035P0004_126_plant_3,2022-21.GS.C2.UYT.36.setA.IB-rep1-TMS14F1035P0004_126,TMS14F1035P0004,126,3,,1,3,8,3,,,2,2,3,3,0,0,60,120,155,0,185,13,12,0,0,,,,,,7,12.5,4.5,12.45,4.3,10,4,,22.91,14.41,6.84,0
2022-21.GS.C2.UYT.36.setA.IB-rep1-TMS14F1035P0004_126_plant_4,2022-21.GS.C2.UYT.36.setA.IB-rep1-TMS14F1035P0004_126,TMS14F1035P0004,126,3,,1,3,8,4,,,3,2,2,3,0,0,50,115,170,0,170,16,11,0,0,,,,,,7,12.5,4,11.5,4,11,4,,16.62,14.59,7.45,0
2022-21.GS.C2.UYT.36.setA.IB-rep1-TMS14F1035P0004_126_plant_5,2022-21.GS.C2.UYT.36.setA.IB-rep1-TMS14F1035P0004_126,TMS14F1035P0004,126,3,,1,3,8,5,,,2,1,2,0,0,0,85,130,0,0,150,10,0,0,0,,,,,,7,14.5,5,13,4.5,13,5,,14.2,7.49,0,0
2022-21.GS.C2.UYT.36.setA.IB-rep1-TMS14F1120P0003_127_plant_1,2022-21.GS.C2.UYT.36.setA.IB-rep1-TMS14F1120P0003_127,TMS14F1120P0003,127,3,,1,3,9,1,,,1,2,3,3,0,0,65,130,165,0,190,23,9,0,0,,,,,,7,13,3.5,14,4.5,15,4.3,,22.14,14.6,8.12,0
2022-21.GS.C2.UYT.36.setA.IB-rep1-TMS14F1120P0003_127_plant_2,2022-21.GS.C2.UYT.36.setA.IB-rep1-TMS14F1120P0003_127,TMS14F1120P0003,127,3,,1,3,9,2,,,2,2,2,2,0,0,50,115,135,0,150,18,3,0,0,,,,,,7,15,4,13.5,3,13,3.3,,15.58,10.47,6.46,0
2022-21.GS.C2.UYT.36.setA.IB-rep1-TMS14F1120P0003_127_plant_3,2022-21.GS.C2.UYT.36.setA.IB-rep1-TMS14F1120P0003_127,TMS14F1120P0003,127,3,,1,3,9,3,,,3,2,2,2,0,0,55,105,125,0,140,18,2,0,0,,,,,,7,11.5,3,11,3.5,12,3.4,,15.14,10.83,6.08,0
2022-21.GS.C2.UYT.36.setA.IB-rep1-TMS14F1120P0003_127_plant_4,2022-21.GS.C2.UYT.36.setA.IB-rep1-TMS14F1120P0003_127,TMS14F1120P0003,127,3,,1,3,9,4,,,5,2,3,3,0,0,60,115,145,0,155,20,9,0,0,,,,,,7,16,4.5,14,3.5,15,3.9,,22.14,15.57,9.1,0
2022-21.GS.C2.UYT.36.setA.IB-rep1-TMS14F1120P0003_127_plant_5,2022-21.GS.C2.UYT.36.setA.IB-rep1-TMS14F1120P0003_127,TMS14F1120P0003,127,3,,1,3,9,5,,,,,,,,,,0,0,,,,,,,,,,,,,,,,,,,,,,,
2022-21.GS.C2.UYT.36.setA.IB-rep1-TMS14F1306P0015_128_plant_1,2022-21.GS.C2.UYT.36.setA.IB-rep1-TMS14F1306P0015_128,TMS14F1306P0015,128,3,,1,4,9,1,,,1,1,3,0,0,0,85,145,0,0,165,23,0,0,0,,,,,,7,19,5.5,17,5.3,17.3,5.4,,23.41,13.3,0,0
2022-21.GS.C2.UYT.36.setA.IB-rep1-TMS14F1306P0015_128_plant_2,2022-21.GS.C2.UYT.36.setA.IB-rep1-TMS14F1306P0015_128,TMS14F1306P0015,128,3,,1,4,9,2,,,1,2,3,2,0,0,90,160,0,0,175,27,0,0,0,,,,,,9,17,5.5,17,4.8,18,5.5,,22.2,12.84,15.94,0
2022-21.GS.C2.UYT.36.setA.IB-rep1-TMS14F1306P0015_128_plant_3,2022-21.GS.C2.UYT.36.setA.IB-rep1-TMS14F1306P0015_128,TMS14F1306P0015,128,3,,1,4,9,3,,,3,0,0,0,0,0,0,0,0,0,140,0,0,0,0,,,,,,7,15,4.5,16,4,14.5,4,,16.28,0,0,0
2022-21.GS.C2.UYT.36.setA.IB-rep1-TMS14F1306P0015_128_plant_4,2022-21.GS.C2.UYT.36.setA.IB-rep1-TMS14F1306P0015_128,TMS14F1306P0015,128,3,,1,4,9,4,,,3,0,0,0,0,0,0,0,0,0,165,0,0,0,0,,,,,,7,17,5,16.5,5.3,17.5,5,,18.92,0,8,8
2022-21.GS.C2.UYT.36.setA.IB-rep1-TMS14F1306P0015_128_plant_5,2022-21.GS.C2.UYT.36.setA.IB-rep1-TMS14F1306P0015_128,TMS14F1306P0015,128,3,,1,4,9,5,,,2,0,0,0,0,0,0,0,0,0,150,0,0,0,0,,,,,,7,13,3.5,13,3.6,14,4,,13.19,0,0,0
2022-21.GS.C2.UYT.36.setA.IB-rep1-TMS14F1306P0020_129_plant_1,2022-21.GS.C2.UYT.36.setA.IB-rep1-TMS14F1306P0020_129,TMS14F1306P0020,129,3,,1,4,8,1,,,2,1,2,0,0,0,135,0,0,0,160,1,0,0,0,,,,,,7,19,5.5,16,4.5,16,4.9,,15.18,5.85,0,0
2022-21.GS.C2.UYT.36.setA.IB-rep1-TMS14F1306P0020_129_plant_2,2022-21.GS.C2.UYT.36.setA.IB-rep1-TMS14F1306P0020_129,TMS14F1306P0020,129,3,,1,4,8,2,,,1,1,3,0,0,0,120,0,0,0,165,3,0,0,0,,,,,,7,19,5.5,18,4.9,17,5,,17.93,9.35,0,0
2022-21.GS.C2.UYT.36.setA.IB-rep1-TMS14F1306P0020_129_plant_3,2022-21.GS.C2.UYT.36.setA.IB-rep1-TMS14F1306P0020_129,TMS14F1306P0020,129,3,,1,4,8,3,,,3,1,2,0,0,0,125,155,0,0,170,7,0,0,0,,,,,,7,19,5,22,6,19,5.3,,19.52,10.76,0,0
2022-21.GS.C2.UYT.36.setA.IB-rep1-TMS14F1306P0020_129_plant_4,2022-21.GS.C2.UYT.36.setA.IB-rep1-TMS14F1306P0020_129,TMS14F1306P0020,129,3,,1,4,8,4,,,4,0,0,0,0,0,0,0,0,0,180,0,0,0,0,,,,,,7,17.5,5,18,5.5,18,4.5,,14.09,0,0,0
2022-21.GS.C2.UYT.36.setA.IB-rep1-TMS14F1306P0020_129_plant_5,2022-21.GS.C2.UYT.36.setA.IB-rep1-TMS14F1306P0020_129,TMS14F1306P0020,129,3,,1,4,8,5,,,4,1,2,0,0,0,155,170,0,0,190,1,0,0,0,,,,,,9,17.5,7.3,17,5,20.5,5.5,,15.9,6.59,0,0
2022-21.GS.C2.UYT.36.setA.IB-rep1-TMS13F1021P0008_130_plant_1,2022-21.GS.C2.UYT.36.setA.IB-rep1-TMS13F1021P0008_130,TMS13F1021P0008,130,3,,1,4,7,1,,,2,2,2,3,0,0,55,145,175,0,200,18,8,0,0,,,,,,7,15,5,17,6,16,4.8,,21.56,15.23,8.32,0
2022-21.GS.C2.UYT.36.setA.IB-rep1-TMS13F1021P0008_130_plant_2,2022-21.GS.C2.UYT.36.setA.IB-rep1-TMS13F1021P0008_130,TMS13F1021P0008,130,3,,1,4,7,2,,,2,1,3,0,0,0,105,175,0,0,195,11,0,0,0,,,,,,7,16,4.8,15,4.5,14,4.7,,17.13,9.07,0,0
2022-21.GS.C2.UYT.36.setA.IB-rep1-TMS13F1021P0008_130_plant_3,2022-21.GS.C2.UYT.36.setA.IB-rep1-TMS13F1021P0008_130,TMS13F1021P0008,130,3,,1,4,7,3,,,5,2,2,3,0,0,85,175,195,0,210,17,2,0,0,,,,,,7,16,5.8,16,5.5,15.5,4.9,,20.75,13.5,7.6,0
2022-21.GS.C2.UYT.36.setA.IB-rep1-TMS13F1021P0008_130_plant_4,2022-21.GS.C2.UYT.36.setA.IB-rep1-TMS13F1021P0008_130,TMS13F1021P0008,130,3,,1,4,7,4,,,3,1,2,0,0,0,95,180,0,0,200,15,0,0,0,,,,,,7,15,4.7,15,4.5,14.6,3.9,,16.17,9.87,0,0
2022-21.GS.C2.UYT.36.setA.IB-rep1-TMS13F1021P0008_130_plant_5,2022-21.GS.C2.UYT.36.setA.IB-rep1-TMS13F1021P0008_130,TMS13F1021P0008,130,3,,1,4,7,5,,,4,1,2,0,0,0,140,165,0,0,180,4,0,0,0,,,,,,7,17,5,13,4.5,16.5,4.7,,11.79,7.91,0,0
2022-21.GS.C2.UYT.36.setA.IB-rep1-TMS13F1182P0002_131_plant_1,2022-21.GS.C2.UYT.36.setA.IB-rep1-TMS13F1182P0002_131,TMS13F1182P0002,131,3,,1,4,6,1,,,3,2,3,2,0,0,120,190,0,0,220,22,2,0,0,,,,,,7,14.5,4.3,15,4.5,14,5,,19.88,11.36,3.97,0
2022-21.GS.C2.UYT.36.setA.IB-rep1-TMS13F1182P0002_131_plant_2,2022-21.GS.C2.UYT.36.setA.IB-rep1-TMS13F1182P0002_131,TMS13F1182P0002,131,3,,1,4,6,2,,,2,2,2,2,0,0,120,215,0,0,240,23,4,0,0,,,,,,7,15,5,17,4.5,16,5,,21.89,15.89,8.61,0
2022-21.GS.C2.UYT.36.setA.IB-rep1-TMS13F1182P0002_131_plant_3,2022-21.GS.C2.UYT.36.setA.IB-rep1-TMS13F1182P0002_131,TMS13F1182P0002,131,3,,1,4,6,3,,,2,2,3,2,0,0,100,175,0,0,200,23,3,0,0,,,,,,7,13,3.5,13,3.6,14,3.9,,20.97,13.32,9.49,0
2022-21.GS.C2.UYT.36.setA.IB-rep1-TMS13F1182P0002_131_plant_4,2022-21.GS.C2.UYT.36.setA.IB-rep1-TMS13F1182P0002_131,TMS13F1182P0002,131,3,,1,4,6,4,,,2,2,2,2,0,8,120,205,0,0,225,21,6,0,0,,,,,,7,18,4.5,17,5.4,17.5,6,,23.9,19.82,8.87,0
2022-21.GS.C2.UYT.36.setA.IB-rep1-TMS13F1182P0002_131_plant_5,2022-21.GS.C2.UYT.36.setA.IB-rep1-TMS13F1182P0002_131,TMS13F1182P0002,131,3,,1,4,6,5,,,3,1,2,0,0,0,105,182,0,0,195,21,0,0,0,,,,,,7,13,3.5,15,4,15,4,,17.27,12.54,0,0
2022-21.GS.C2.UYT.36.setA.IB-rep1-TMS14F1035P0007_132_plant_1,2022-21.GS.C2.UYT.36.setA.IB-rep1-TMS14F1035P0007_132,TMS14F1035P0007,132,3,,1,4,5,1,,,6,1,2,0,0,0,150,0,0,0,185,10,0,0,0,,,,,,7,15,4.2,14,3.9,13,3.5,,16.97,13.67,0,0
2022-21.GS.C2.UYT.36.setA.IB-rep1-TMS14F1035P0007_132_plant_2,2022-21.GS.C2.UYT.36.setA.IB-rep1-TMS14F1035P0007_132,TMS14F1035P0007,132,3,,1,4,5,2,,,1,2,3,2,0,0,100,170,0,0,190,28,4,0,0,,,,,,7,11.5,3.5,10,3,13,4,,24.49,16.98,9.64,0
2022-21.GS.C2.UYT.36.setA.IB-rep1-TMS14F1035P0007_132_plant_3,2022-21.GS.C2.UYT.36.setA.IB-rep1-TMS14F1035P0007_132,TMS14F1035P0007,132,3,,1,4,5,3,,,4,2,3,2,0,0,110,185,0,0,195,23,0,0,0,,,,,,9,16,4.3,15,4.2,14.5,4,,23.16,13.43,4.46,0
2022-21.GS.C2.UYT.36.setA.IB-rep1-TMS14F1035P0007_132_plant_4,2022-21.GS.C2.UYT.36.setA.IB-rep1-TMS14F1035P0007_132,TMS14F1035P0007,132,3,,1,4,5,4,,,5,1,3,0,0,0,120,0,0,0,155,9,0,0,9,,,,,,7,12.5,3.8,13,4,10,3,,17.41,13.26,0,0
2022-21.GS.C2.UYT.36.setA.IB-rep1-TMS14F1035P0007_132_plant_5,2022-21.GS.C2.UYT.36.setA.IB-rep1-TMS14F1035P0007_132,TMS14F1035P0007,132,3,,1,4,5,5,,,3,2,3,2,0,0,105,175,0,0,180,21,0,0,0,,,,,,7,14,3,14,3.2,12,3.5,,21.15,14.2,4.45,0
2022-21.GS.C2.UYT.36.setA.IB-rep1-TMS14F1310P0004_133_plant_1,2022-21.GS.C2.UYT.36.setA.IB-rep1-TMS14F1310P0004_133,TMS14F1310P0004,133,3,,1,4,4,1,,,1,2,2,3,0,0,50,100,225,0,135,24,4,0,0,,,,,,7,15,4,15.4,4.5,16,5,,23.7,16.99,8,0
2022-21.GS.C2.UYT.36.setA.IB-rep1-TMS14F1310P0004_133_plant_2,2022-21.GS.C2.UYT.36.setA.IB-rep1-TMS14F1310P0004_133,TMS14F1310P0004,133,3,,1,4,4,2,,,2,2,3,3,0,0,50,125,0,133,160,27,10,0,0,,,,,,7,18,4.5,17,4.3,17.5,5,,33.58,19.87,11.44,0
2022-21.GS.C2.UYT.36.setA.IB-rep1-TMS14F1310P0004_133_plant_3,2022-21.GS.C2.UYT.36.setA.IB-rep1-TMS14F1310P0004_133,TMS14F1310P0004,133,3,,1,4,4,3,,,3,2,3,2,0,0,55,115,0,0,130,20,3,0,0,,,,,,7,15.5,4,16.3,9,14,3.7,,25.28,19.85,7.65,0
2022-21.GS.C2.UYT.36.setA.IB-rep1-TMS14F1310P0004_133_plant_4,2022-21.GS.C2.UYT.36.setA.IB-rep1-TMS14F1310P0004_133,TMS14F1310P0004,133,3,,1,4,4,4,,,2,2,3,2,0,0,65,120,0,0,140,23,5,0,0,,,,,,9,17,4,16,4,17,4.5,,25.36,15.99,7.74,0
2022-21.GS.C2.UYT.36.setA.IB-rep1-TMS14F1310P0004_133_plant_5,2022-21.GS.C2.UYT.36.setA.IB-rep1-TMS14F1310P0004_133,TMS14F1310P0004,133,3,,1,4,4,5,,,,,,,,,,0,0,,,,,,,,,,,,,,,,,,,,,,,
2022-21.GS.C2.UYT.36.setA.IB-rep1-TMS14F1291P0011_134_plant_1,2022-21.GS.C2.UYT.36.setA.IB-rep1-TMS14F1291P0011_134,TMS14F1291P0011,134,3,,1,4,3,1,,,4,0,0,0,0,0,0,0,0,0,115,0,0,0,0,,,,,,7,15,5,14.5,5,15,4.9,,15.58,0,0,0
2022-21.GS.C2.UYT.36.setA.IB-rep1-TMS14F1291P0011_134_plant_2,2022-21.GS.C2.UYT.36.setA.IB-rep1-TMS14F1291P0011_134,TMS14F1291P0011,134,3,,1,4,3,2,,,4,1,2,0,0,0,90,0,0,0,115,10,0,0,0,,,,,,7,13,4,12.5,4.5,13,4,,14.59,7.83,0,0
2022-21.GS.C2.UYT.36.setA.IB-rep1-TMS14F1291P0011_134_plant_3,2022-21.GS.C2.UYT.36.setA.IB-rep1-TMS14F1291P0011_134,TMS14F1291P0011,134,3,,1,4,3,3,,,2,1,3,0,0,0,90,0,0,0,115,8,0,0,0,,,,,,9,14.5,5.2,14,5,12.5,4.5,,17.6,7.11,0,0
2022-21.GS.C2.UYT.36.setA.IB-rep1-TMS14F1291P0011_134_plant_4,2022-21.GS.C2.UYT.36.setA.IB-rep1-TMS14F1291P0011_134,TMS14F1291P0011,134,3,,1,4,3,4,,,3,0,0,0,0,0,0,0,0,0,105,0,0,0,0,,,,,,7,15,4.9,13,4.3,14,4.5,,16.3,0,0,0
2022-21.GS.C2.UYT.36.setA.IB-rep1-TMS14F1291P0011_134_plant_5,2022-21.GS.C2.UYT.36.setA.IB-rep1-TMS14F1291P0011_134,TMS14F1291P0011,134,3,,1,4,3,5,,,5,0,0,0,0,0,0,0,0,0,115,0,0,0,0,,,,,,7,14,5,15,5,14,4.5,,14.78,0,0,0
2022-21.GS.C2.UYT.36.setA.IB-rep1-TMS14F1311P0002_135_plant_1,2022-21.GS.C2.UYT.36.setA.IB-rep1-TMS14F1311P0002_135,TMS14F1311P0002,135,3,,1,4,2,1,,,1,3,2,3,2,0,25,65,135,0,145,17,27,2,0,,,,,,9,11,4,11,3.9,13,4.5,,22.94,19.28,11.03,4.2
2022-21.GS.C2.UYT.36.setA.IB-rep1-TMS14F1311P0002_135_plant_2,2022-21.GS.C2.UYT.36.setA.IB-rep1-TMS14F1311P0002_135,TMS14F1311P0002,135,3,,1,4,2,2,,,3,1,2,0,0,0,65,0,0,0,115,26,0,0,0,,,,,,7,11,4,11.2,3.9,13,4.5,,18.34,10.6,0,0
2022-21.GS.C2.UYT.36.setA.IB-rep1-TMS14F1311P0002_135_plant_3,2022-21.GS.C2.UYT.36.setA.IB-rep1-TMS14F1311P0002_135,TMS14F1311P0002,135,3,,1,4,2,3,,,4,1,2,0,0,0,65,0,0,0,105,15,0,0,0,,,,,,7,9,3.5,8.5,3,9,4,,14.45,10.06,0,0
2022-21.GS.C2.UYT.36.setA.IB-rep1-TMS14F1311P0002_135_plant_4,2022-21.GS.C2.UYT.36.setA.IB-rep1-TMS14F1311P0002_135,TMS14F1311P0002,135,3,,1,4,2,4,,,4,1,2,0,0,0,95,0,0,0,110,6,0,0,0,,,,,,9,12.5,4,12,4,12.2,4,,13.85,9.66,0,0
2022-21.GS.C2.UYT.36.setA.IB-rep1-TMS14F1311P0002_135_plant_5,2022-21.GS.C2.UYT.36.setA.IB-rep1-TMS14F1311P0002_135,TMS14F1311P0002,135,3,,1,4,2,5,,,3,3,2,2,2,0,20,80,130,0,120,17,27,3,0,,,,,,9,10,3.5,11,4,11.5,3.5,,20.79,19.71,14.6,8.03
2022-21.GS.C2.UYT.36.setA.IB-rep1-TMS14F1208P0007_136_plant_1,2022-21.GS.C2.UYT.36.setA.IB-rep1-TMS14F1208P0007_136,TMS14F1208P0007,136,3,,1,4,1,1,,,1,2,3,3,0,0,45,100,0,0,110,18,3,0,0,,,,,,7,12,5,13.5,4,13,3.5,,17.2,10.89,3.38,0
2022-21.GS.C2.UYT.36.setA.IB-rep1-TMS14F1208P0007_136_plant_2,2022-21.GS.C2.UYT.36.setA.IB-rep1-TMS14F1208P0007_136,TMS14F1208P0007,136,3,,1,4,1,2,,,2,1,3,0,0,0,90,0,0,0,105,4,0,0,0,,,,,,7,14.5,4.5,15,4,14.2,3.8,,17.32,5.96,0,0
2022-21.GS.C2.UYT.36.setA.IB-rep1-TMS14F1208P0007_136_plant_3,2022-21.GS.C2.UYT.36.setA.IB-rep1-TMS14F1208P0007_136,TMS14F1208P0007,136,3,,1,4,1,3,,,3,2,3,3,0,0,75,130,0,0,135,14,3,0,0,,,,,,7,12.5,3.8,11.5,3.7,10.5,3.6,,17.93,9.37,4.49,0
2022-21.GS.C2.UYT.36.setA.IB-rep1-TMS14F1208P0007_136_plant_4,2022-21.GS.C2.UYT.36.setA.IB-rep1-TMS14F1208P0007_136,TMS14F1208P0007,136,3,,1,4,1,4,,,2,2,3,2,0,0,55,110,0,0,125,16,4,0,0,,,,,,7,15,4.6,14,4.5,13.2,4,,17.42,11.42,4.77,0
2022-21.GS.C2.UYT.36.setA.IB-rep1-TMS14F1208P0007_136_plant_5,2022-21.GS.C2.UYT.36.setA.IB-rep1-TMS14F1208P0007_136,TMS14F1208P0007,136,3,,1,4,1,5,,,2,1,3,0,0,0,80,0,0,0,130,14,0,0,0,,,,,,9,16,5.2,15,4.3,15.5,4.5,,17.26,9.61,0,0
2022-21.GS.C2.UYT.36.setA.IB-rep2-TMS14F1224P0004_201_plant_1,2022-21.GS.C2.UYT.36.setA.IB-rep2-TMS14F1224P0004_201,TMS14F1224P0004,201,4,,2,5,1,1,,,,,,,,,,,,,,,,,,,,,,,,,,,,,,,,,,
2022-21.GS.C2.UYT.36.setA.IB-rep2-TMS14F1224P0004_201_plant_2,2022-21.GS.C2.UYT.36.setA.IB-rep2-TMS14F1224P0004_201,TMS14F1224P0004,201,4,,2,5,1,2,,,,,,,,,,,,,,,,,,,,,,,,,,,,,,,,,,
2022-21.GS.C2.UYT.36.setA.IB-rep2-TMS14F1224P0004_201_plant_3,2022-21.GS.C2.UYT.36.setA.IB-rep2-TMS14F1224P0004_201,TMS14F1224P0004,201,4,,2,5,1,3,,,,,,,,,,,,,,,,,,,,,,,,,,,,,,,,,,
2022-21.GS.C2.UYT.36.setA.IB-rep2-TMS14F1224P0004_201_plant_4,2022-21.GS.C2.UYT.36.setA.IB-rep2-TMS14F1224P0004_201,TMS14F1224P0004,201,4,,2,5,1,4,,,,,,,,,,,,,,,,,,,,,,,,,,,,,,,,,,
2022-21.GS.C2.UYT.36.setA.IB-rep2-TMS14F1224P0004_201_plant_5,2022-21.GS.C2.UYT.36.setA.IB-rep2-TMS14F1224P0004_201,TMS14F1224P0004,201,4,,2,5,1,5,,,,,,,,,,,,,,,,,,,,,,,,,,,,,,,,,,
2022-21.GS.C2.UYT.36.setA.IB-rep2-TMS13F1114P0001_202_plant_1,2022-21.GS.C2.UYT.36.setA.IB-rep2-TMS13F1114P0001_202,TMS13F1114P0001,202,4,,2,5,2,1,,,,,,,,,,,,,,,,,,,,,,,,,,,,,,,,,,
2022-21.GS.C2.UYT.36.setA.IB-rep2-TMS13F1114P0001_202_plant_2,2022-21.GS.C2.UYT.36.setA.IB-rep2-TMS13F1114P0001_202,TMS13F1114P0001,202,4,,2,5,2,2,,,,,,,,,,,,,,,,,,,,,,,,,,,,,,,,,,
2022-21.GS.C2.UYT.36.setA.IB-rep2-TMS13F1114P0001_202_plant_3,2022-21.GS.C2.UYT.36.setA.IB-rep2-TMS13F1114P0001_202,TMS13F1114P0001,202,4,,2,5,2,3,,,,,,,,,,,,,,,,,,,,,,,,,,,,,,,,,,
2022-21.GS.C2.UYT.36.setA.IB-rep2-TMS13F1114P0001_202_plant_4,2022-21.GS.C2.UYT.36.setA.IB-rep2-TMS13F1114P0001_202,TMS13F1114P0001,202,4,,2,5,2,4,,,,,,,,,,,,,,,,,,,,,,,,,,,,,,,,,,
2022-21.GS.C2.UYT.36.setA.IB-rep2-TMS13F1114P0001_202_plant_5,2022-21.GS.C2.UYT.36.setA.IB-rep2-TMS13F1114P0001_202,TMS13F1114P0001,202,4,,2,5,2,5,,,,,,,,,,,,,,,,,,,,,,,,,,,,,,,,,,
2022-21.GS.C2.UYT.36.setA.IB-rep2-TMS14F1035P0004_203_plant_1,2022-21.GS.C2.UYT.36.setA.IB-rep2-TMS14F1035P0004_203,TMS14F1035P0004,203,4,,2,5,3,1,,,,,,,,,,,,,,,,,,,,,,,,,,,,,,,,,,
2022-21.GS.C2.UYT.36.setA.IB-rep2-TMS14F1035P0004_203_plant_2,2022-21.GS.C2.UYT.36.setA.IB-rep2-TMS14F1035P0004_203,TMS14F1035P0004,203,4,,2,5,3,2,,,,,,,,,,,,,,,,,,,,,,,,,,,,,,,,,,
2022-21.GS.C2.UYT.36.setA.IB-rep2-TMS14F1035P0004_203_plant_3,2022-21.GS.C2.UYT.36.setA.IB-rep2-TMS14F1035P0004_203,TMS14F1035P0004,203,4,,2,5,3,3,,,,,,,,,,,,,,,,,,,,,,,,,,,,,,,,,,
2022-21.GS.C2.UYT.36.setA.IB-rep2-TMS14F1035P0004_203_plant_4,2022-21.GS.C2.UYT.36.setA.IB-rep2-TMS14F1035P0004_203,TMS14F1035P0004,203,4,,2,5,3,4,,,,,,,,,,,,,,,,,,,,,,,,,,,,,,,,,,
2022-21.GS.C2.UYT.36.setA.IB-rep2-TMS14F1035P0004_203_plant_5,2022-21.GS.C2.UYT.36.setA.IB-rep2-TMS14F1035P0004_203,TMS14F1035P0004,203,4,,2,5,3,5,,,,,,,,,,,,,,,,,,,,,,,,,,,,,,,,,,
2022-21.GS.C2.UYT.36.setA.IB-rep2-TMS14F1194P0002_204_plant_1,2022-21.GS.C2.UYT.36.setA.IB-rep2-TMS14F1194P0002_204,TMS14F1194P0002,204,4,,2,5,4,1,,,,,,,,,,,,,,,,,,,,,,,,,,,,,,,,,,
2022-21.GS.C2.UYT.36.setA.IB-rep2-TMS14F1194P0002_204_plant_2,2022-21.GS.C2.UYT.36.setA.IB-rep2-TMS14F1194P0002_204,TMS14F1194P0002,204,4,,2,5,4,2,,,,,,,,,,,,,,,,,,,,,,,,,,,,,,,,,,
2022-21.GS.C2.UYT.36.setA.IB-rep2-TMS14F1194P0002_204_plant_3,2022-21.GS.C2.UYT.36.setA.IB-rep2-TMS14F1194P0002_204,TMS14F1194P0002,204,4,,2,5,4,3,,,,,,,,,,,,,,,,,,,,,,,,,,,,,,,,,,
2022-21.GS.C2.UYT.36.setA.IB-rep2-TMS14F1194P0002_204_plant_4,2022-21.GS.C2.UYT.36.setA.IB-rep2-TMS14F1194P0002_204,TMS14F1194P0002,204,4,,2,5,4,4,,,,,,,,,,,,,,,,,,,,,,,,,,,,,,,,,,
2022-21.GS.C2.UYT.36.setA.IB-rep2-TMS14F1194P0002_204_plant_5,2022-21.GS.C2.UYT.36.setA.IB-rep2-TMS14F1194P0002_204,TMS14F1194P0002,204,4,,2,5,4,5,,,,,,,,,,,,,,,,,,,,,,,,,,,,,,,,,,
2022-21.GS.C2.UYT.36.setA.IB-rep2-TMS14F1036P0007_205_plant_1,2022-21.GS.C2.UYT.36.setA.IB-rep2-TMS14F1036P0007_205,TMS14F1036P0007,205,4,,2,5,5,1,,,,,,,,,,,,,,,,,,,,,,,,,,,,,,,,,,
2022-21.GS.C2.UYT.36.setA.IB-rep2-TMS14F1036P0007_205_plant_2,2022-21.GS.C2.UYT.36.setA.IB-rep2-TMS14F1036P0007_205,TMS14F1036P0007,205,4,,2,5,5,2,,,,,,,,,,,,,,,,,,,,,,,,,,,,,,,,,,
2022-21.GS.C2.UYT.36.setA.IB-rep2-TMS14F1036P0007_205_plant_3,2022-21.GS.C2.UYT.36.setA.IB-rep2-TMS14F1036P0007_205,TMS14F1036P0007,205,4,,2,5,5,3,,,,,,,,,,,,,,,,,,,,,,,,,,,,,,,,,,
2022-21.GS.C2.UYT.36.setA.IB-rep2-TMS14F1036P0007_205_plant_4,2022-21.GS.C2.UYT.36.setA.IB-rep2-TMS14F1036P0007_205,TMS14F1036P0007,205,4,,2,5,5,4,,,,,,,,,,,,,,,,,,,,,,,,,,,,,,,,,,
2022-21.GS.C2.UYT.36.setA.IB-rep2-TMS14F1036P0007_205_plant_5,2022-21.GS.C2.UYT.36.setA.IB-rep2-TMS14F1036P0007_205,TMS14F1036P0007,205,4,,2,5,5,5,,,,,,,,,,,,,,,,,,,,,,,,,,,,,,,,,,
2022-21.GS.C2.UYT.36.setA.IB-rep2-TMS14F1208P0007_206_plant_1,2022-21.GS.C2.UYT.36.setA.IB-rep2-TMS14F1208P0007_206,TMS14F1208P0007,206,4,,2,5,6,1,,,,,,,,,,,,,,,,,,,,,,,,,,,,,,,,,,
2022-21.GS.C2.UYT.36.setA.IB-rep2-TMS14F1208P0007_206_plant_2,2022-21.GS.C2.UYT.36.setA.IB-rep2-TMS14F1208P0007_206,TMS14F1208P0007,206,4,,2,5,6,2,,,,,,,,,,,,,,,,,,,,,,,,,,,,,,,,,,
2022-21.GS.C2.UYT.36.setA.IB-rep2-TMS14F1208P0007_206_plant_3,2022-21.GS.C2.UYT.36.setA.IB-rep2-TMS14F1208P0007_206,TMS14F1208P0007,206,4,,2,5,6,3,,,,,,,,,,,,,,,,,,,,,,,,,,,,,,,,,,
2022-21.GS.C2.UYT.36.setA.IB-rep2-TMS14F1208P0007_206_plant_4,2022-21.GS.C2.UYT.36.setA.IB-rep2-TMS14F1208P0007_206,TMS14F1208P0007,206,4,,2,5,6,4,,,,,,,,,,,,,,,,,,,,,,,,,,,,,,,,,,
2022-21.GS.C2.UYT.36.setA.IB-rep2-TMS14F1208P0007_206_plant_5,2022-21.GS.C2.UYT.36.setA.IB-rep2-TMS14F1208P0007_206,TMS14F1208P0007,206,4,,2,5,6,5,,,,,,,,,,,,,,,,,,,,,,,,,,,,,,,,,,
2022-21.GS.C2.UYT.36.setA.IB-rep2-TMS14F1022P0006_207_plant_1,2022-21.GS.C2.UYT.36.setA.IB-rep2-TMS14F1022P0006_207,TMS14F1022P0006,207,4,,2,5,7,1,,,,,,,,,,,,,,,,,,,,,,,,,,,,,,,,,,
2022-21.GS.C2.UYT.36.setA.IB-rep2-TMS14F1022P0006_207_plant_2,2022-21.GS.C2.UYT.36.setA.IB-rep2-TMS14F1022P0006_207,TMS14F1022P0006,207,4,,2,5,7,2,,,,,,,,,,,,,,,,,,,,,,,,,,,,,,,,,,
2022-21.GS.C2.UYT.36.setA.IB-rep2-TMS14F1022P0006_207_plant_3,2022-21.GS.C2.UYT.36.setA.IB-rep2-TMS14F1022P0006_207,TMS14F1022P0006,207,4,,2,5,7,3,,,,,,,,,,,,,,,,,,,,,,,,,,,,,,,,,,
2022-21.GS.C2.UYT.36.setA.IB-rep2-TMS14F1022P0006_207_plant_4,2022-21.GS.C2.UYT.36.setA.IB-rep2-TMS14F1022P0006_207,TMS14F1022P0006,207,4,,2,5,7,4,,,,,,,,,,,,,,,,,,,,,,,,,,,,,,,,,,
2022-21.GS.C2.UYT.36.setA.IB-rep2-TMS14F1022P0006_207_plant_5,2022-21.GS.C2.UYT.36.setA.IB-rep2-TMS14F1022P0006_207,TMS14F1022P0006,207,4,,2,5,7,5,,,,,,,,,,,,,,,,,,,,,,,,,,,,,,,,,,
2022-21.GS.C2.UYT.36.setA.IB-rep2-TMS14F1001P0004_208_plant_1,2022-21.GS.C2.UYT.36.setA.IB-rep2-TMS14F1001P0004_208,TMS14F1001P0004,208,4,,2,5,8,1,,,,,,,,,,,,,,,,,,,,,,,,,,,,,,,,,,
2022-21.GS.C2.UYT.36.setA.IB-rep2-TMS14F1001P0004_208_plant_2,2022-21.GS.C2.UYT.36.setA.IB-rep2-TMS14F1001P0004_208,TMS14F1001P0004,208,4,,2,5,8,2,,,,,,,,,,,,,,,,,,,,,,,,,,,,,,,,,,
2022-21.GS.C2.UYT.36.setA.IB-rep2-TMS14F1001P0004_208_plant_3,2022-21.GS.C2.UYT.36.setA.IB-rep2-TMS14F1001P0004_208,TMS14F1001P0004,208,4,,2,5,8,3,,,,,,,,,,,,,,,,,,,,,,,,,,,,,,,,,,
2022-21.GS.C2.UYT.36.setA.IB-rep2-TMS14F1001P0004_208_plant_4,2022-21.GS.C2.UYT.36.setA.IB-rep2-TMS14F1001P0004_208,TMS14F1001P0004,208,4,,2,5,8,4,,,,,,,,,,,,,,,,,,,,,,,,,,,,,,,,,,
2022-21.GS.C2.UYT.36.setA.IB-rep2-TMS14F1001P0004_208_plant_5,2022-21.GS.C2.UYT.36.setA.IB-rep2-TMS14F1001P0004_208,TMS14F1001P0004,208,4,,2,5,8,5,,,,,,,,,,,,,,,,,,,,,,,,,,,,,,,,,,
2022-21.GS.C2.UYT.36.setA.IB-rep2-TMS14F1297P0019_209_plant_1,2022-21.GS.C2.UYT.36.setA.IB-rep2-TMS14F1297P0019_209,TMS14F1297P0019,209,4,,2,5,9,1,,,,,,,,,,,,,,,,,,,,,,,,,,,,,,,,,,
2022-21.GS.C2.UYT.36.setA.IB-rep2-TMS14F1297P0019_209_plant_2,2022-21.GS.C2.UYT.36.setA.IB-rep2-TMS14F1297P0019_209,TMS14F1297P0019,209,4,,2,5,9,2,,,,,,,,,,,,,,,,,,,,,,,,,,,,,,,,,,
2022-21.GS.C2.UYT.36.setA.IB-rep2-TMS14F1297P0019_209_plant_3,2022-21.GS.C2.UYT.36.setA.IB-rep2-TMS14F1297P0019_209,TMS14F1297P0019,209,4,,2,5,9,3,,,,,,,,,,,,,,,,,,,,,,,,,,,,,,,,,,
2022-21.GS.C2.UYT.36.setA.IB-rep2-TMS14F1297P0019_209_plant_4,2022-21.GS.C2.UYT.36.setA.IB-rep2-TMS14F1297P0019_209,TMS14F1297P0019,209,4,,2,5,9,4,,,,,,,,,,,,,,,,,,,,,,,,,,,,,,,,,,
2022-21.GS.C2.UYT.36.setA.IB-rep2-TMS14F1297P0019_209_plant_5,2022-21.GS.C2.UYT.36.setA.IB-rep2-TMS14F1297P0019_209,TMS14F1297P0019,209,4,,2,5,9,5,,,,,,,,,,,,,,,,,,,,,,,,,,,,,,,,,,
2022-21.GS.C2.UYT.36.setA.IB-rep2-TMS14F1291P0011_210_plant_1,2022-21.GS.C2.UYT.36.setA.IB-rep2-TMS14F1291P0011_210,TMS14F1291P0011,210,4,,2,6,9,1,,,,,,,,,,,,,,,,,,,,,,,,,,,,,,,,,,
2022-21.GS.C2.UYT.36.setA.IB-rep2-TMS14F1291P0011_210_plant_2,2022-21.GS.C2.UYT.36.setA.IB-rep2-TMS14F1291P0011_210,TMS14F1291P0011,210,4,,2,6,9,2,,,,,,,,,,,,,,,,,,,,,,,,,,,,,,,,,,
2022-21.GS.C2.UYT.36.setA.IB-rep2-TMS14F1291P0011_210_plant_3,2022-21.GS.C2.UYT.36.setA.IB-rep2-TMS14F1291P0011_210,TMS14F1291P0011,210,4,,2,6,9,3,,,,,,,,,,,,,,,,,,,,,,,,,,,,,,,,,,
2022-21.GS.C2.UYT.36.setA.IB-rep2-TMS14F1291P0011_210_plant_4,2022-21.GS.C2.UYT.36.setA.IB-rep2-TMS14F1291P0011_210,TMS14F1291P0011,210,4,,2,6,9,4,,,,,,,,,,,,,,,,,,,,,,,,,,,,,,,,,,
2022-21.GS.C2.UYT.36.setA.IB-rep2-TMS14F1291P0011_210_plant_5,2022-21.GS.C2.UYT.36.setA.IB-rep2-TMS14F1291P0011_210,TMS14F1291P0011,210,4,,2,6,9,5,,,,,,,,,,,,,,,,,,,,,,,,,,,,,,,,,,
2022-21.GS.C2.UYT.36.setA.IB-rep2-TMS14F1120P0003_211_plant_1,2022-21.GS.C2.UYT.36.setA.IB-rep2-TMS14F1120P0003_211,TMS14F1120P0003,211,4,,2,6,8,1,,,,,,,,,,,,,,,,,,,,,,,,,,,,,,,,,,
2022-21.GS.C2.UYT.36.setA.IB-rep2-TMS14F1120P0003_211_plant_2,2022-21.GS.C2.UYT.36.setA.IB-rep2-TMS14F1120P0003_211,TMS14F1120P0003,211,4,,2,6,8,2,,,,,,,,,,,,,,,,,,,,,,,,,,,,,,,,,,
2022-21.GS.C2.UYT.36.setA.IB-rep2-TMS14F1120P0003_211_plant_3,2022-21.GS.C2.UYT.36.setA.IB-rep2-TMS14F1120P0003_211,TMS14F1120P0003,211,4,,2,6,8,3,,,,,,,,,,,,,,,,,,,,,,,,,,,,,,,,,,
2022-21.GS.C2.UYT.36.setA.IB-rep2-TMS14F1120P0003_211_plant_4,2022-21.GS.C2.UYT.36.setA.IB-rep2-TMS14F1120P0003_211,TMS14F1120P0003,211,4,,2,6,8,4,,,,,,,,,,,,,,,,,,,,,,,,,,,,,,,,,,
2022-21.GS.C2.UYT.36.setA.IB-rep2-TMS14F1120P0003_211_plant_5,2022-21.GS.C2.UYT.36.setA.IB-rep2-TMS14F1120P0003_211,TMS14F1120P0003,211,4,,2,6,8,5,,,,,,,,,,,,,,,,,,,,,,,,,,,,,,,,,,
2022-21.GS.C2.UYT.36.setA.IB-rep2-TMS14F1306P0015_212_plant_1,2022-21.GS.C2.UYT.36.setA.IB-rep2-TMS14F1306P0015_212,TMS14F1306P0015,212,4,,2,6,7,1,,,,,,,,,,,,,,,,,,,,,,,,,,,,,,,,,,
2022-21.GS.C2.UYT.36.setA.IB-rep2-TMS14F1306P0015_212_plant_2,2022-21.GS.C2.UYT.36.setA.IB-rep2-TMS14F1306P0015_212,TMS14F1306P0015,212,4,,2,6,7,2,,,,,,,,,,,,,,,,,,,,,,,,,,,,,,,,,,
2022-21.GS.C2.UYT.36.setA.IB-rep2-TMS14F1306P0015_212_plant_3,2022-21.GS.C2.UYT.36.setA.IB-rep2-TMS14F1306P0015_212,TMS14F1306P0015,212,4,,2,6,7,3,,,,,,,,,,,,,,,,,,,,,,,,,,,,,,,,,,
2022-21.GS.C2.UYT.36.setA.IB-rep2-TMS14F1306P0015_212_plant_4,2022-21.GS.C2.UYT.36.setA.IB-rep2-TMS14F1306P0015_212,TMS14F1306P0015,212,4,,2,6,7,4,,,,,,,,,,,,,,,,,,,,,,,,,,,,,,,,,,
2022-21.GS.C2.UYT.36.setA.IB-rep2-TMS14F1306P0015_212_plant_5,2022-21.GS.C2.UYT.36.setA.IB-rep2-TMS14F1306P0015_212,TMS14F1306P0015,212,4,,2,6,7,5,,,,,,,,,,,,,,,,,,,,,,,,,,,,,,,,,,
2022-21.GS.C2.UYT.36.setA.IB-rep2-TMS14F1016P0006_213_plant_1,2022-21.GS.C2.UYT.36.setA.IB-rep2-TMS14F1016P0006_213,TMS14F1016P0006,213,5,,2,6,6,1,,,,,,,,,,,,,,,,,,,,,,,,,,,,,,,,,,
2022-21.GS.C2.UYT.36.setA.IB-rep2-TMS14F1016P0006_213_plant_2,2022-21.GS.C2.UYT.36.setA.IB-rep2-TMS14F1016P0006_213,TMS14F1016P0006,213,5,,2,6,6,2,,,,,,,,,,,,,,,,,,,,,,,,,,,,,,,,,,
2022-21.GS.C2.UYT.36.setA.IB-rep2-TMS14F1016P0006_213_plant_3,2022-21.GS.C2.UYT.36.setA.IB-rep2-TMS14F1016P0006_213,TMS14F1016P0006,213,5,,2,6,6,3,,,,,,,,,,,,,,,,,,,,,,,,,,,,,,,,,,
2022-21.GS.C2.UYT.36.setA.IB-rep2-TMS14F1016P0006_213_plant_4,2022-21.GS.C2.UYT.36.setA.IB-rep2-TMS14F1016P0006_213,TMS14F1016P0006,213,5,,2,6,6,4,,,,,,,,,,,,,,,,,,,,,,,,,,,,,,,,,,
2022-21.GS.C2.UYT.36.setA.IB-rep2-TMS14F1016P0006_213_plant_5,2022-21.GS.C2.UYT.36.setA.IB-rep2-TMS14F1016P0006_213,TMS14F1016P0006,213,5,,2,6,6,5,,,,,,,,,,,,,,,,,,,,,,,,,,,,,,,,,,
2022-21.GS.C2.UYT.36.setA.IB-rep2-TMS14F1312P0003_214_plant_1,2022-21.GS.C2.UYT.36.setA.IB-rep2-TMS14F1312P0003_214,TMS14F1312P0003,214,5,,2,6,5,1,,,,,,,,,,,,,,,,,,,,,,,,,,,,,,,,,,
2022-21.GS.C2.UYT.36.setA.IB-rep2-TMS14F1312P0003_214_plant_2,2022-21.GS.C2.UYT.36.setA.IB-rep2-TMS14F1312P0003_214,TMS14F1312P0003,214,5,,2,6,5,2,,,,,,,,,,,,,,,,,,,,,,,,,,,,,,,,,,
2022-21.GS.C2.UYT.36.setA.IB-rep2-TMS14F1312P0003_214_plant_3,2022-21.GS.C2.UYT.36.setA.IB-rep2-TMS14F1312P0003_214,TMS14F1312P0003,214,5,,2,6,5,3,,,,,,,,,,,,,,,,,,,,,,,,,,,,,,,,,,
2022-21.GS.C2.UYT.36.setA.IB-rep2-TMS14F1312P0003_214_plant_4,2022-21.GS.C2.UYT.36.setA.IB-rep2-TMS14F1312P0003_214,TMS14F1312P0003,214,5,,2,6,5,4,,,,,,,,,,,,,,,,,,,,,,,,,,,,,,,,,,
2022-21.GS.C2.UYT.36.setA.IB-rep2-TMS14F1312P0003_214_plant_5,2022-21.GS.C2.UYT.36.setA.IB-rep2-TMS14F1312P0003_214,TMS14F1312P0003,214,5,,2,6,5,5,,,,,,,,,,,,,,,,,,,,,,,,,,,,,,,,,,
2022-21.GS.C2.UYT.36.setA.IB-rep2-TMS14F1262P0002_215_plant_1,2022-21.GS.C2.UYT.36.setA.IB-rep2-TMS14F1262P0002_215,TMS14F1262P0002,215,5,,2,6,4,1,,,,,,,,,,,,,,,,,,,,,,,,,,,,,,,,,,
2022-21.GS.C2.UYT.36.setA.IB-rep2-TMS14F1262P0002_215_plant_2,2022-21.GS.C2.UYT.36.setA.IB-rep2-TMS14F1262P0002_215,TMS14F1262P0002,215,5,,2,6,4,2,,,,,,,,,,,,,,,,,,,,,,,,,,,,,,,,,,
2022-21.GS.C2.UYT.36.setA.IB-rep2-TMS14F1262P0002_215_plant_3,2022-21.GS.C2.UYT.36.setA.IB-rep2-TMS14F1262P0002_215,TMS14F1262P0002,215,5,,2,6,4,3,,,,,,,,,,,,,,,,,,,,,,,,,,,,,,,,,,
2022-21.GS.C2.UYT.36.setA.IB-rep2-TMS14F1262P0002_215_plant_4,2022-21.GS.C2.UYT.36.setA.IB-rep2-TMS14F1262P0002_215,TMS14F1262P0002,215,5,,2,6,4,4,,,,,,,,,,,,,,,,,,,,,,,,,,,,,,,,,,
2022-21.GS.C2.UYT.36.setA.IB-rep2-TMS14F1262P0002_215_plant_5,2022-21.GS.C2.UYT.36.setA.IB-rep2-TMS14F1262P0002_215,TMS14F1262P0002,215,5,,2,6,4,5,,,,,,,,,,,,,,,,,,,,,,,,,,,,,,,,,,
2022-21.GS.C2.UYT.36.setA.IB-rep2-TMS14F1131P0001_216_plant_1,2022-21.GS.C2.UYT.36.setA.IB-rep2-TMS14F1131P0001_216,TMS14F1131P0001,216,5,,2,6,3,1,,,,,,,,,,,,,,,,,,,,,,,,,,,,,,,,,,
2022-21.GS.C2.UYT.36.setA.IB-rep2-TMS14F1131P0001_216_plant_2,2022-21.GS.C2.UYT.36.setA.IB-rep2-TMS14F1131P0001_216,TMS14F1131P0001,216,5,,2,6,3,2,,,,,,,,,,,,,,,,,,,,,,,,,,,,,,,,,,
2022-21.GS.C2.UYT.36.setA.IB-rep2-TMS14F1131P0001_216_plant_3,2022-21.GS.C2.UYT.36.setA.IB-rep2-TMS14F1131P0001_216,TMS14F1131P0001,216,5,,2,6,3,3,,,,,,,,,,,,,,,,,,,,,,,,,,,,,,,,,,
2022-21.GS.C2.UYT.36.setA.IB-rep2-TMS14F1131P0001_216_plant_4,2022-21.GS.C2.UYT.36.setA.IB-rep2-TMS14F1131P0001_216,TMS14F1131P0001,216,5,,2,6,3,4,,,,,,,,,,,,,,,,,,,,,,,,,,,,,,,,,,
2022-21.GS.C2.UYT.36.setA.IB-rep2-TMS14F1131P0001_216_plant_5,2022-21.GS.C2.UYT.36.setA.IB-rep2-TMS14F1131P0001_216,TMS14F1131P0001,216,5,,2,6,3,5,,,,,,,,,,,,,,,,,,,,,,,,,,,,,,,,,,
2022-21.GS.C2.UYT.36.setA.IB-rep2-TMS14F1049P0001_217_plant_1,2022-21.GS.C2.UYT.36.setA.IB-rep2-TMS14F1049P0001_217,TMS14F1049P0001,217,5,,2,6,2,1,,,,,,,,,,,,,,,,,,,,,,,,,,,,,,,,,,
2022-21.GS.C2.UYT.36.setA.IB-rep2-TMS14F1049P0001_217_plant_2,2022-21.GS.C2.UYT.36.setA.IB-rep2-TMS14F1049P0001_217,TMS14F1049P0001,217,5,,2,6,2,2,,,,,,,,,,,,,,,,,,,,,,,,,,,,,,,,,,
2022-21.GS.C2.UYT.36.setA.IB-rep2-TMS14F1049P0001_217_plant_3,2022-21.GS.C2.UYT.36.setA.IB-rep2-TMS14F1049P0001_217,TMS14F1049P0001,217,5,,2,6,2,3,,,,,,,,,,,,,,,,,,,,,,,,,,,,,,,,,,
2022-21.GS.C2.UYT.36.setA.IB-rep2-TMS14F1049P0001_217_plant_4,2022-21.GS.C2.UYT.36.setA.IB-rep2-TMS14F1049P0001_217,TMS14F1049P0001,217,5,,2,6,2,4,,,,,,,,,,,,,,,,,,,,,,,,,,,,,,,,,,
2022-21.GS.C2.UYT.36.setA.IB-rep2-TMS14F1049P0001_217_plant_5,2022-21.GS.C2.UYT.36.setA.IB-rep2-TMS14F1049P0001_217,TMS14F1049P0001,217,5,,2,6,2,5,,,,,,,,,,,,,,,,,,,,,,,,,,,,,,,,,,
2022-21.GS.C2.UYT.36.setA.IB-rep2-TMS13F1461P0002_218_plant_1,2022-21.GS.C2.UYT.36.setA.IB-rep2-TMS13F1461P0002_218,TMS13F1461P0002,218,5,,2,6,1,1,,,,,,,,,,,,,,,,,,,,,,,,,,,,,,,,,,
2022-21.GS.C2.UYT.36.setA.IB-rep2-TMS13F1461P0002_218_plant_2,2022-21.GS.C2.UYT.36.setA.IB-rep2-TMS13F1461P0002_218,TMS13F1461P0002,218,5,,2,6,1,2,,,,,,,,,,,,,,,,,,,,,,,,,,,,,,,,,,
2022-21.GS.C2.UYT.36.setA.IB-rep2-TMS13F1461P0002_218_plant_3,2022-21.GS.C2.UYT.36.setA.IB-rep2-TMS13F1461P0002_218,TMS13F1461P0002,218,5,,2,6,1,3,,,,,,,,,,,,,,,,,,,,,,,,,,,,,,,,,,
2022-21.GS.C2.UYT.36.setA.IB-rep2-TMS13F1461P0002_218_plant_4,2022-21.GS.C2.UYT.36.setA.IB-rep2-TMS13F1461P0002_218,TMS13F1461P0002,218,5,,2,6,1,4,,,,,,,,,,,,,,,,,,,,,,,,,,,,,,,,,,
2022-21.GS.C2.UYT.36.setA.IB-rep2-TMS13F1461P0002_218_plant_5,2022-21.GS.C2.UYT.36.setA.IB-rep2-TMS13F1461P0002_218,TMS13F1461P0002,218,5,,2,6,1,5,,,,,,,,,,,,,,,,,,,,,,,,,,,,,,,,,,
2022-21.GS.C2.UYT.36.setA.IB-rep2-TMS14F1300P0008_219_plant_1,2022-21.GS.C2.UYT.36.setA.IB-rep2-TMS14F1300P0008_219,TMS14F1300P0008,219,5,,2,7,1,1,,,,,,,,,,,,,,,,,,,,,,,,,,,,,,,,,,
2022-21.GS.C2.UYT.36.setA.IB-rep2-TMS14F1300P0008_219_plant_2,2022-21.GS.C2.UYT.36.setA.IB-rep2-TMS14F1300P0008_219,TMS14F1300P0008,219,5,,2,7,1,2,,,,,,,,,,,,,,,,,,,,,,,,,,,,,,,,,,
2022-21.GS.C2.UYT.36.setA.IB-rep2-TMS14F1300P0008_219_plant_3,2022-21.GS.C2.UYT.36.setA.IB-rep2-TMS14F1300P0008_219,TMS14F1300P0008,219,5,,2,7,1,3,,,,,,,,,,,,,,,,,,,,,,,,,,,,,,,,,,
2022-21.GS.C2.UYT.36.setA.IB-rep2-TMS14F1300P0008_219_plant_4,2022-21.GS.C2.UYT.36.setA.IB-rep2-TMS14F1300P0008_219,TMS14F1300P0008,219,5,,2,7,1,4,,,,,,,,,,,,,,,,,,,,,,,,,,,,,,,,,,
2022-21.GS.C2.UYT.36.setA.IB-rep2-TMS14F1300P0008_219_plant_5,2022-21.GS.C2.UYT.36.setA.IB-rep2-TMS14F1300P0008_219,TMS14F1300P0008,219,5,,2,7,1,5,,,,,,,,,,,,,,,,,,,,,,,,,,,,,,,,,,
2022-21.GS.C2.UYT.36.setA.IB-rep2-TMS14F1303P0012_220_plant_1,2022-21.GS.C2.UYT.36.setA.IB-rep2-TMS14F1303P0012_220,TMS14F1303P0012,220,5,,2,7,2,1,,,,,,,,,,,,,,,,,,,,,,,,,,,,,,,,,,
2022-21.GS.C2.UYT.36.setA.IB-rep2-TMS14F1303P0012_220_plant_2,2022-21.GS.C2.UYT.36.setA.IB-rep2-TMS14F1303P0012_220,TMS14F1303P0012,220,5,,2,7,2,2,,,,,,,,,,,,,,,,,,,,,,,,,,,,,,,,,,
2022-21.GS.C2.UYT.36.setA.IB-rep2-TMS14F1303P0012_220_plant_3,2022-21.GS.C2.UYT.36.setA.IB-rep2-TMS14F1303P0012_220,TMS14F1303P0012,220,5,,2,7,2,3,,,,,,,,,,,,,,,,,,,,,,,,,,,,,,,,,,
2022-21.GS.C2.UYT.36.setA.IB-rep2-TMS14F1303P0012_220_plant_4,2022-21.GS.C2.UYT.36.setA.IB-rep2-TMS14F1303P0012_220,TMS14F1303P0012,220,5,,2,7,2,4,,,,,,,,,,,,,,,,,,,,,,,,,,,,,,,,,,
2022-21.GS.C2.UYT.36.setA.IB-rep2-TMS14F1303P0012_220_plant_5,2022-21.GS.C2.UYT.36.setA.IB-rep2-TMS14F1303P0012_220,TMS14F1303P0012,220,5,,2,7,2,5,,,,,,,,,,,,,,,,,,,,,,,,,,,,,,,,,,
2022-21.GS.C2.UYT.36.setA.IB-rep2-TMS13F2061P0005_221_plant_1,2022-21.GS.C2.UYT.36.setA.IB-rep2-TMS13F2061P0005_221,TMS13F2061P0005,221,5,,2,7,3,1,,,,,,,,,,,,,,,,,,,,,,,,,,,,,,,,,,
2022-21.GS.C2.UYT.36.setA.IB-rep2-TMS13F2061P0005_221_plant_2,2022-21.GS.C2.UYT.36.setA.IB-rep2-TMS13F2061P0005_221,TMS13F2061P0005,221,5,,2,7,3,2,,,,,,,,,,,,,,,,,,,,,,,,,,,,,,,,,,
2022-21.GS.C2.UYT.36.setA.IB-rep2-TMS13F2061P0005_221_plant_3,2022-21.GS.C2.UYT.36.setA.IB-rep2-TMS13F2061P0005_221,TMS13F2061P0005,221,5,,2,7,3,3,,,,,,,,,,,,,,,,,,,,,,,,,,,,,,,,,,
2022-21.GS.C2.UYT.36.setA.IB-rep2-TMS13F2061P0005_221_plant_4,2022-21.GS.C2.UYT.36.setA.IB-rep2-TMS13F2061P0005_221,TMS13F2061P0005,221,5,,2,7,3,4,,,,,,,,,,,,,,,,,,,,,,,,,,,,,,,,,,
2022-21.GS.C2.UYT.36.setA.IB-rep2-TMS13F2061P0005_221_plant_5,2022-21.GS.C2.UYT.36.setA.IB-rep2-TMS13F2061P0005_221,TMS13F2061P0005,221,5,,2,7,3,5,,,,,,,,,,,,,,,,,,,,,,,,,,,,,,,,,,
2022-21.GS.C2.UYT.36.setA.IB-rep2-TMS13F1182P0002_222_plant_1,2022-21.GS.C2.UYT.36.setA.IB-rep2-TMS13F1182P0002_222,TMS13F1182P0002,222,5,,2,7,4,1,,,,,,,,,,,,,,,,,,,,,,,,,,,,,,,,,,
2022-21.GS.C2.UYT.36.setA.IB-rep2-TMS13F1182P0002_222_plant_2,2022-21.GS.C2.UYT.36.setA.IB-rep2-TMS13F1182P0002_222,TMS13F1182P0002,222,5,,2,7,4,2,,,,,,,,,,,,,,,,,,,,,,,,,,,,,,,,,,
2022-21.GS.C2.UYT.36.setA.IB-rep2-TMS13F1182P0002_222_plant_3,2022-21.GS.C2.UYT.36.setA.IB-rep2-TMS13F1182P0002_222,TMS13F1182P0002,222,5,,2,7,4,3,,,,,,,,,,,,,,,,,,,,,,,,,,,,,,,,,,
2022-21.GS.C2.UYT.36.setA.IB-rep2-TMS13F1182P0002_222_plant_4,2022-21.GS.C2.UYT.36.setA.IB-rep2-TMS13F1182P0002_222,TMS13F1182P0002,222,5,,2,7,4,4,,,,,,,,,,,,,,,,,,,,,,,,,,,,,,,,,,
2022-21.GS.C2.UYT.36.setA.IB-rep2-TMS13F1182P0002_222_plant_5,2022-21.GS.C2.UYT.36.setA.IB-rep2-TMS13F1182P0002_222,TMS13F1182P0002,222,5,,2,7,4,5,,,,,,,,,,,,,,,,,,,,,,,,,,,,,,,,,,
2022-21.GS.C2.UYT.36.setA.IB-rep2-TMS14F1223P0007_223_plant_1,2022-21.GS.C2.UYT.36.setA.IB-rep2-TMS14F1223P0007_223,TMS14F1223P0007,223,5,,2,7,5,1,,,,,,,,,,,,,,,,,,,,,,,,,,,,,,,,,,
2022-21.GS.C2.UYT.36.setA.IB-rep2-TMS14F1223P0007_223_plant_2,2022-21.GS.C2.UYT.36.setA.IB-rep2-TMS14F1223P0007_223,TMS14F1223P0007,223,5,,2,7,5,2,,,,,,,,,,,,,,,,,,,,,,,,,,,,,,,,,,
2022-21.GS.C2.UYT.36.setA.IB-rep2-TMS14F1223P0007_223_plant_3,2022-21.GS.C2.UYT.36.setA.IB-rep2-TMS14F1223P0007_223,TMS14F1223P0007,223,5,,2,7,5,3,,,,,,,,,,,,,,,,,,,,,,,,,,,,,,,,,,
2022-21.GS.C2.UYT.36.setA.IB-rep2-TMS14F1223P0007_223_plant_4,2022-21.GS.C2.UYT.36.setA.IB-rep2-TMS14F1223P0007_223,TMS14F1223P0007,223,5,,2,7,5,4,,,,,,,,,,,,,,,,,,,,,,,,,,,,,,,,,,
2022-21.GS.C2.UYT.36.setA.IB-rep2-TMS14F1223P0007_223_plant_5,2022-21.GS.C2.UYT.36.setA.IB-rep2-TMS14F1223P0007_223,TMS14F1223P0007,223,5,,2,7,5,5,,,,,,,,,,,,,,,,,,,,,,,,,,,,,,,,,,
2022-21.GS.C2.UYT.36.setA.IB-rep2-TMS14F1311P0002_224_plant_1,2022-21.GS.C2.UYT.36.setA.IB-rep2-TMS14F1311P0002_224,TMS14F1311P0002,224,5,,2,7,6,1,,,,,,,,,,,,,,,,,,,,,,,,,,,,,,,,,,
2022-21.GS.C2.UYT.36.setA.IB-rep2-TMS14F1311P0002_224_plant_2,2022-21.GS.C2.UYT.36.setA.IB-rep2-TMS14F1311P0002_224,TMS14F1311P0002,224,5,,2,7,6,2,,,,,,,,,,,,,,,,,,,,,,,,,,,,,,,,,,
2022-21.GS.C2.UYT.36.setA.IB-rep2-TMS14F1311P0002_224_plant_3,2022-21.GS.C2.UYT.36.setA.IB-rep2-TMS14F1311P0002_224,TMS14F1311P0002,224,5,,2,7,6,3,,,,,,,,,,,,,,,,,,,,,,,,,,,,,,,,,,
2022-21.GS.C2.UYT.36.setA.IB-rep2-TMS14F1311P0002_224_plant_4,2022-21.GS.C2.UYT.36.setA.IB-rep2-TMS14F1311P0002_224,TMS14F1311P0002,224,5,,2,7,6,4,,,,,,,,,,,,,,,,,,,,,,,,,,,,,,,,,,
2022-21.GS.C2.UYT.36.setA.IB-rep2-TMS14F1311P0002_224_plant_5,2022-21.GS.C2.UYT.36.setA.IB-rep2-TMS14F1311P0002_224,TMS14F1311P0002,224,5,,2,7,6,5,,,,,,,,,,,,,,,,,,,,,,,,,,,,,,,,,,
2022-21.GS.C2.UYT.36.setA.IB-rep2-IITA-TMS-IBA000070_225_plant_1,2022-21.GS.C2.UYT.36.setA.IB-rep2-IITA-TMS-IBA000070_225,IITA-TMS-IBA000070,225,6,1,2,7,7,1,,,,,,,,,,,,,,,,,,,,,,,,,,,,,,,,,,
2022-21.GS.C2.UYT.36.setA.IB-rep2-IITA-TMS-IBA000070_225_plant_2,2022-21.GS.C2.UYT.36.setA.IB-rep2-IITA-TMS-IBA000070_225,IITA-TMS-IBA000070,225,6,1,2,7,7,2,,,,,,,,,,,,,,,,,,,,,,,,,,,,,,,,,,
2022-21.GS.C2.UYT.36.setA.IB-rep2-IITA-TMS-IBA000070_225_plant_3,2022-21.GS.C2.UYT.36.setA.IB-rep2-IITA-TMS-IBA000070_225,IITA-TMS-IBA000070,225,6,1,2,7,7,3,,,,,,,,,,,,,,,,,,,,,,,,,,,,,,,,,,
2022-21.GS.C2.UYT.36.setA.IB-rep2-IITA-TMS-IBA000070_225_plant_4,2022-21.GS.C2.UYT.36.setA.IB-rep2-IITA-TMS-IBA000070_225,IITA-TMS-IBA000070,225,6,1,2,7,7,4,,,,,,,,,,,,,,,,,,,,,,,,,,,,,,,,,,
2022-21.GS.C2.UYT.36.setA.IB-rep2-IITA-TMS-IBA000070_225_plant_5,2022-21.GS.C2.UYT.36.setA.IB-rep2-IITA-TMS-IBA000070_225,IITA-TMS-IBA000070,225,6,1,2,7,7,5,,,,,,,,,,,,,,,,,,,,,,,,,,,,,,,,,,
2022-21.GS.C2.UYT.36.setA.IB-rep2-IITA-TMS-IBA982101_226_plant_1,2022-21.GS.C2.UYT.36.setA.IB-rep2-IITA-TMS-IBA982101_226,IITA-TMS-IBA982101,226,6,1,2,7,8,1,,,,,,,,,,,,,,,,,,,,,,,,,,,,,,,,,,
2022-21.GS.C2.UYT.36.setA.IB-rep2-IITA-TMS-IBA982101_226_plant_2,2022-21.GS.C2.UYT.36.setA.IB-rep2-IITA-TMS-IBA982101_226,IITA-TMS-IBA982101,226,6,1,2,7,8,2,,,,,,,,,,,,,,,,,,,,,,,,,,,,,,,,,,
2022-21.GS.C2.UYT.36.setA.IB-rep2-IITA-TMS-IBA982101_226_plant_3,2022-21.GS.C2.UYT.36.setA.IB-rep2-IITA-TMS-IBA982101_226,IITA-TMS-IBA982101,226,6,1,2,7,8,3,,,,,,,,,,,,,,,,,,,,,,,,,,,,,,,,,,
2022-21.GS.C2.UYT.36.setA.IB-rep2-IITA-TMS-IBA982101_226_plant_4,2022-21.GS.C2.UYT.36.setA.IB-rep2-IITA-TMS-IBA982101_226,IITA-TMS-IBA982101,226,6,1,2,7,8,4,,,,,,,,,,,,,,,,,,,,,,,,,,,,,,,,,,
2022-21.GS.C2.UYT.36.setA.IB-rep2-IITA-TMS-IBA982101_226_plant_5,2022-21.GS.C2.UYT.36.setA.IB-rep2-IITA-TMS-IBA982101_226,IITA-TMS-IBA982101,226,6,1,2,7,8,5,,,,,,,,,,,,,,,,,,,,,,,,,,,,,,,,,,
2022-21.GS.C2.UYT.36.setA.IB-rep2-TMS14F1306P0020_227_plant_1,2022-21.GS.C2.UYT.36.setA.IB-rep2-TMS14F1306P0020_227,TMS14F1306P0020,227,6,,2,7,9,1,,,,,,,,,,,,,,,,,,,,,,,,,,,,,,,,,,
2022-21.GS.C2.UYT.36.setA.IB-rep2-TMS14F1306P0020_227_plant_2,2022-21.GS.C2.UYT.36.setA.IB-rep2-TMS14F1306P0020_227,TMS14F1306P0020,227,6,,2,7,9,2,,,,,,,,,,,,,,,,,,,,,,,,,,,,,,,,,,
2022-21.GS.C2.UYT.36.setA.IB-rep2-TMS14F1306P0020_227_plant_3,2022-21.GS.C2.UYT.36.setA.IB-rep2-TMS14F1306P0020_227,TMS14F1306P0020,227,6,,2,7,9,3,,,,,,,,,,,,,,,,,,,,,,,,,,,,,,,,,,
2022-21.GS.C2.UYT.36.setA.IB-rep2-TMS14F1306P0020_227_plant_4,2022-21.GS.C2.UYT.36.setA.IB-rep2-TMS14F1306P0020_227,TMS14F1306P0020,227,6,,2,7,9,4,,,,,,,,,,,,,,,,,,,,,,,,,,,,,,,,,,
2022-21.GS.C2.UYT.36.setA.IB-rep2-TMS14F1306P0020_227_plant_5,2022-21.GS.C2.UYT.36.setA.IB-rep2-TMS14F1306P0020_227,TMS14F1306P0020,227,6,,2,7,9,5,,,,,,,,,,,,,,,,,,,,,,,,,,,,,,,,,,
2022-21.GS.C2.UYT.36.setA.IB-rep2-TMS13F1021P0008_228_plant_1,2022-21.GS.C2.UYT.36.setA.IB-rep2-TMS13F1021P0008_228,TMS13F1021P0008,228,6,,2,8,9,1,,,,,,,,,,,,,,,,,,,,,,,,,,,,,,,,,,
2022-21.GS.C2.UYT.36.setA.IB-rep2-TMS13F1021P0008_228_plant_2,2022-21.GS.C2.UYT.36.setA.IB-rep2-TMS13F1021P0008_228,TMS13F1021P0008,228,6,,2,8,9,2,,,,,,,,,,,,,,,,,,,,,,,,,,,,,,,,,,
2022-21.GS.C2.UYT.36.setA.IB-rep2-TMS13F1021P0008_228_plant_3,2022-21.GS.C2.UYT.36.setA.IB-rep2-TMS13F1021P0008_228,TMS13F1021P0008,228,6,,2,8,9,3,,,,,,,,,,,,,,,,,,,,,,,,,,,,,,,,,,
2022-21.GS.C2.UYT.36.setA.IB-rep2-TMS13F1021P0008_228_plant_4,2022-21.GS.C2.UYT.36.setA.IB-rep2-TMS13F1021P0008_228,TMS13F1021P0008,228,6,,2,8,9,4,,,,,,,,,,,,,,,,,,,,,,,,,,,,,,,,,,
2022-21.GS.C2.UYT.36.setA.IB-rep2-TMS13F1021P0008_228_plant_5,2022-21.GS.C2.UYT.36.setA.IB-rep2-TMS13F1021P0008_228,TMS13F1021P0008,228,6,,2,8,9,5,,,,,,,,,,,,,,,,,,,,,,,,,,,,,,,,,,
2022-21.GS.C2.UYT.36.setA.IB-rep2-TMS14F1310P0004_229_plant_1,2022-21.GS.C2.UYT.36.setA.IB-rep2-TMS14F1310P0004_229,TMS14F1310P0004,229,6,,2,8,8,1,,,,,,,,,,,,,,,,,,,,,,,,,,,,,,,,,,
2022-21.GS.C2.UYT.36.setA.IB-rep2-TMS14F1310P0004_229_plant_2,2022-21.GS.C2.UYT.36.setA.IB-rep2-TMS14F1310P0004_229,TMS14F1310P0004,229,6,,2,8,8,2,,,,,,,,,,,,,,,,,,,,,,,,,,,,,,,,,,
2022-21.GS.C2.UYT.36.setA.IB-rep2-TMS14F1310P0004_229_plant_3,2022-21.GS.C2.UYT.36.setA.IB-rep2-TMS14F1310P0004_229,TMS14F1310P0004,229,6,,2,8,8,3,,,,,,,,,,,,,,,,,,,,,,,,,,,,,,,,,,
2022-21.GS.C2.UYT.36.setA.IB-rep2-TMS14F1310P0004_229_plant_4,2022-21.GS.C2.UYT.36.setA.IB-rep2-TMS14F1310P0004_229,TMS14F1310P0004,229,6,,2,8,8,4,,,,,,,,,,,,,,,,,,,,,,,,,,,,,,,,,,
2022-21.GS.C2.UYT.36.setA.IB-rep2-TMS14F1310P0004_229_plant_5,2022-21.GS.C2.UYT.36.setA.IB-rep2-TMS14F1310P0004_229,TMS14F1310P0004,229,6,,2,8,8,5,,,,,,,,,,,,,,,,,,,,,,,,,,,,,,,,,,
2022-21.GS.C2.UYT.36.setA.IB-rep2-TMEB419_230_plant_1,2022-21.GS.C2.UYT.36.setA.IB-rep2-TMEB419_230,TMEB419,230,6,1,2,8,7,1,,,,,,,,,,,,,,,,,,,,,,,,,,,,,,,,,,
2022-21.GS.C2.UYT.36.setA.IB-rep2-TMEB419_230_plant_2,2022-21.GS.C2.UYT.36.setA.IB-rep2-TMEB419_230,TMEB419,230,6,1,2,8,7,2,,,,,,,,,,,,,,,,,,,,,,,,,,,,,,,,,,
2022-21.GS.C2.UYT.36.setA.IB-rep2-TMEB419_230_plant_3,2022-21.GS.C2.UYT.36.setA.IB-rep2-TMEB419_230,TMEB419,230,6,1,2,8,7,3,,,,,,,,,,,,,,,,,,,,,,,,,,,,,,,,,,
2022-21.GS.C2.UYT.36.setA.IB-rep2-TMEB419_230_plant_4,2022-21.GS.C2.UYT.36.setA.IB-rep2-TMEB419_230,TMEB419,230,6,1,2,8,7,4,,,,,,,,,,,,,,,,,,,,,,,,,,,,,,,,,,
2022-21.GS.C2.UYT.36.setA.IB-rep2-TMEB419_230_plant_5,2022-21.GS.C2.UYT.36.setA.IB-rep2-TMEB419_230,TMEB419,230,6,1,2,8,7,5,,,,,,,,,,,,,,,,,,,,,,,,,,,,,,,,,,
2022-21.GS.C2.UYT.36.setA.IB-rep2-TMS14F1195P0005_231_plant_1,2022-21.GS.C2.UYT.36.setA.IB-rep2-TMS14F1195P0005_231,TMS14F1195P0005,231,6,,2,8,6,1,,,,,,,,,,,,,,,,,,,,,,,,,,,,,,,,,,
2022-21.GS.C2.UYT.36.setA.IB-rep2-TMS14F1195P0005_231_plant_2,2022-21.GS.C2.UYT.36.setA.IB-rep2-TMS14F1195P0005_231,TMS14F1195P0005,231,6,,2,8,6,2,,,,,,,,,,,,,,,,,,,,,,,,,,,,,,,,,,
2022-21.GS.C2.UYT.36.setA.IB-rep2-TMS14F1195P0005_231_plant_3,2022-21.GS.C2.UYT.36.setA.IB-rep2-TMS14F1195P0005_231,TMS14F1195P0005,231,6,,2,8,6,3,,,,,,,,,,,,,,,,,,,,,,,,,,,,,,,,,,
2022-21.GS.C2.UYT.36.setA.IB-rep2-TMS14F1195P0005_231_plant_4,2022-21.GS.C2.UYT.36.setA.IB-rep2-TMS14F1195P0005_231,TMS14F1195P0005,231,6,,2,8,6,4,,,,,,,,,,,,,,,,,,,,,,,,,,,,,,,,,,
2022-21.GS.C2.UYT.36.setA.IB-rep2-TMS14F1195P0005_231_plant_5,2022-21.GS.C2.UYT.36.setA.IB-rep2-TMS14F1195P0005_231,TMS14F1195P0005,231,6,,2,8,6,5,,,,,,,,,,,,,,,,,,,,,,,,,,,,,,,,,,
2022-21.GS.C2.UYT.36.setA.IB-rep2-IITA-TMS-IBA980581_232_plant_1,2022-21.GS.C2.UYT.36.setA.IB-rep2-IITA-TMS-IBA980581_232,IITA-TMS-IBA980581,232,6,1,2,8,5,1,,,,,,,,,,,,,,,,,,,,,,,,,,,,,,,,,,
2022-21.GS.C2.UYT.36.setA.IB-rep2-IITA-TMS-IBA980581_232_plant_2,2022-21.GS.C2.UYT.36.setA.IB-rep2-IITA-TMS-IBA980581_232,IITA-TMS-IBA980581,232,6,1,2,8,5,2,,,,,,,,,,,,,,,,,,,,,,,,,,,,,,,,,,
2022-21.GS.C2.UYT.36.setA.IB-rep2-IITA-TMS-IBA980581_232_plant_3,2022-21.GS.C2.UYT.36.setA.IB-rep2-IITA-TMS-IBA980581_232,IITA-TMS-IBA980581,232,6,1,2,8,5,3,,,,,,,,,,,,,,,,,,,,,,,,,,,,,,,,,,
2022-21.GS.C2.UYT.36.setA.IB-rep2-IITA-TMS-IBA980581_232_plant_4,2022-21.GS.C2.UYT.36.setA.IB-rep2-IITA-TMS-IBA980581_232,IITA-TMS-IBA980581,232,6,1,2,8,5,4,,,,,,,,,,,,,,,,,,,,,,,,,,,,,,,,,,
2022-21.GS.C2.UYT.36.setA.IB-rep2-IITA-TMS-IBA980581_232_plant_5,2022-21.GS.C2.UYT.36.setA.IB-rep2-IITA-TMS-IBA980581_232,IITA-TMS-IBA980581,232,6,1,2,8,5,5,,,,,,,,,,,,,,,,,,,,,,,,,,,,,,,,,,
2022-21.GS.C2.UYT.36.setA.IB-rep2-TMS14F1035P0007_233_plant_1,2022-21.GS.C2.UYT.36.setA.IB-rep2-TMS14F1035P0007_233,TMS14F1035P0007,233,6,,2,8,4,1,,,,,,,,,,,,,,,,,,,,,,,,,,,,,,,,,,
2022-21.GS.C2.UYT.36.setA.IB-rep2-TMS14F1035P0007_233_plant_2,2022-21.GS.C2.UYT.36.setA.IB-rep2-TMS14F1035P0007_233,TMS14F1035P0007,233,6,,2,8,4,2,,,,,,,,,,,,,,,,,,,,,,,,,,,,,,,,,,
2022-21.GS.C2.UYT.36.setA.IB-rep2-TMS14F1035P0007_233_plant_3,2022-21.GS.C2.UYT.36.setA.IB-rep2-TMS14F1035P0007_233,TMS14F1035P0007,233,6,,2,8,4,3,,,,,,,,,,,,,,,,,,,,,,,,,,,,,,,,,,
2022-21.GS.C2.UYT.36.setA.IB-rep2-TMS14F1035P0007_233_plant_4,2022-21.GS.C2.UYT.36.setA.IB-rep2-TMS14F1035P0007_233,TMS14F1035P0007,233,6,,2,8,4,4,,,,,,,,,,,,,,,,,,,,,,,,,,,,,,,,,,
2022-21.GS.C2.UYT.36.setA.IB-rep2-TMS14F1035P0007_233_plant_5,2022-21.GS.C2.UYT.36.setA.IB-rep2-TMS14F1035P0007_233,TMS14F1035P0007,233,6,,2,8,4,5,,,,,,,,,,,,,,,,,,,,,,,,,,,,,,,,,,
2022-21.GS.C2.UYT.36.setA.IB-rep2-TMS14F1285P0017_234_plant_1,2022-21.GS.C2.UYT.36.setA.IB-rep2-TMS14F1285P0017_234,TMS14F1285P0017,234,6,,2,8,3,1,,,,,,,,,,,,,,,,,,,,,,,,,,,,,,,,,,
2022-21.GS.C2.UYT.36.setA.IB-rep2-TMS14F1285P0017_234_plant_2,2022-21.GS.C2.UYT.36.setA.IB-rep2-TMS14F1285P0017_234,TMS14F1285P0017,234,6,,2,8,3,2,,,,,,,,,,,,,,,,,,,,,,,,,,,,,,,,,,
2022-21.GS.C2.UYT.36.setA.IB-rep2-TMS14F1285P0017_234_plant_3,2022-21.GS.C2.UYT.36.setA.IB-rep2-TMS14F1285P0017_234,TMS14F1285P0017,234,6,,2,8,3,3,,,,,,,,,,,,,,,,,,,,,,,,,,,,,,,,,,
2022-21.GS.C2.UYT.36.setA.IB-rep2-TMS14F1285P0017_234_plant_4,2022-21.GS.C2.UYT.36.setA.IB-rep2-TMS14F1285P0017_234,TMS14F1285P0017,234,6,,2,8,3,4,,,,,,,,,,,,,,,,,,,,,,,,,,,,,,,,,,
2022-21.GS.C2.UYT.36.setA.IB-rep2-TMS14F1285P0017_234_plant_5,2022-21.GS.C2.UYT.36.setA.IB-rep2-TMS14F1285P0017_234,TMS14F1285P0017,234,6,,2,8,3,5,,,,,,,,,,,,,,,,,,,,,,,,,,,,,,,,,,
2022-21.GS.C2.UYT.36.setA.IB-rep2-IITA-TMS-IBA30572_235_plant_1,2022-21.GS.C2.UYT.36.setA.IB-rep2-IITA-TMS-IBA30572_235,IITA-TMS-IBA30572,235,6,1,2,8,2,1,,,,,,,,,,,,,,,,,,,,,,,,,,,,,,,,,,
2022-21.GS.C2.UYT.36.setA.IB-rep2-IITA-TMS-IBA30572_235_plant_2,2022-21.GS.C2.UYT.36.setA.IB-rep2-IITA-TMS-IBA30572_235,IITA-TMS-IBA30572,235,6,1,2,8,2,2,,,,,,,,,,,,,,,,,,,,,,,,,,,,,,,,,,
2022-21.GS.C2.UYT.36.setA.IB-rep2-IITA-TMS-IBA30572_235_plant_3,2022-21.GS.C2.UYT.36.setA.IB-rep2-IITA-TMS-IBA30572_235,IITA-TMS-IBA30572,235,6,1,2,8,2,3,,,,,,,,,,,,,,,,,,,,,,,,,,,,,,,,,,
2022-21.GS.C2.UYT.36.setA.IB-rep2-IITA-TMS-IBA30572_235_plant_4,2022-21.GS.C2.UYT.36.setA.IB-rep2-IITA-TMS-IBA30572_235,IITA-TMS-IBA30572,235,6,1,2,8,2,4,,,,,,,,,,,,,,,,,,,,,,,,,,,,,,,,,,
2022-21.GS.C2.UYT.36.setA.IB-rep2-IITA-TMS-IBA30572_235_plant_5,2022-21.GS.C2.UYT.36.setA.IB-rep2-IITA-TMS-IBA30572_235,IITA-TMS-IBA30572,235,6,1,2,8,2,5,,,,,,,,,,,,,,,,,,,,,,,,,,,,,,,,,,
2022-21.GS.C2.UYT.36.setA.IB-rep2-TMS13F2207P0001_236_plant_1,2022-21.GS.C2.UYT.36.setA.IB-rep2-TMS13F2207P0001_236,TMS13F2207P0001,236,6,,2,8,1,1,,,,,,,,,,,,,,,,,,,,,,,,,,,,,,,,,,
2022-21.GS.C2.UYT.36.setA.IB-rep2-TMS13F2207P0001_236_plant_2,2022-21.GS.C2.UYT.36.setA.IB-rep2-TMS13F2207P0001_236,TMS13F2207P0001,236,6,,2,8,1,2,,,,,,,,,,,,,,,,,,,,,,,,,,,,,,,,,,
2022-21.GS.C2.UYT.36.setA.IB-rep2-TMS13F2207P0001_236_plant_3,2022-21.GS.C2.UYT.36.setA.IB-rep2-TMS13F2207P0001_236,TMS13F2207P0001,236,6,,2,8,1,3,,,,,,,,,,,,,,,,,,,,,,,,,,,,,,,,,,
2022-21.GS.C2.UYT.36.setA.IB-rep2-TMS13F2207P0001_236_plant_4,2022-21.GS.C2.UYT.36.setA.IB-rep2-TMS13F2207P0001_236,TMS13F2207P0001,236,6,,2,8,1,4,,,,,,,,,,,,,,,,,,,,,,,,,,,,,,,,,,
2022-21.GS.C2.UYT.36.setA.IB-rep2-TMS13F2207P0001_236_plant_5,2022-21.GS.C2.UYT.36.setA.IB-rep2-TMS13F2207P0001_236,TMS13F2207P0001,236,6,,2,8,1,5,,,,,,,,,,,,,,,,,,,,,,,,,,,,,,,,,,