plant_name,plot_name,accession_name,plot_number,block_number,is_a_control,rep_number,row_number,col_number,plant_number,FieldNotes,Picture,"stem number counting			|CO_334:0000129","branching level counting			|CO_334:0000079","number of forks on branching level 1 counting			|CO_334:0000522","number of forks on branching level 2 counting			|CO_334:0000523","number of forks on branching level 3 counting			|CO_334:0000524","number of forks on branching level 4 counting			|CO_334:0000524-Copy-(0)",Plant height at first branching  Level,Plant height at second branching  Level,Plant height at third branching  Level,Plant height at fourth branching  Level,"plant height with leaf in cm			|CO_334:0000123","number of nodes at branching level 1 counting			|CO_334:0000352","number of nodes at branching level 2 counting			|CO_334:0000363","number of nodes at branching level 3 counting			|CO_334:0000368","number of nodes at branching level 4 counting			|CO_334:0000383","days to first forking event visual observation			|CO_334:0000467","days to second forking event visual observation			|CO_334:0000468","days to senescence on the first branch visual observation			|CO_334:0000518","days to third forking event visual observation			|CO_334:0000469","leaf life span in days			|CO_334:0000049",Leaf Lobe Counting,"leaf_1 lobe length measurement in cm			|CO_334:0000164","leaf_1 lobe Width measurement in cm			|CO_334:0000164-Copy-(0)","leaf_2 lobe length measurement in cm			|CO_334:0000164-Copy-(0)","leaf_2 lobe Width measurement in cm			|CO_334:0000164-Copy-(1)","leaf_3 lobe length measurement in cm - Leaf 1		|CO_334:0000164-Copy-(1)","leaf_3 lobe width measurement in cm			|CO_334:0000165",notes,"stem diameter measurement in cm|month 5			|COMP:0000129",Section_1 from branching_1-2_diameter,section from Branching_2-3_diameter,section from Branching_3-4_diameter
2022-21.GS.C2.UYT.36.setA.IB-rep1-TMS14F1223P0007_101_plant_1,2022-21.GS.C2.UYT.36.setA.IB-rep1-TMS14F1223P0007_101,TMS14F1223P0007,101,1,,1,1,1,1,,,,,,,,,,,,,,,,,,,,,,,,,,,,,,,,,,
2022-21.GS.C2.UYT.36.setA.IB-rep1-TMS14F1223P0007_101_plant_2,2022-21.GS.C2.UYT.36.setA.IB-rep1-TMS14F1223P0007_101,TMS14F1223P0007,101,1,,1,1,1,2,,,,,,,,,,,,,,,,,,,,,,,,,,,,,,,,,,
2022-21.GS.C2.UYT.36.setA.IB-rep1-TMS14F1223P0007_101_plant_3,2022-21.GS.C2.UYT.36.setA.IB-rep1-TMS14F1223P0007_101,TMS14F1223P0007,101,1,,1,1,1,3,,,,,,,,,,,,,,,,,,,,,,,,,,,,,,,,,,
2022-21.GS.C2.UYT.36.setA.IB-rep1-TMS14F1223P0007_101_plant_4,2022-21.GS.C2.UYT.36.setA.IB-rep1-TMS14F1223P0007_101,TMS14F1223P0007,101,1,,1,1,1,4,,,,,,,,,,,,,,,,,,,,,,,,,,,,,,,,,,
2022-21.GS.C2.UYT.36.setA.IB-rep1-TMS14F1223P0007_101_plant_5,2022-21.GS.C2.UYT.36.setA.IB-rep1-TMS14F1223P0007_101,TMS14F1223P0007,101,1,,1,1,1,5,,,,,,,,,,,,,,,,,,,,,,,,,,,,,,,,,,
2022-21.GS.C2.UYT.36.setA.IB-rep1-TMS14F1194P0002_102_plant_1,2022-21.GS.C2.UYT.36.setA.IB-rep1-TMS14F1194P0002_102,TMS14F1194P0002,102,1,,1,1,2,1,,,,,,,,,,,,,,,,,,,,,,,,,,,,,,,,,,
2022-21.GS.C2.UYT.36.setA.IB-rep1-TMS14F1194P0002_102_plant_2,2022-21.GS.C2.UYT.36.setA.IB-rep1-TMS14F1194P0002_102,TMS14F1194P0002,102,1,,1,1,2,2,,,,,,,,,,,,,,,,,,,,,,,,,,,,,,,,,,
2022-21.GS.C2.UYT.36.setA.IB-rep1-TMS14F1194P0002_102_plant_3,2022-21.GS.C2.UYT.36.setA.IB-rep1-TMS14F1194P0002_102,TMS14F1194P0002,102,1,,1,1,2,3,,,,,,,,,,,,,,,,,,,,,,,,,,,,,,,,,,
2022-21.GS.C2.UYT.36.setA.IB-rep1-TMS14F1194P0002_102_plant_4,2022-21.GS.C2.UYT.36.setA.IB-rep1-TMS14F1194P0002_102,TMS14F1194P0002,102,1,,1,1,2,4,,,,,,,,,,,,,,,,,,,,,,,,,,,,,,,,,,
2022-21.GS.C2.UYT.36.setA.IB-rep1-TMS14F1194P0002_102_plant_5,2022-21.GS.C2.UYT.36.setA.IB-rep1-TMS14F1194P0002_102,TMS14F1194P0002,102,1,,1,1,2,5,,,,,,,,,,,,,,,,,,,,,,,,,,,,,,,,,,
2022-21.GS.C2.UYT.36.setA.IB-rep1-TMS14F1195P0005_103_plant_1,2022-21.GS.C2.UYT.36.setA.IB-rep1-TMS14F1195P0005_103,TMS14F1195P0005,103,1,,1,1,3,1,,,,,,,,,,,,,,,,,,,,,,,,,,,,,,,,,,
2022-21.GS.C2.UYT.36.setA.IB-rep1-TMS14F1195P0005_103_plant_2,2022-21.GS.C2.UYT.36.setA.IB-rep1-TMS14F1195P0005_103,TMS14F1195P0005,103,1,,1,1,3,2,,,,,,,,,,,,,,,,,,,,,,,,,,,,,,,,,,
2022-21.GS.C2.UYT.36.setA.IB-rep1-TMS14F1195P0005_103_plant_3,2022-21.GS.C2.UYT.36.setA.IB-rep1-TMS14F1195P0005_103,TMS14F1195P0005,103,1,,1,1,3,3,,,,,,,,,,,,,,,,,,,,,,,,,,,,,,,,,,
2022-21.GS.C2.UYT.36.setA.IB-rep1-TMS14F1195P0005_103_plant_4,2022-21.GS.C2.UYT.36.setA.IB-rep1-TMS14F1195P0005_103,TMS14F1195P0005,103,1,,1,1,3,4,,,,,,,,,,,,,,,,,,,,,,,,,,,,,,,,,,
2022-21.GS.C2.UYT.36.setA.IB-rep1-TMS14F1195P0005_103_plant_5,2022-21.GS.C2.UYT.36.setA.IB-rep1-TMS14F1195P0005_103,TMS14F1195P0005,103,1,,1,1,3,5,,,,,,,,,,,,,,,,,,,,,,,,,,,,,,,,,,
2022-21.GS.C2.UYT.36.setA.IB-rep1-TMS14F1303P0012_104_plant_1,2022-21.GS.C2.UYT.36.setA.IB-rep1-TMS14F1303P0012_104,TMS14F1303P0012,104,1,,1,1,4,1,,,,,,,,,,,,,,,,,,,,,,,,,,,,,,,,,,
2022-21.GS.C2.UYT.36.setA.IB-rep1-TMS14F1303P0012_104_plant_2,2022-21.GS.C2.UYT.36.setA.IB-rep1-TMS14F1303P0012_104,TMS14F1303P0012,104,1,,1,1,4,2,,,,,,,,,,,,,,,,,,,,,,,,,,,,,,,,,,
2022-21.GS.C2.UYT.36.setA.IB-rep1-TMS14F1303P0012_104_plant_3,2022-21.GS.C2.UYT.36.setA.IB-rep1-TMS14F1303P0012_104,TMS14F1303P0012,104,1,,1,1,4,3,,,,,,,,,,,,,,,,,,,,,,,,,,,,,,,,,,
2022-21.GS.C2.UYT.36.setA.IB-rep1-TMS14F1303P0012_104_plant_4,2022-21.GS.C2.UYT.36.setA.IB-rep1-TMS14F1303P0012_104,TMS14F1303P0012,104,1,,1,1,4,4,,,,,,,,,,,,,,,,,,,,,,,,,,,,,,,,,,
2022-21.GS.C2.UYT.36.setA.IB-rep1-TMS14F1303P0012_104_plant_5,2022-21.GS.C2.UYT.36.setA.IB-rep1-TMS14F1303P0012_104,TMS14F1303P0012,104,1,,1,1,4,5,,,,,,,,,,,,,,,,,,,,,,,,,,,,,,,,,,
2022-21.GS.C2.UYT.36.setA.IB-rep1-TMS13F2207P0001_105_plant_1,2022-21.GS.C2.UYT.36.setA.IB-rep1-TMS13F2207P0001_105,TMS13F2207P0001,105,1,,1,1,5,1,,,,,,,,,,,,,,,,,,,,,,,,,,,,,,,,,,
2022-21.GS.C2.UYT.36.setA.IB-rep1-TMS13F2207P0001_105_plant_2,2022-21.GS.C2.UYT.36.setA.IB-rep1-TMS13F2207P0001_105,TMS13F2207P0001,105,1,,1,1,5,2,,,,,,,,,,,,,,,,,,,,,,,,,,,,,,,,,,
2022-21.GS.C2.UYT.36.setA.IB-rep1-TMS13F2207P0001_105_plant_3,2022-21.GS.C2.UYT.36.setA.IB-rep1-TMS13F2207P0001_105,TMS13F2207P0001,105,1,,1,1,5,3,,,,,,,,,,,,,,,,,,,,,,,,,,,,,,,,,,
2022-21.GS.C2.UYT.36.setA.IB-rep1-TMS13F2207P0001_105_plant_4,2022-21.GS.C2.UYT.36.setA.IB-rep1-TMS13F2207P0001_105,TMS13F2207P0001,105,1,,1,1,5,4,,,,,,,,,,,,,,,,,,,,,,,,,,,,,,,,,,
2022-21.GS.C2.UYT.36.setA.IB-rep1-TMS13F2207P0001_105_plant_5,2022-21.GS.C2.UYT.36.setA.IB-rep1-TMS13F2207P0001_105,TMS13F2207P0001,105,1,,1,1,5,5,,,,,,,,,,,,,,,,,,,,,,,,,,,,,,,,,,
2022-21.GS.C2.UYT.36.setA.IB-rep1-TMS14F1285P0017_106_plant_1,2022-21.GS.C2.UYT.36.setA.IB-rep1-TMS14F1285P0017_106,TMS14F1285P0017,106,1,,1,1,6,1,,,,,,,,,,,,,,,,,,,,,,,,,,,,,,,,,,
2022-21.GS.C2.UYT.36.setA.IB-rep1-TMS14F1285P0017_106_plant_2,2022-21.GS.C2.UYT.36.setA.IB-rep1-TMS14F1285P0017_106,TMS14F1285P0017,106,1,,1,1,6,2,,,,,,,,,,,,,,,,,,,,,,,,,,,,,,,,,,
2022-21.GS.C2.UYT.36.setA.IB-rep1-TMS14F1285P0017_106_plant_3,2022-21.GS.C2.UYT.36.setA.IB-rep1-TMS14F1285P0017_106,TMS14F1285P0017,106,1,,1,1,6,3,,,,,,,,,,,,,,,,,,,,,,,,,,,,,,,,,,
2022-21.GS.C2.UYT.36.setA.IB-rep1-TMS14F1285P0017_106_plant_4,2022-21.GS.C2.UYT.36.setA.IB-rep1-TMS14F1285P0017_106,TMS14F1285P0017,106,1,,1,1,6,4,,,,,,,,,,,,,,,,,,,,,,,,,,,,,,,,,,
2022-21.GS.C2.UYT.36.setA.IB-rep1-TMS14F1285P0017_106_plant_5,2022-21.GS.C2.UYT.36.setA.IB-rep1-TMS14F1285P0017_106,TMS14F1285P0017,106,1,,1,1,6,5,,,,,,,,,,,,,,,,,,,,,,,,,,,,,,,,,,
2022-21.GS.C2.UYT.36.setA.IB-rep1-TMS14F1224P0004_107_plant_1,2022-21.GS.C2.UYT.36.setA.IB-rep1-TMS14F1224P0004_107,TMS14F1224P0004,107,1,,1,1,7,1,,,,,,,,,,,,,,,,,,,,,,,,,,,,,,,,,,
2022-21.GS.C2.UYT.36.setA.IB-rep1-TMS14F1224P0004_107_plant_2,2022-21.GS.C2.UYT.36.setA.IB-rep1-TMS14F1224P0004_107,TMS14F1224P0004,107,1,,1,1,7,2,,,,,,,,,,,,,,,,,,,,,,,,,,,,,,,,,,
2022-21.GS.C2.UYT.36.setA.IB-rep1-TMS14F1224P0004_107_plant_3,2022-21.GS.C2.UYT.36.setA.IB-rep1-TMS14F1224P0004_107,TMS14F1224P0004,107,1,,1,1,7,3,,,,,,,,,,,,,,,,,,,,,,,,,,,,,,,,,,
2022-21.GS.C2.UYT.36.setA.IB-rep1-TMS14F1224P0004_107_plant_4,2022-21.GS.C2.UYT.36.setA.IB-rep1-TMS14F1224P0004_107,TMS14F1224P0004,107,1,,1,1,7,4,,,,,,,,,,,,,,,,,,,,,,,,,,,,,,,,,,
2022-21.GS.C2.UYT.36.setA.IB-rep1-TMS14F1224P0004_107_plant_5,2022-21.GS.C2.UYT.36.setA.IB-rep1-TMS14F1224P0004_107,TMS14F1224P0004,107,1,,1,1,7,5,,,,,,,,,,,,,,,,,,,,,,,,,,,,,,,,,,
2022-21.GS.C2.UYT.36.setA.IB-rep1-IITA-TMS-IBA980581_108_plant_1,2022-21.GS.C2.UYT.36.setA.IB-rep1-IITA-TMS-IBA980581_108,IITA-TMS-IBA980581,108,1,1,1,1,8,1,,,,,,,,,,,,,,,,,,,,,,,,,,,,,,,,,,
2022-21.GS.C2.UYT.36.setA.IB-rep1-IITA-TMS-IBA980581_108_plant_2,2022-21.GS.C2.UYT.36.setA.IB-rep1-IITA-TMS-IBA980581_108,IITA-TMS-IBA980581,108,1,1,1,1,8,2,,,,,,,,,,,,,,,,,,,,,,,,,,,,,,,,,,
2022-21.GS.C2.UYT.36.setA.IB-rep1-IITA-TMS-IBA980581_108_plant_3,2022-21.GS.C2.UYT.36.setA.IB-rep1-IITA-TMS-IBA980581_108,IITA-TMS-IBA980581,108,1,1,1,1,8,3,,,,,,,,,,,,,,,,,,,,,,,,,,,,,,,,,,
2022-21.GS.C2.UYT.36.setA.IB-rep1-IITA-TMS-IBA980581_108_plant_4,2022-21.GS.C2.UYT.36.setA.IB-rep1-IITA-TMS-IBA980581_108,IITA-TMS-IBA980581,108,1,1,1,1,8,4,,,,,,,,,,,,,,,,,,,,,,,,,,,,,,,,,,
2022-21.GS.C2.UYT.36.setA.IB-rep1-IITA-TMS-IBA980581_108_plant_5,2022-21.GS.C2.UYT.36.setA.IB-rep1-IITA-TMS-IBA980581_108,IITA-TMS-IBA980581,108,1,1,1,1,8,5,,,,,,,,,,,,,,,,,,,,,,,,,,,,,,,,,,
2022-21.GS.C2.UYT.36.setA.IB-rep1-TMS14F1016P0006_109_plant_1,2022-21.GS.C2.UYT.36.setA.IB-rep1-TMS14F1016P0006_109,TMS14F1016P0006,109,1,,1,1,9,1,,,,,,,,,,,,,,,,,,,,,,,,,,,,,,,,,,
2022-21.GS.C2.UYT.36.setA.IB-rep1-TMS14F1016P0006_109_plant_2,2022-21.GS.C2.UYT.36.setA.IB-rep1-TMS14F1016P0006_109,TMS14F1016P0006,109,1,,1,1,9,2,,,,,,,,,,,,,,,,,,,,,,,,,,,,,,,,,,
2022-21.GS.C2.UYT.36.setA.IB-rep1-TMS14F1016P0006_109_plant_3,2022-21.GS.C2.UYT.36.setA.IB-rep1-TMS14F1016P0006_109,TMS14F1016P0006,109,1,,1,1,9,3,,,,,,,,,,,,,,,,,,,,,,,,,,,,,,,,,,
2022-21.GS.C2.UYT.36.setA.IB-rep1-TMS14F1016P0006_109_plant_4,2022-21.GS.C2.UYT.36.setA.IB-rep1-TMS14F1016P0006_109,TMS14F1016P0006,109,1,,1,1,9,4,,,,,,,,,,,,,,,,,,,,,,,,,,,,,,,,,,
2022-21.GS.C2.UYT.36.setA.IB-rep1-TMS14F1016P0006_109_plant_5,2022-21.GS.C2.UYT.36.setA.IB-rep1-TMS14F1016P0006_109,TMS14F1016P0006,109,1,,1,1,9,5,,,,,,,,,,,,,,,,,,,,,,,,,,,,,,,,,,
2022-21.GS.C2.UYT.36.setA.IB-rep1-TMS14F1300P0008_110_plant_1,2022-21.GS.C2.UYT.36.setA.IB-rep1-TMS14F1300P0008_110,TMS14F1300P0008,110,1,,1,2,9,1,,,,,,,,,,,,,,,,,,,,,,,,,,,,,,,,,,
2022-21.GS.C2.UYT.36.setA.IB-rep1-TMS14F1300P0008_110_plant_2,2022-21.GS.C2.UYT.36.setA.IB-rep1-TMS14F1300P0008_110,TMS14F1300P0008,110,1,,1,2,9,2,,,,,,,,,,,,,,,,,,,,,,,,,,,,,,,,,,
2022-21.GS.C2.UYT.36.setA.IB-rep1-TMS14F1300P0008_110_plant_3,2022-21.GS.C2.UYT.36.setA.IB-rep1-TMS14F1300P0008_110,TMS14F1300P0008,110,1,,1,2,9,3,,,,,,,,,,,,,,,,,,,,,,,,,,,,,,,,,,
2022-21.GS.C2.UYT.36.setA.IB-rep1-TMS14F1300P0008_110_plant_4,2022-21.GS.C2.UYT.36.setA.IB-rep1-TMS14F1300P0008_110,TMS14F1300P0008,110,1,,1,2,9,4,,,,,,,,,,,,,,,,,,,,,,,,,,,,,,,,,,
2022-21.GS.C2.UYT.36.setA.IB-rep1-TMS14F1300P0008_110_plant_5,2022-21.GS.C2.UYT.36.setA.IB-rep1-TMS14F1300P0008_110,TMS14F1300P0008,110,1,,1,2,9,5,,,,,,,,,,,,,,,,,,,,,,,,,,,,,,,,,,
2022-21.GS.C2.UYT.36.setA.IB-rep1-TMS13F2061P0005_111_plant_1,2022-21.GS.C2.UYT.36.setA.IB-rep1-TMS13F2061P0005_111,TMS13F2061P0005,111,1,,1,2,8,1,,,,,,,,,,,,,,,,,,,,,,,,,,,,,,,,,,
2022-21.GS.C2.UYT.36.setA.IB-rep1-TMS13F2061P0005_111_plant_2,2022-21.GS.C2.UYT.36.setA.IB-rep1-TMS13F2061P0005_111,TMS13F2061P0005,111,1,,1,2,8,2,,,,,,,,,,,,,,,,,,,,,,,,,,,,,,,,,,
2022-21.GS.C2.UYT.36.setA.IB-rep1-TMS13F2061P0005_111_plant_3,2022-21.GS.C2.UYT.36.setA.IB-rep1-TMS13F2061P0005_111,TMS13F2061P0005,111,1,,1,2,8,3,,,,,,,,,,,,,,,,,,,,,,,,,,,,,,,,,,
2022-21.GS.C2.UYT.36.setA.IB-rep1-TMS13F2061P0005_111_plant_4,2022-21.GS.C2.UYT.36.setA.IB-rep1-TMS13F2061P0005_111,TMS13F2061P0005,111,1,,1,2,8,4,,,,,,,,,,,,,,,,,,,,,,,,,,,,,,,,,,
2022-21.GS.C2.UYT.36.setA.IB-rep1-TMS13F2061P0005_111_plant_5,2022-21.GS.C2.UYT.36.setA.IB-rep1-TMS13F2061P0005_111,TMS13F2061P0005,111,1,,1,2,8,5,,,,,,,,,,,,,,,,,,,,,,,,,,,,,,,,,,
2022-21.GS.C2.UYT.36.setA.IB-rep1-TMS13F1461P0002_112_plant_1,2022-21.GS.C2.UYT.36.setA.IB-rep1-TMS13F1461P0002_112,TMS13F1461P0002,112,1,,1,2,7,1,,,,,,,,,,,,,,,,,,,,,,,,,,,,,,,,,,
2022-21.GS.C2.UYT.36.setA.IB-rep1-TMS13F1461P0002_112_plant_2,2022-21.GS.C2.UYT.36.setA.IB-rep1-TMS13F1461P0002_112,TMS13F1461P0002,112,1,,1,2,7,2,,,,,,,,,,,,,,,,,,,,,,,,,,,,,,,,,,
2022-21.GS.C2.UYT.36.setA.IB-rep1-TMS13F1461P0002_112_plant_3,2022-21.GS.C2.UYT.36.setA.IB-rep1-TMS13F1461P0002_112,TMS13F1461P0002,112,1,,1,2,7,3,,,,,,,,,,,,,,,,,,,,,,,,,,,,,,,,,,
2022-21.GS.C2.UYT.36.setA.IB-rep1-TMS13F1461P0002_112_plant_4,2022-21.GS.C2.UYT.36.setA.IB-rep1-TMS13F1461P0002_112,TMS13F1461P0002,112,1,,1,2,7,4,,,,,,,,,,,,,,,,,,,,,,,,,,,,,,,,,,
2022-21.GS.C2.UYT.36.setA.IB-rep1-TMS13F1461P0002_112_plant_5,2022-21.GS.C2.UYT.36.setA.IB-rep1-TMS13F1461P0002_112,TMS13F1461P0002,112,1,,1,2,7,5,,,,,,,,,,,,,,,,,,,,,,,,,,,,,,,,,,
2022-21.GS.C2.UYT.36.setA.IB-rep1-TMS14F1001P0004_113_plant_1,2022-21.GS.C2.UYT.36.setA.IB-rep1-TMS14F1001P0004_113,TMS14F1001P0004,113,2,,1,2,6,1,,,,,,,,,,,,,,,,,,,,,,,,,,,,,,,,,,
2022-21.GS.C2.UYT.36.setA.IB-rep1-TMS14F1001P0004_113_plant_2,2022-21.GS.C2.UYT.36.setA.IB-rep1-TMS14F1001P0004_113,TMS14F1001P0004,113,2,,1,2,6,2,,,,,,,,,,,,,,,,,,,,,,,,,,,,,,,,,,
2022-21.GS.C2.UYT.36.setA.IB-rep1-TMS14F1001P0004_113_plant_3,2022-21.GS.C2.UYT.36.setA.IB-rep1-TMS14F1001P0004_113,TMS14F1001P0004,113,2,,1,2,6,3,,,,,,,,,,,,,,,,,,,,,,,,,,,,,,,,,,
2022-21.GS.C2.UYT.36.setA.IB-rep1-TMS14F1001P0004_113_plant_4,2022-21.GS.C2.UYT.36.setA.IB-rep1-TMS14F1001P0004_113,TMS14F1001P0004,113,2,,1,2,6,4,,,,,,,,,,,,,,,,,,,,,,,,,,,,,,,,,,
2022-21.GS.C2.UYT.36.setA.IB-rep1-TMS14F1001P0004_113_plant_5,2022-21.GS.C2.UYT.36.setA.IB-rep1-TMS14F1001P0004_113,TMS14F1001P0004,113,2,,1,2,6,5,,,,,,,,,,,,,,,,,,,,,,,,,,,,,,,,,,
2022-21.GS.C2.UYT.36.setA.IB-rep1-TMS14F1049P0001_114_plant_1,2022-21.GS.C2.UYT.36.setA.IB-rep1-TMS14F1049P0001_114,TMS14F1049P0001,114,2,,1,2,5,1,,,,,,,,,,,,,,,,,,,,,,,,,,,,,,,,,,
2022-21.GS.C2.UYT.36.setA.IB-rep1-TMS14F1049P0001_114_plant_2,2022-21.GS.C2.UYT.36.setA.IB-rep1-TMS14F1049P0001_114,TMS14F1049P0001,114,2,,1,2,5,2,,,,,,,,,,,,,,,,,,,,,,,,,,,,,,,,,,
2022-21.GS.C2.UYT.36.setA.IB-rep1-TMS14F1049P0001_114_plant_3,2022-21.GS.C2.UYT.36.setA.IB-rep1-TMS14F1049P0001_114,TMS14F1049P0001,114,2,,1,2,5,3,,,,,,,,,,,,,,,,,,,,,,,,,,,,,,,,,,
2022-21.GS.C2.UYT.36.setA.IB-rep1-TMS14F1049P0001_114_plant_4,2022-21.GS.C2.UYT.36.setA.IB-rep1-TMS14F1049P0001_114,TMS14F1049P0001,114,2,,1,2,5,4,,,,,,,,,,,,,,,,,,,,,,,,,,,,,,,,,,
2022-21.GS.C2.UYT.36.setA.IB-rep1-TMS14F1049P0001_114_plant_5,2022-21.GS.C2.UYT.36.setA.IB-rep1-TMS14F1049P0001_114,TMS14F1049P0001,114,2,,1,2,5,5,,,,,,,,,,,,,,,,,,,,,,,,,,,,,,,,,,
2022-21.GS.C2.UYT.36.setA.IB-rep1-TMS14F1022P0006_115_plant_1,2022-21.GS.C2.UYT.36.setA.IB-rep1-TMS14F1022P0006_115,TMS14F1022P0006,115,2,,1,2,4,1,,,,,,,,,,,,,,,,,,,,,,,,,,,,,,,,,,
2022-21.GS.C2.UYT.36.setA.IB-rep1-TMS14F1022P0006_115_plant_2,2022-21.GS.C2.UYT.36.setA.IB-rep1-TMS14F1022P0006_115,TMS14F1022P0006,115,2,,1,2,4,2,,,,,,,,,,,,,,,,,,,,,,,,,,,,,,,,,,
2022-21.GS.C2.UYT.36.setA.IB-rep1-TMS14F1022P0006_115_plant_3,2022-21.GS.C2.UYT.36.setA.IB-rep1-TMS14F1022P0006_115,TMS14F1022P0006,115,2,,1,2,4,3,,,,,,,,,,,,,,,,,,,,,,,,,,,,,,,,,,
2022-21.GS.C2.UYT.36.setA.IB-rep1-TMS14F1022P0006_115_plant_4,2022-21.GS.C2.UYT.36.setA.IB-rep1-TMS14F1022P0006_115,TMS14F1022P0006,115,2,,1,2,4,4,,,,,,,,,,,,,,,,,,,,,,,,,,,,,,,,,,
2022-21.GS.C2.UYT.36.setA.IB-rep1-TMS14F1022P0006_115_plant_5,2022-21.GS.C2.UYT.36.setA.IB-rep1-TMS14F1022P0006_115,TMS14F1022P0006,115,2,,1,2,4,5,,,,,,,,,,,,,,,,,,,,,,,,,,,,,,,,,,
2022-21.GS.C2.UYT.36.setA.IB-rep1-TMS14F1262P0002_116_plant_1,2022-21.GS.C2.UYT.36.setA.IB-rep1-TMS14F1262P0002_116,TMS14F1262P0002,116,2,,1,2,3,1,,,,,,,,,,,,,,,,,,,,,,,,,,,,,,,,,,
2022-21.GS.C2.UYT.36.setA.IB-rep1-TMS14F1262P0002_116_plant_2,2022-21.GS.C2.UYT.36.setA.IB-rep1-TMS14F1262P0002_116,TMS14F1262P0002,116,2,,1,2,3,2,,,,,,,,,,,,,,,,,,,,,,,,,,,,,,,,,,
2022-21.GS.C2.UYT.36.setA.IB-rep1-TMS14F1262P0002_116_plant_3,2022-21.GS.C2.UYT.36.setA.IB-rep1-TMS14F1262P0002_116,TMS14F1262P0002,116,2,,1,2,3,3,,,,,,,,,,,,,,,,,,,,,,,,,,,,,,,,,,
2022-21.GS.C2.UYT.36.setA.IB-rep1-TMS14F1262P0002_116_plant_4,2022-21.GS.C2.UYT.36.setA.IB-rep1-TMS14F1262P0002_116,TMS14F1262P0002,116,2,,1,2,3,4,,,,,,,,,,,,,,,,,,,,,,,,,,,,,,,,,,
2022-21.GS.C2.UYT.36.setA.IB-rep1-TMS14F1262P0002_116_plant_5,2022-21.GS.C2.UYT.36.setA.IB-rep1-TMS14F1262P0002_116,TMS14F1262P0002,116,2,,1,2,3,5,,,,,,,,,,,,,,,,,,,,,,,,,,,,,,,,,,
2022-21.GS.C2.UYT.36.setA.IB-rep1-TMS14F1297P0019_117_plant_1,2022-21.GS.C2.UYT.36.setA.IB-rep1-TMS14F1297P0019_117,TMS14F1297P0019,117,2,,1,2,2,1,,,,,,,,,,,,,,,,,,,,,,,,,,,,,,,,,,
2022-21.GS.C2.UYT.36.setA.IB-rep1-TMS14F1297P0019_117_plant_2,2022-21.GS.C2.UYT.36.setA.IB-rep1-TMS14F1297P0019_117,TMS14F1297P0019,117,2,,1,2,2,2,,,,,,,,,,,,,,,,,,,,,,,,,,,,,,,,,,
2022-21.GS.C2.UYT.36.setA.IB-rep1-TMS14F1297P0019_117_plant_3,2022-21.GS.C2.UYT.36.setA.IB-rep1-TMS14F1297P0019_117,TMS14F1297P0019,117,2,,1,2,2,3,,,,,,,,,,,,,,,,,,,,,,,,,,,,,,,,,,
2022-21.GS.C2.UYT.36.setA.IB-rep1-TMS14F1297P0019_117_plant_4,2022-21.GS.C2.UYT.36.setA.IB-rep1-TMS14F1297P0019_117,TMS14F1297P0019,117,2,,1,2,2,4,,,,,,,,,,,,,,,,,,,,,,,,,,,,,,,,,,
2022-21.GS.C2.UYT.36.setA.IB-rep1-TMS14F1297P0019_117_plant_5,2022-21.GS.C2.UYT.36.setA.IB-rep1-TMS14F1297P0019_117,TMS14F1297P0019,117,2,,1,2,2,5,,,,,,,,,,,,,,,,,,,,,,,,,,,,,,,,,,
2022-21.GS.C2.UYT.36.setA.IB-rep1-TMS14F1131P0001_118_plant_1,2022-21.GS.C2.UYT.36.setA.IB-rep1-TMS14F1131P0001_118,TMS14F1131P0001,118,2,,1,2,1,1,,,,,,,,,,,,,,,,,,,,,,,,,,,,,,,,,,
2022-21.GS.C2.UYT.36.setA.IB-rep1-TMS14F1131P0001_118_plant_2,2022-21.GS.C2.UYT.36.setA.IB-rep1-TMS14F1131P0001_118,TMS14F1131P0001,118,2,,1,2,1,2,,,,,,,,,,,,,,,,,,,,,,,,,,,,,,,,,,
2022-21.GS.C2.UYT.36.setA.IB-rep1-TMS14F1131P0001_118_plant_3,2022-21.GS.C2.UYT.36.setA.IB-rep1-TMS14F1131P0001_118,TMS14F1131P0001,118,2,,1,2,1,3,,,,,,,,,,,,,,,,,,,,,,,,,,,,,,,,,,
2022-21.GS.C2.UYT.36.setA.IB-rep1-TMS14F1131P0001_118_plant_4,2022-21.GS.C2.UYT.36.setA.IB-rep1-TMS14F1131P0001_118,TMS14F1131P0001,118,2,,1,2,1,4,,,,,,,,,,,,,,,,,,,,,,,,,,,,,,,,,,
2022-21.GS.C2.UYT.36.setA.IB-rep1-TMS14F1131P0001_118_plant_5,2022-21.GS.C2.UYT.36.setA.IB-rep1-TMS14F1131P0001_118,TMS14F1131P0001,118,2,,1,2,1,5,,,,,,,,,,,,,,,,,,,,,,,,,,,,,,,,,,
2022-21.GS.C2.UYT.36.setA.IB-rep1-IITA-TMS-IBA000070_119_plant_1,2022-21.GS.C2.UYT.36.setA.IB-rep1-IITA-TMS-IBA000070_119,IITA-TMS-IBA000070,119,2,1,1,3,1,1,,,,,,,,,,,,,,,,,,,,,,,,,,,,,,,,,,
2022-21.GS.C2.UYT.36.setA.IB-rep1-IITA-TMS-IBA000070_119_plant_2,2022-21.GS.C2.UYT.36.setA.IB-rep1-IITA-TMS-IBA000070_119,IITA-TMS-IBA000070,119,2,1,1,3,1,2,,,,,,,,,,,,,,,,,,,,,,,,,,,,,,,,,,
2022-21.GS.C2.UYT.36.setA.IB-rep1-IITA-TMS-IBA000070_119_plant_3,2022-21.GS.C2.UYT.36.setA.IB-rep1-IITA-TMS-IBA000070_119,IITA-TMS-IBA000070,119,2,1,1,3,1,3,,,,,,,,,,,,,,,,,,,,,,,,,,,,,,,,,,
2022-21.GS.C2.UYT.36.setA.IB-rep1-IITA-TMS-IBA000070_119_plant_4,2022-21.GS.C2.UYT.36.setA.IB-rep1-IITA-TMS-IBA000070_119,IITA-TMS-IBA000070,119,2,1,1,3,1,4,,,,,,,,,,,,,,,,,,,,,,,,,,,,,,,,,,
2022-21.GS.C2.UYT.36.setA.IB-rep1-IITA-TMS-IBA000070_119_plant_5,2022-21.GS.C2.UYT.36.setA.IB-rep1-IITA-TMS-IBA000070_119,IITA-TMS-IBA000070,119,2,1,1,3,1,5,,,,,,,,,,,,,,,,,,,,,,,,,,,,,,,,,,
2022-21.GS.C2.UYT.36.setA.IB-rep1-IITA-TMS-IBA982101_120_plant_1,2022-21.GS.C2.UYT.36.setA.IB-rep1-IITA-TMS-IBA982101_120,IITA-TMS-IBA982101,120,2,1,1,3,2,1,,,,,,,,,,,,,,,,,,,,,,,,,,,,,,,,,,
2022-21.GS.C2.UYT.36.setA.IB-rep1-IITA-TMS-IBA982101_120_plant_2,2022-21.GS.C2.UYT.36.setA.IB-rep1-IITA-TMS-IBA982101_120,IITA-TMS-IBA982101,120,2,1,1,3,2,2,,,,,,,,,,,,,,,,,,,,,,,,,,,,,,,,,,
2022-21.GS.C2.UYT.36.setA.IB-rep1-IITA-TMS-IBA982101_120_plant_3,2022-21.GS.C2.UYT.36.setA.IB-rep1-IITA-TMS-IBA982101_120,IITA-TMS-IBA982101,120,2,1,1,3,2,3,,,,,,,,,,,,,,,,,,,,,,,,,,,,,,,,,,
2022-21.GS.C2.UYT.36.setA.IB-rep1-IITA-TMS-IBA982101_120_plant_4,2022-21.GS.C2.UYT.36.setA.IB-rep1-IITA-TMS-IBA982101_120,IITA-TMS-IBA982101,120,2,1,1,3,2,4,,,,,,,,,,,,,,,,,,,,,,,,,,,,,,,,,,
2022-21.GS.C2.UYT.36.setA.IB-rep1-IITA-TMS-IBA982101_120_plant_5,2022-21.GS.C2.UYT.36.setA.IB-rep1-IITA-TMS-IBA982101_120,IITA-TMS-IBA982101,120,2,1,1,3,2,5,,,,,,,,,,,,,,,,,,,,,,,,,,,,,,,,,,
2022-21.GS.C2.UYT.36.setA.IB-rep1-IITA-TMS-IBA30572_121_plant_1,2022-21.GS.C2.UYT.36.setA.IB-rep1-IITA-TMS-IBA30572_121,IITA-TMS-IBA30572,121,2,1,1,3,3,1,,,,,,,,,,,,,,,,,,,,,,,,,,,,,,,,,,
2022-21.GS.C2.UYT.36.setA.IB-rep1-IITA-TMS-IBA30572_121_plant_2,2022-21.GS.C2.UYT.36.setA.IB-rep1-IITA-TMS-IBA30572_121,IITA-TMS-IBA30572,121,2,1,1,3,3,2,,,,,,,,,,,,,,,,,,,,,,,,,,,,,,,,,,
2022-21.GS.C2.UYT.36.setA.IB-rep1-IITA-TMS-IBA30572_121_plant_3,2022-21.GS.C2.UYT.36.setA.IB-rep1-IITA-TMS-IBA30572_121,IITA-TMS-IBA30572,121,2,1,1,3,3,3,,,,,,,,,,,,,,,,,,,,,,,,,,,,,,,,,,
2022-21.GS.C2.UYT.36.setA.IB-rep1-IITA-TMS-IBA30572_121_plant_4,2022-21.GS.C2.UYT.36.setA.IB-rep1-IITA-TMS-IBA30572_121,IITA-TMS-IBA30572,121,2,1,1,3,3,4,,,,,,,,,,,,,,,,,,,,,,,,,,,,,,,,,,
2022-21.GS.C2.UYT.36.setA.IB-rep1-IITA-TMS-IBA30572_121_plant_5,2022-21.GS.C2.UYT.36.setA.IB-rep1-IITA-TMS-IBA30572_121,IITA-TMS-IBA30572,121,2,1,1,3,3,5,,,,,,,,,,,,,,,,,,,,,,,,,,,,,,,,,,
2022-21.GS.C2.UYT.36.setA.IB-rep1-TMS13F1114P0001_122_plant_1,2022-21.GS.C2.UYT.36.setA.IB-rep1-TMS13F1114P0001_122,TMS13F1114P0001,122,2,,1,3,4,1,,,,,,,,,,,,,,,,,,,,,,,,,,,,,,,,,,
2022-21.GS.C2.UYT.36.setA.IB-rep1-TMS13F1114P0001_122_plant_2,2022-21.GS.C2.UYT.36.setA.IB-rep1-TMS13F1114P0001_122,TMS13F1114P0001,122,2,,1,3,4,2,,,,,,,,,,,,,,,,,,,,,,,,,,,,,,,,,,
2022-21.GS.C2.UYT.36.setA.IB-rep1-TMS13F1114P0001_122_plant_3,2022-21.GS.C2.UYT.36.setA.IB-rep1-TMS13F1114P0001_122,TMS13F1114P0001,122,2,,1,3,4,3,,,,,,,,,,,,,,,,,,,,,,,,,,,,,,,,,,
2022-21.GS.C2.UYT.36.setA.IB-rep1-TMS13F1114P0001_122_plant_4,2022-21.GS.C2.UYT.36.setA.IB-rep1-TMS13F1114P0001_122,TMS13F1114P0001,122,2,,1,3,4,4,,,,,,,,,,,,,,,,,,,,,,,,,,,,,,,,,,
2022-21.GS.C2.UYT.36.setA.IB-rep1-TMS13F1114P0001_122_plant_5,2022-21.GS.C2.UYT.36.setA.IB-rep1-TMS13F1114P0001_122,TMS13F1114P0001,122,2,,1,3,4,5,,,,,,,,,,,,,,,,,,,,,,,,,,,,,,,,,,
2022-21.GS.C2.UYT.36.setA.IB-rep1-TMEB419_123_plant_1,2022-21.GS.C2.UYT.36.setA.IB-rep1-TMEB419_123,TMEB419,123,2,1,1,3,5,1,,,,,,,,,,,,,,,,,,,,,,,,,,,,,,,,,,
2022-21.GS.C2.UYT.36.setA.IB-rep1-TMEB419_123_plant_2,2022-21.GS.C2.UYT.36.setA.IB-rep1-TMEB419_123,TMEB419,123,2,1,1,3,5,2,,,,,,,,,,,,,,,,,,,,,,,,,,,,,,,,,,
2022-21.GS.C2.UYT.36.setA.IB-rep1-TMEB419_123_plant_3,2022-21.GS.C2.UYT.36.setA.IB-rep1-TMEB419_123,TMEB419,123,2,1,1,3,5,3,,,,,,,,,,,,,,,,,,,,,,,,,,,,,,,,,,
2022-21.GS.C2.UYT.36.setA.IB-rep1-TMEB419_123_plant_4,2022-21.GS.C2.UYT.36.setA.IB-rep1-TMEB419_123,TMEB419,123,2,1,1,3,5,4,,,,,,,,,,,,,,,,,,,,,,,,,,,,,,,,,,
2022-21.GS.C2.UYT.36.setA.IB-rep1-TMEB419_123_plant_5,2022-21.GS.C2.UYT.36.setA.IB-rep1-TMEB419_123,TMEB419,123,2,1,1,3,5,5,,,,,,,,,,,,,,,,,,,,,,,,,,,,,,,,,,
2022-21.GS.C2.UYT.36.setA.IB-rep1-TMS14F1036P0007_124_plant_1,2022-21.GS.C2.UYT.36.setA.IB-rep1-TMS14F1036P0007_124,TMS14F1036P0007,124,2,,1,3,6,1,,,,,,,,,,,,,,,,,,,,,,,,,,,,,,,,,,
2022-21.GS.C2.UYT.36.setA.IB-rep1-TMS14F1036P0007_124_plant_2,2022-21.GS.C2.UYT.36.setA.IB-rep1-TMS14F1036P0007_124,TMS14F1036P0007,124,2,,1,3,6,2,,,,,,,,,,,,,,,,,,,,,,,,,,,,,,,,,,
2022-21.GS.C2.UYT.36.setA.IB-rep1-TMS14F1036P0007_124_plant_3,2022-21.GS.C2.UYT.36.setA.IB-rep1-TMS14F1036P0007_124,TMS14F1036P0007,124,2,,1,3,6,3,,,,,,,,,,,,,,,,,,,,,,,,,,,,,,,,,,
2022-21.GS.C2.UYT.36.setA.IB-rep1-TMS14F1036P0007_124_plant_4,2022-21.GS.C2.UYT.36.setA.IB-rep1-TMS14F1036P0007_124,TMS14F1036P0007,124,2,,1,3,6,4,,,,,,,,,,,,,,,,,,,,,,,,,,,,,,,,,,
2022-21.GS.C2.UYT.36.setA.IB-rep1-TMS14F1036P0007_124_plant_5,2022-21.GS.C2.UYT.36.setA.IB-rep1-TMS14F1036P0007_124,TMS14F1036P0007,124,2,,1,3,6,5,,,,,,,,,,,,,,,,,,,,,,,,,,,,,,,,,,
2022-21.GS.C2.UYT.36.setA.IB-rep1-TMS14F1312P0003_125_plant_1,2022-21.GS.C2.UYT.36.setA.IB-rep1-TMS14F1312P0003_125,TMS14F1312P0003,125,3,,1,3,7,1,,,,,,,,,,,,,,,,,,,,,,,,,,,,,,,,,,
2022-21.GS.C2.UYT.36.setA.IB-rep1-TMS14F1312P0003_125_plant_2,2022-21.GS.C2.UYT.36.setA.IB-rep1-TMS14F1312P0003_125,TMS14F1312P0003,125,3,,1,3,7,2,,,,,,,,,,,,,,,,,,,,,,,,,,,,,,,,,,
2022-21.GS.C2.UYT.36.setA.IB-rep1-TMS14F1312P0003_125_plant_3,2022-21.GS.C2.UYT.36.setA.IB-rep1-TMS14F1312P0003_125,TMS14F1312P0003,125,3,,1,3,7,3,,,,,,,,,,,,,,,,,,,,,,,,,,,,,,,,,,
2022-21.GS.C2.UYT.36.setA.IB-rep1-TMS14F1312P0003_125_plant_4,2022-21.GS.C2.UYT.36.setA.IB-rep1-TMS14F1312P0003_125,TMS14F1312P0003,125,3,,1,3,7,4,,,,,,,,,,,,,,,,,,,,,,,,,,,,,,,,,,
2022-21.GS.C2.UYT.36.setA.IB-rep1-TMS14F1312P0003_125_plant_5,2022-21.GS.C2.UYT.36.setA.IB-rep1-TMS14F1312P0003_125,TMS14F1312P0003,125,3,,1,3,7,5,,,,,,,,,,,,,,,,,,,,,,,,,,,,,,,,,,
2022-21.GS.C2.UYT.36.setA.IB-rep1-TMS14F1035P0004_126_plant_1,2022-21.GS.C2.UYT.36.setA.IB-rep1-TMS14F1035P0004_126,TMS14F1035P0004,126,3,,1,3,8,1,,,,,,,,,,,,,,,,,,,,,,,,,,,,,,,,,,
2022-21.GS.C2.UYT.36.setA.IB-rep1-TMS14F1035P0004_126_plant_2,2022-21.GS.C2.UYT.36.setA.IB-rep1-TMS14F1035P0004_126,TMS14F1035P0004,126,3,,1,3,8,2,,,,,,,,,,,,,,,,,,,,,,,,,,,,,,,,,,
2022-21.GS.C2.UYT.36.setA.IB-rep1-TMS14F1035P0004_126_plant_3,2022-21.GS.C2.UYT.36.setA.IB-rep1-TMS14F1035P0004_126,TMS14F1035P0004,126,3,,1,3,8,3,,,,,,,,,,,,,,,,,,,,,,,,,,,,,,,,,,
2022-21.GS.C2.UYT.36.setA.IB-rep1-TMS14F1035P0004_126_plant_4,2022-21.GS.C2.UYT.36.setA.IB-rep1-TMS14F1035P0004_126,TMS14F1035P0004,126,3,,1,3,8,4,,,,,,,,,,,,,,,,,,,,,,,,,,,,,,,,,,
2022-21.GS.C2.UYT.36.setA.IB-rep1-TMS14F1035P0004_126_plant_5,2022-21.GS.C2.UYT.36.setA.IB-rep1-TMS14F1035P0004_126,TMS14F1035P0004,126,3,,1,3,8,5,,,,,,,,,,,,,,,,,,,,,,,,,,,,,,,,,,
2022-21.GS.C2.UYT.36.setA.IB-rep1-TMS14F1120P0003_127_plant_1,2022-21.GS.C2.UYT.36.setA.IB-rep1-TMS14F1120P0003_127,TMS14F1120P0003,127,3,,1,3,9,1,,,,,,,,,,,,,,,,,,,,,,,,,,,,,,,,,,
2022-21.GS.C2.UYT.36.setA.IB-rep1-TMS14F1120P0003_127_plant_2,2022-21.GS.C2.UYT.36.setA.IB-rep1-TMS14F1120P0003_127,TMS14F1120P0003,127,3,,1,3,9,2,,,,,,,,,,,,,,,,,,,,,,,,,,,,,,,,,,
2022-21.GS.C2.UYT.36.setA.IB-rep1-TMS14F1120P0003_127_plant_3,2022-21.GS.C2.UYT.36.setA.IB-rep1-TMS14F1120P0003_127,TMS14F1120P0003,127,3,,1,3,9,3,,,,,,,,,,,,,,,,,,,,,,,,,,,,,,,,,,
2022-21.GS.C2.UYT.36.setA.IB-rep1-TMS14F1120P0003_127_plant_4,2022-21.GS.C2.UYT.36.setA.IB-rep1-TMS14F1120P0003_127,TMS14F1120P0003,127,3,,1,3,9,4,,,,,,,,,,,,,,,,,,,,,,,,,,,,,,,,,,
2022-21.GS.C2.UYT.36.setA.IB-rep1-TMS14F1120P0003_127_plant_5,2022-21.GS.C2.UYT.36.setA.IB-rep1-TMS14F1120P0003_127,TMS14F1120P0003,127,3,,1,3,9,5,,,,,,,,,,,,,,,,,,,,,,,,,,,,,,,,,,
2022-21.GS.C2.UYT.36.setA.IB-rep1-TMS14F1306P0015_128_plant_1,2022-21.GS.C2.UYT.36.setA.IB-rep1-TMS14F1306P0015_128,TMS14F1306P0015,128,3,,1,4,9,1,,,,,,,,,,,,,,,,,,,,,,,,,,,,,,,,,,
2022-21.GS.C2.UYT.36.setA.IB-rep1-TMS14F1306P0015_128_plant_2,2022-21.GS.C2.UYT.36.setA.IB-rep1-TMS14F1306P0015_128,TMS14F1306P0015,128,3,,1,4,9,2,,,,,,,,,,,,,,,,,,,,,,,,,,,,,,,,,,
2022-21.GS.C2.UYT.36.setA.IB-rep1-TMS14F1306P0015_128_plant_3,2022-21.GS.C2.UYT.36.setA.IB-rep1-TMS14F1306P0015_128,TMS14F1306P0015,128,3,,1,4,9,3,,,,,,,,,,,,,,,,,,,,,,,,,,,,,,,,,,
2022-21.GS.C2.UYT.36.setA.IB-rep1-TMS14F1306P0015_128_plant_4,2022-21.GS.C2.UYT.36.setA.IB-rep1-TMS14F1306P0015_128,TMS14F1306P0015,128,3,,1,4,9,4,,,,,,,,,,,,,,,,,,,,,,,,,,,,,,,,,,
2022-21.GS.C2.UYT.36.setA.IB-rep1-TMS14F1306P0015_128_plant_5,2022-21.GS.C2.UYT.36.setA.IB-rep1-TMS14F1306P0015_128,TMS14F1306P0015,128,3,,1,4,9,5,,,,,,,,,,,,,,,,,,,,,,,,,,,,,,,,,,
2022-21.GS.C2.UYT.36.setA.IB-rep1-TMS14F1306P0020_129_plant_1,2022-21.GS.C2.UYT.36.setA.IB-rep1-TMS14F1306P0020_129,TMS14F1306P0020,129,3,,1,4,8,1,,,,,,,,,,,,,,,,,,,,,,,,,,,,,,,,,,
2022-21.GS.C2.UYT.36.setA.IB-rep1-TMS14F1306P0020_129_plant_2,2022-21.GS.C2.UYT.36.setA.IB-rep1-TMS14F1306P0020_129,TMS14F1306P0020,129,3,,1,4,8,2,,,,,,,,,,,,,,,,,,,,,,,,,,,,,,,,,,
2022-21.GS.C2.UYT.36.setA.IB-rep1-TMS14F1306P0020_129_plant_3,2022-21.GS.C2.UYT.36.setA.IB-rep1-TMS14F1306P0020_129,TMS14F1306P0020,129,3,,1,4,8,3,,,,,,,,,,,,,,,,,,,,,,,,,,,,,,,,,,
2022-21.GS.C2.UYT.36.setA.IB-rep1-TMS14F1306P0020_129_plant_4,2022-21.GS.C2.UYT.36.setA.IB-rep1-TMS14F1306P0020_129,TMS14F1306P0020,129,3,,1,4,8,4,,,,,,,,,,,,,,,,,,,,,,,,,,,,,,,,,,
2022-21.GS.C2.UYT.36.setA.IB-rep1-TMS14F1306P0020_129_plant_5,2022-21.GS.C2.UYT.36.setA.IB-rep1-TMS14F1306P0020_129,TMS14F1306P0020,129,3,,1,4,8,5,,,,,,,,,,,,,,,,,,,,,,,,,,,,,,,,,,
2022-21.GS.C2.UYT.36.setA.IB-rep1-TMS13F1021P0008_130_plant_1,2022-21.GS.C2.UYT.36.setA.IB-rep1-TMS13F1021P0008_130,TMS13F1021P0008,130,3,,1,4,7,1,,,,,,,,,,,,,,,,,,,,,,,,,,,,,,,,,,
2022-21.GS.C2.UYT.36.setA.IB-rep1-TMS13F1021P0008_130_plant_2,2022-21.GS.C2.UYT.36.setA.IB-rep1-TMS13F1021P0008_130,TMS13F1021P0008,130,3,,1,4,7,2,,,,,,,,,,,,,,,,,,,,,,,,,,,,,,,,,,
2022-21.GS.C2.UYT.36.setA.IB-rep1-TMS13F1021P0008_130_plant_3,2022-21.GS.C2.UYT.36.setA.IB-rep1-TMS13F1021P0008_130,TMS13F1021P0008,130,3,,1,4,7,3,,,,,,,,,,,,,,,,,,,,,,,,,,,,,,,,,,
2022-21.GS.C2.UYT.36.setA.IB-rep1-TMS13F1021P0008_130_plant_4,2022-21.GS.C2.UYT.36.setA.IB-rep1-TMS13F1021P0008_130,TMS13F1021P0008,130,3,,1,4,7,4,,,,,,,,,,,,,,,,,,,,,,,,,,,,,,,,,,
2022-21.GS.C2.UYT.36.setA.IB-rep1-TMS13F1021P0008_130_plant_5,2022-21.GS.C2.UYT.36.setA.IB-rep1-TMS13F1021P0008_130,TMS13F1021P0008,130,3,,1,4,7,5,,,,,,,,,,,,,,,,,,,,,,,,,,,,,,,,,,
2022-21.GS.C2.UYT.36.setA.IB-rep1-TMS13F1182P0002_131_plant_1,2022-21.GS.C2.UYT.36.setA.IB-rep1-TMS13F1182P0002_131,TMS13F1182P0002,131,3,,1,4,6,1,,,,,,,,,,,,,,,,,,,,,,,,,,,,,,,,,,
2022-21.GS.C2.UYT.36.setA.IB-rep1-TMS13F1182P0002_131_plant_2,2022-21.GS.C2.UYT.36.setA.IB-rep1-TMS13F1182P0002_131,TMS13F1182P0002,131,3,,1,4,6,2,,,,,,,,,,,,,,,,,,,,,,,,,,,,,,,,,,
2022-21.GS.C2.UYT.36.setA.IB-rep1-TMS13F1182P0002_131_plant_3,2022-21.GS.C2.UYT.36.setA.IB-rep1-TMS13F1182P0002_131,TMS13F1182P0002,131,3,,1,4,6,3,,,,,,,,,,,,,,,,,,,,,,,,,,,,,,,,,,
2022-21.GS.C2.UYT.36.setA.IB-rep1-TMS13F1182P0002_131_plant_4,2022-21.GS.C2.UYT.36.setA.IB-rep1-TMS13F1182P0002_131,TMS13F1182P0002,131,3,,1,4,6,4,,,,,,,,,,,,,,,,,,,,,,,,,,,,,,,,,,
2022-21.GS.C2.UYT.36.setA.IB-rep1-TMS13F1182P0002_131_plant_5,2022-21.GS.C2.UYT.36.setA.IB-rep1-TMS13F1182P0002_131,TMS13F1182P0002,131,3,,1,4,6,5,,,,,,,,,,,,,,,,,,,,,,,,,,,,,,,,,,
2022-21.GS.C2.UYT.36.setA.IB-rep1-TMS14F1035P0007_132_plant_1,2022-21.GS.C2.UYT.36.setA.IB-rep1-TMS14F1035P0007_132,TMS14F1035P0007,132,3,,1,4,5,1,,,,,,,,,,,,,,,,,,,,,,,,,,,,,,,,,,
2022-21.GS.C2.UYT.36.setA.IB-rep1-TMS14F1035P0007_132_plant_2,2022-21.GS.C2.UYT.36.setA.IB-rep1-TMS14F1035P0007_132,TMS14F1035P0007,132,3,,1,4,5,2,,,,,,,,,,,,,,,,,,,,,,,,,,,,,,,,,,
2022-21.GS.C2.UYT.36.setA.IB-rep1-TMS14F1035P0007_132_plant_3,2022-21.GS.C2.UYT.36.setA.IB-rep1-TMS14F1035P0007_132,TMS14F1035P0007,132,3,,1,4,5,3,,,,,,,,,,,,,,,,,,,,,,,,,,,,,,,,,,
2022-21.GS.C2.UYT.36.setA.IB-rep1-TMS14F1035P0007_132_plant_4,2022-21.GS.C2.UYT.36.setA.IB-rep1-TMS14F1035P0007_132,TMS14F1035P0007,132,3,,1,4,5,4,,,,,,,,,,,,,,,,,,,,,,,,,,,,,,,,,,
2022-21.GS.C2.UYT.36.setA.IB-rep1-TMS14F1035P0007_132_plant_5,2022-21.GS.C2.UYT.36.setA.IB-rep1-TMS14F1035P0007_132,TMS14F1035P0007,132,3,,1,4,5,5,,,,,,,,,,,,,,,,,,,,,,,,,,,,,,,,,,
2022-21.GS.C2.UYT.36.setA.IB-rep1-TMS14F1310P0004_133_plant_1,2022-21.GS.C2.UYT.36.setA.IB-rep1-TMS14F1310P0004_133,TMS14F1310P0004,133,3,,1,4,4,1,,,,,,,,,,,,,,,,,,,,,,,,,,,,,,,,,,
2022-21.GS.C2.UYT.36.setA.IB-rep1-TMS14F1310P0004_133_plant_2,2022-21.GS.C2.UYT.36.setA.IB-rep1-TMS14F1310P0004_133,TMS14F1310P0004,133,3,,1,4,4,2,,,,,,,,,,,,,,,,,,,,,,,,,,,,,,,,,,
2022-21.GS.C2.UYT.36.setA.IB-rep1-TMS14F1310P0004_133_plant_3,2022-21.GS.C2.UYT.36.setA.IB-rep1-TMS14F1310P0004_133,TMS14F1310P0004,133,3,,1,4,4,3,,,,,,,,,,,,,,,,,,,,,,,,,,,,,,,,,,
2022-21.GS.C2.UYT.36.setA.IB-rep1-TMS14F1310P0004_133_plant_4,2022-21.GS.C2.UYT.36.setA.IB-rep1-TMS14F1310P0004_133,TMS14F1310P0004,133,3,,1,4,4,4,,,,,,,,,,,,,,,,,,,,,,,,,,,,,,,,,,
2022-21.GS.C2.UYT.36.setA.IB-rep1-TMS14F1310P0004_133_plant_5,2022-21.GS.C2.UYT.36.setA.IB-rep1-TMS14F1310P0004_133,TMS14F1310P0004,133,3,,1,4,4,5,,,,,,,,,,,,,,,,,,,,,,,,,,,,,,,,,,
2022-21.GS.C2.UYT.36.setA.IB-rep1-TMS14F1291P0011_134_plant_1,2022-21.GS.C2.UYT.36.setA.IB-rep1-TMS14F1291P0011_134,TMS14F1291P0011,134,3,,1,4,3,1,,,,,,,,,,,,,,,,,,,,,,,,,,,,,,,,,,
2022-21.GS.C2.UYT.36.setA.IB-rep1-TMS14F1291P0011_134_plant_2,2022-21.GS.C2.UYT.36.setA.IB-rep1-TMS14F1291P0011_134,TMS14F1291P0011,134,3,,1,4,3,2,,,,,,,,,,,,,,,,,,,,,,,,,,,,,,,,,,
2022-21.GS.C2.UYT.36.setA.IB-rep1-TMS14F1291P0011_134_plant_3,2022-21.GS.C2.UYT.36.setA.IB-rep1-TMS14F1291P0011_134,TMS14F1291P0011,134,3,,1,4,3,3,,,,,,,,,,,,,,,,,,,,,,,,,,,,,,,,,,
2022-21.GS.C2.UYT.36.setA.IB-rep1-TMS14F1291P0011_134_plant_4,2022-21.GS.C2.UYT.36.setA.IB-rep1-TMS14F1291P0011_134,TMS14F1291P0011,134,3,,1,4,3,4,,,,,,,,,,,,,,,,,,,,,,,,,,,,,,,,,,
2022-21.GS.C2.UYT.36.setA.IB-rep1-TMS14F1291P0011_134_plant_5,2022-21.GS.C2.UYT.36.setA.IB-rep1-TMS14F1291P0011_134,TMS14F1291P0011,134,3,,1,4,3,5,,,,,,,,,,,,,,,,,,,,,,,,,,,,,,,,,,
2022-21.GS.C2.UYT.36.setA.IB-rep1-TMS14F1311P0002_135_plant_1,2022-21.GS.C2.UYT.36.setA.IB-rep1-TMS14F1311P0002_135,TMS14F1311P0002,135,3,,1,4,2,1,,,,,,,,,,,,,,,,,,,,,,,,,,,,,,,,,,
2022-21.GS.C2.UYT.36.setA.IB-rep1-TMS14F1311P0002_135_plant_2,2022-21.GS.C2.UYT.36.setA.IB-rep1-TMS14F1311P0002_135,TMS14F1311P0002,135,3,,1,4,2,2,,,,,,,,,,,,,,,,,,,,,,,,,,,,,,,,,,
2022-21.GS.C2.UYT.36.setA.IB-rep1-TMS14F1311P0002_135_plant_3,2022-21.GS.C2.UYT.36.setA.IB-rep1-TMS14F1311P0002_135,TMS14F1311P0002,135,3,,1,4,2,3,,,,,,,,,,,,,,,,,,,,,,,,,,,,,,,,,,
2022-21.GS.C2.UYT.36.setA.IB-rep1-TMS14F1311P0002_135_plant_4,2022-21.GS.C2.UYT.36.setA.IB-rep1-TMS14F1311P0002_135,TMS14F1311P0002,135,3,,1,4,2,4,,,,,,,,,,,,,,,,,,,,,,,,,,,,,,,,,,
2022-21.GS.C2.UYT.36.setA.IB-rep1-TMS14F1311P0002_135_plant_5,2022-21.GS.C2.UYT.36.setA.IB-rep1-TMS14F1311P0002_135,TMS14F1311P0002,135,3,,1,4,2,5,,,,,,,,,,,,,,,,,,,,,,,,,,,,,,,,,,
2022-21.GS.C2.UYT.36.setA.IB-rep1-TMS14F1208P0007_136_plant_1,2022-21.GS.C2.UYT.36.setA.IB-rep1-TMS14F1208P0007_136,TMS14F1208P0007,136,3,,1,4,1,1,,,,,,,,,,,,,,,,,,,,,,,,,,,,,,,,,,
2022-21.GS.C2.UYT.36.setA.IB-rep1-TMS14F1208P0007_136_plant_2,2022-21.GS.C2.UYT.36.setA.IB-rep1-TMS14F1208P0007_136,TMS14F1208P0007,136,3,,1,4,1,2,,,,,,,,,,,,,,,,,,,,,,,,,,,,,,,,,,
2022-21.GS.C2.UYT.36.setA.IB-rep1-TMS14F1208P0007_136_plant_3,2022-21.GS.C2.UYT.36.setA.IB-rep1-TMS14F1208P0007_136,TMS14F1208P0007,136,3,,1,4,1,3,,,,,,,,,,,,,,,,,,,,,,,,,,,,,,,,,,
2022-21.GS.C2.UYT.36.setA.IB-rep1-TMS14F1208P0007_136_plant_4,2022-21.GS.C2.UYT.36.setA.IB-rep1-TMS14F1208P0007_136,TMS14F1208P0007,136,3,,1,4,1,4,,,,,,,,,,,,,,,,,,,,,,,,,,,,,,,,,,
2022-21.GS.C2.UYT.36.setA.IB-rep1-TMS14F1208P0007_136_plant_5,2022-21.GS.C2.UYT.36.setA.IB-rep1-TMS14F1208P0007_136,TMS14F1208P0007,136,3,,1,4,1,5,,,,,,,,,,,,,,,,,,,,,,,,,,,,,,,,,,
2022-21.GS.C2.UYT.36.setA.IB-rep2-TMS14F1224P0004_201_plant_1,2022-21.GS.C2.UYT.36.setA.IB-rep2-TMS14F1224P0004_201,TMS14F1224P0004,201,4,,2,5,1,1,,,,3,,,,,40,105,155,,180,,,,,,,,,,,17,4.7,12.5,4.3,11.3,3.3,,,17.15,8.72,4.13
2022-21.GS.C2.UYT.36.setA.IB-rep2-TMS14F1224P0004_201_plant_2,2022-21.GS.C2.UYT.36.setA.IB-rep2-TMS14F1224P0004_201,TMS14F1224P0004,201,4,,2,5,1,2,,,2,3,,,,,40,105,155,,175,17,16,5,,,,,,,7,17,4.4,12.5,4.3,11.3,3.3,,19.4,17.15,8.72,4.13
2022-21.GS.C2.UYT.36.setA.IB-rep2-TMS14F1224P0004_201_plant_3,2022-21.GS.C2.UYT.36.setA.IB-rep2-TMS14F1224P0004_201,TMS14F1224P0004,201,4,,2,5,1,3,,,1,3,2,3,3,,35,105,165,,185,7,12,2,,,,,,,7,19,5,14.2,4.5,13.5,4.5,,22.5,16.55,7.55,
2022-21.GS.C2.UYT.36.setA.IB-rep2-TMS14F1224P0004_201_plant_4,2022-21.GS.C2.UYT.36.setA.IB-rep2-TMS14F1224P0004_201,TMS14F1224P0004,201,4,,2,5,1,4,,,1,3,3,3,3,,25,100,155,,167,15,13,2,,,,,,,7,13,4.2,11.3,3.9,11,3.5,,23.4,14.43,6.43,
2022-21.GS.C2.UYT.36.setA.IB-rep2-TMS14F1224P0004_201_plant_5,2022-21.GS.C2.UYT.36.setA.IB-rep2-TMS14F1224P0004_201,TMS14F1224P0004,201,4,,2,5,1,5,,,1,3,2,3,2,,35,110,160,,175,14,14,2,,,,,,,7,16,4.6,11.9,3.8,11.1,3.5,,21.4,15.94,7.05,
2022-21.GS.C2.UYT.36.setA.IB-rep2-TMS13F1114P0001_202_plant_1,2022-21.GS.C2.UYT.36.setA.IB-rep2-TMS13F1114P0001_202,TMS13F1114P0001,202,4,,2,5,2,1,,,5,1,2,,,,85,,,,135,15,,,,,,,,,7,12.5,3.7,15.4,4,11.3,3,,14.45,7.26,,
2022-21.GS.C2.UYT.36.setA.IB-rep2-TMS13F1114P0001_202_plant_2,2022-21.GS.C2.UYT.36.setA.IB-rep2-TMS13F1114P0001_202,TMS13F1114P0001,202,4,,2,5,2,2,,,2,2,2,3,,,85,140,,,135,14,2,,,,,,,,7,18,4.4,15,3.7,13.1,3.3,,17.9,9.28,,
2022-21.GS.C2.UYT.36.setA.IB-rep2-TMS13F1114P0001_202_plant_3,2022-21.GS.C2.UYT.36.setA.IB-rep2-TMS13F1114P0001_202,TMS13F1114P0001,202,4,,2,5,2,3,,,2,2,3,3,,,75,140,,,165,18,2,,,,,,,,7,18.7,4.8,15,4.4,12.5,3.1,,18.9,10.59,4.68,
2022-21.GS.C2.UYT.36.setA.IB-rep2-TMS13F1114P0001_202_plant_4,2022-21.GS.C2.UYT.36.setA.IB-rep2-TMS13F1114P0001_202,TMS13F1114P0001,202,4,,2,5,2,4,,,3,2,2,2,,,67,125,,,140,17,3,,,,,,,,7,17.3,4,12.3,3.7,13.5,3.1,,20.85,8.25,5.06,
2022-21.GS.C2.UYT.36.setA.IB-rep2-TMS13F1114P0001_202_plant_5,2022-21.GS.C2.UYT.36.setA.IB-rep2-TMS13F1114P0001_202,TMS13F1114P0001,202,4,,2,5,2,5,,,3,2,2,3,,,70,130,,,150,16,4,,,,,,,,7,17.3,4.4,14,3.9,14.5,3.3,,14.85,9.64,4.84,
2022-21.GS.C2.UYT.36.setA.IB-rep2-TMS14F1035P0004_203_plant_1,2022-21.GS.C2.UYT.36.setA.IB-rep2-TMS14F1035P0004_203,TMS14F1035P0004,203,4,,2,5,3,1,,,4,2,2,3,,,65,145,,,195,20,11,,,,,,,,7,15.3,5.4,15.1,5.4,13.6,4.7,,19.39,11.7,5.06,
2022-21.GS.C2.UYT.36.setA.IB-rep2-TMS14F1035P0004_203_plant_2,2022-21.GS.C2.UYT.36.setA.IB-rep2-TMS14F1035P0004_203,TMS14F1035P0004,203,4,,2,5,3,2,,,2,2,3,3,,,60,140,,,185,24,12,,,,,,,,7,17,5.5,14,4.4,11.9,4.5,,25.21,13.44,6.9,
2022-21.GS.C2.UYT.36.setA.IB-rep2-TMS14F1035P0004_203_plant_3,2022-21.GS.C2.UYT.36.setA.IB-rep2-TMS14F1035P0004_203,TMS14F1035P0004,203,4,,2,5,3,3,,,2,2,3,3,,,70,145,,,190,21,8,,,,,,,,8,13.1,4.6,13,4.6,11,4.3,,21.99,13.12,5.93,
2022-21.GS.C2.UYT.36.setA.IB-rep2-TMS14F1035P0004_203_plant_4,2022-21.GS.C2.UYT.36.setA.IB-rep2-TMS14F1035P0004_203,TMS14F1035P0004,203,4,,2,5,3,4,,,3,3,3,4,3,,50,130,190,,205,18,15,3,,,,,,,7,13.9,4.5,15.8,5.7,12.5,4.5,,22.3,14.75,7.71,
2022-21.GS.C2.UYT.36.setA.IB-rep2-TMS14F1035P0004_203_plant_5,2022-21.GS.C2.UYT.36.setA.IB-rep2-TMS14F1035P0004_203,TMS14F1035P0004,203,4,,2,5,3,5,,,4,2,3,3,,,95,170,,,200,18,4,,,,,,,,7,13.1,4.7,13.1,4.5,11.4,4.4,,18.49,9.27,4.29,
2022-21.GS.C2.UYT.36.setA.IB-rep2-TMS14F1194P0002_204_plant_1,2022-21.GS.C2.UYT.36.setA.IB-rep2-TMS14F1194P0002_204,TMS14F1194P0002,204,4,,2,5,4,1,,,3,1,2,,,,160,,,,215,6,,,,,,,,,7,20.1,606,17.1,5.9,13.8,5.7,,21.19,10.17,,
2022-21.GS.C2.UYT.36.setA.IB-rep2-TMS14F1194P0002_204_plant_2,2022-21.GS.C2.UYT.36.setA.IB-rep2-TMS14F1194P0002_204,TMS14F1194P0002,204,4,,2,5,4,2,,,3,1,3,,,,125,,,,195,11,,,,,,,,,7,18.5,6.5,16.7,6.2,15.3,6,,20.61,10.14,,
2022-21.GS.C2.UYT.36.setA.IB-rep2-TMS14F1194P0002_204_plant_3,2022-21.GS.C2.UYT.36.setA.IB-rep2-TMS14F1194P0002_204,TMS14F1194P0002,204,4,,2,5,4,3,,,2,1,2,,,,160,,,,200,,,,,,,,,,7,17.3,6.1,17,6,15.1,5.2,,19.05,8.8,,
2022-21.GS.C2.UYT.36.setA.IB-rep2-TMS14F1194P0002_204_plant_4,2022-21.GS.C2.UYT.36.setA.IB-rep2-TMS14F1194P0002_204,TMS14F1194P0002,204,4,,2,5,4,4,,,4,1,3,,,,150,,,,215,12,,,,,,,,,7,20.9,6.9,18.9,7,16.4,6.7,,21.33,10.24,,
2022-21.GS.C2.UYT.36.setA.IB-rep2-TMS14F1194P0002_204_plant_5,2022-21.GS.C2.UYT.36.setA.IB-rep2-TMS14F1194P0002_204,TMS14F1194P0002,204,4,,2,5,4,5,,,3,1,2,,,,130,,,,210,17,,,,,,,,,7,19.2,5.2,16.9,6.5,17.4,6.7,,24.22,12.44,,
2022-21.GS.C2.UYT.36.setA.IB-rep2-TMS14F1036P0007_205_plant_1,2022-21.GS.C2.UYT.36.setA.IB-rep2-TMS14F1036P0007_205,TMS14F1036P0007,205,4,,2,5,5,1,,,3,2,3,2,,,80,155,,,215,30,NA,,,,,,,,7,18,5.5,17.6,5.5,16,4.2,,26.45,18.04,7.35,
2022-21.GS.C2.UYT.36.setA.IB-rep2-TMS14F1036P0007_205_plant_2,2022-21.GS.C2.UYT.36.setA.IB-rep2-TMS14F1036P0007_205,TMS14F1036P0007,205,4,,2,5,5,2,,,3,1,2,3,2,,70,145,200,,210.3,24,13,2,,,,,,,7,18,6,18,5.8,17,5,,25.76,12.89,7.15,
2022-21.GS.C2.UYT.36.setA.IB-rep2-TMS14F1036P0007_205_plant_3,2022-21.GS.C2.UYT.36.setA.IB-rep2-TMS14F1036P0007_205,TMS14F1036P0007,205,4,,2,5,5,3,,,4,2,3,2,,,120,185,,,200,14,2,,,,,,,,7,16.8,4.5,13.7,3.8,14.1,4.13,,14.66,7.94,,
2022-21.GS.C2.UYT.36.setA.IB-rep2-TMS14F1036P0007_205_plant_4,2022-21.GS.C2.UYT.36.setA.IB-rep2-TMS14F1036P0007_205,TMS14F1036P0007,205,4,,2,5,5,4,,,2,2,3,3,,,95,175,,,210,19,8,,,,,,,,7,17.3,5.1,16.6,4.9,14.9,4.6,,19.6,10.39,,
2022-21.GS.C2.UYT.36.setA.IB-rep2-TMS14F1036P0007_205_plant_5,2022-21.GS.C2.UYT.36.setA.IB-rep2-TMS14F1036P0007_205,TMS14F1036P0007,205,4,,2,5,5,5,,,3,2,3,3,,,85,175,,,220,19,8,,,,,,,,7,19.9,5.8,15.6,4.7,14.7,4.3,,19.65,10.36,,
2022-21.GS.C2.UYT.36.setA.IB-rep2-TMS14F1208P0007_206_plant_1,2022-21.GS.C2.UYT.36.setA.IB-rep2-TMS14F1208P0007_206,TMS14F1208P0007,206,4,,2,5,6,1,,,2,2,3,3,,,80,155,,,210,21,11,,,,,,,,7,50,4.5,60,4.8,15.5,4.7,,22,,,
2022-21.GS.C2.UYT.36.setA.IB-rep2-TMS14F1208P0007_206_plant_2,2022-21.GS.C2.UYT.36.setA.IB-rep2-TMS14F1208P0007_206,TMS14F1208P0007,206,4,,2,5,6,2,,,1,3,3,3,3,,60,145,205,,220,25,14,,,,,,,,7,18.8,5.5,16.4,4.7,15.5,4.5,,29.45,20.09,,
2022-21.GS.C2.UYT.36.setA.IB-rep2-TMS14F1208P0007_206_plant_3,2022-21.GS.C2.UYT.36.setA.IB-rep2-TMS14F1208P0007_206,TMS14F1208P0007,206,4,,2,5,6,3,,,4,2,3,3,,,82,155,,,210,16,19,,,,,,,,7,18.2,5.2,14.3,4.5,13.5,5.4,,20.68,10.46,6.26,
2022-21.GS.C2.UYT.36.setA.IB-rep2-TMS14F1208P0007_206_plant_4,2022-21.GS.C2.UYT.36.setA.IB-rep2-TMS14F1208P0007_206,TMS14F1208P0007,206,4,,2,5,6,4,,,2,2,3,3,,,95,175,,,205,17,7,,,,,,,,7,17.9,4.5,16.5,5,17,4.3,,30.5,10.13,6.05,
2022-21.GS.C2.UYT.36.setA.IB-rep2-TMS14F1208P0007_206_plant_5,2022-21.GS.C2.UYT.36.setA.IB-rep2-TMS14F1208P0007_206,TMS14F1208P0007,206,4,,2,5,6,5,,,3,2,3,3,,,85,180,,,225,15,6,,,,,,,,7,17.6,5,15.5,5,14.9,4.5,,20.45,10.73,6.51,
2022-21.GS.C2.UYT.36.setA.IB-rep2-TMS14F1022P0006_207_plant_1,2022-21.GS.C2.UYT.36.setA.IB-rep2-TMS14F1022P0006_207,TMS14F1022P0006,207,4,,2,5,7,1,,,2,2,3,3,,,100,170,,,185,19,3,,,,,,,,7,16,5.8,13.5,4.5,13.4,4.8,,19.18,8.79,,
2022-21.GS.C2.UYT.36.setA.IB-rep2-TMS14F1022P0006_207_plant_2,2022-21.GS.C2.UYT.36.setA.IB-rep2-TMS14F1022P0006_207,TMS14F1022P0006,207,4,,2,5,7,2,,,1,1,3,,,,115,,,,160,11,,,,,,,,,8,12.5,4.7,12.9,4.1,17.7,6.6,,16.55,7.69,,
2022-21.GS.C2.UYT.36.setA.IB-rep2-TMS14F1022P0006_207_plant_3,2022-21.GS.C2.UYT.36.setA.IB-rep2-TMS14F1022P0006_207,TMS14F1022P0006,207,4,,2,5,7,3,,,3,1,3,,,,110.5,,,,115,12,,,,,,,,,8,16.4,5.7,13.1,4.4,17.7,6.7,,16.05,6.77,,
2022-21.GS.C2.UYT.36.setA.IB-rep2-TMS14F1022P0006_207_plant_4,2022-21.GS.C2.UYT.36.setA.IB-rep2-TMS14F1022P0006_207,TMS14F1022P0006,207,4,,2,5,7,4,,,3,1,3,,,,105,,,,150,13,,,,,,,,,7,15.2,4.8,11.9,4.1,9.6,3.6,,13.69,4.87,,
2022-21.GS.C2.UYT.36.setA.IB-rep2-TMS14F1022P0006_207_plant_5,2022-21.GS.C2.UYT.36.setA.IB-rep2-TMS14F1022P0006_207,TMS14F1022P0006,207,4,,2,5,7,5,,,4,2,3,3,,,95,160,,,175,21,3,,,,,,,,8,19.6,6.7,15.8,5.1,13.9,5.1,,19.99,9.57,,
2022-21.GS.C2.UYT.36.setA.IB-rep2-TMS14F1001P0004_208_plant_1,2022-21.GS.C2.UYT.36.setA.IB-rep2-TMS14F1001P0004_208,TMS14F1001P0004,208,4,,2,5,8,1,,,1,2,3,3,,,90,140,,,165,18,4,,,,,,,,7,15.7,4.3,14.9,3.8,14,4.2,,19.11,9.65,6.22,
2022-21.GS.C2.UYT.36.setA.IB-rep2-TMS14F1001P0004_208_plant_2,2022-21.GS.C2.UYT.36.setA.IB-rep2-TMS14F1001P0004_208,TMS14F1001P0004,208,4,,2,5,8,2,,,1,2,3,2,,,90,140,,,160,17,2,,,,,,,,7,18.1,5.6,16.3,4.5,16.3,4.6,,18.78,9.84,3.56,
2022-21.GS.C2.UYT.36.setA.IB-rep2-TMS14F1001P0004_208_plant_3,2022-21.GS.C2.UYT.36.setA.IB-rep2-TMS14F1001P0004_208,TMS14F1001P0004,208,4,,2,5,8,3,,,1,2,3,3,,,80,135,,,165,21,6,,,,,,,,7,17.6,4.8,15.3,4.4,15.2,4.4,,21.96,12.36,6.71,
2022-21.GS.C2.UYT.36.setA.IB-rep2-TMS14F1001P0004_208_plant_4,2022-21.GS.C2.UYT.36.setA.IB-rep2-TMS14F1001P0004_208,TMS14F1001P0004,208,4,,2,5,8,4,,,4,2,2,3,,,75,125.3,,,145.2,20,4,,,,,,,,7,19.4,5.3,17.8,4.9,14.2,3.9,,18.45,10.73,5.45,
2022-21.GS.C2.UYT.36.setA.IB-rep2-TMS14F1001P0004_208_plant_5,2022-21.GS.C2.UYT.36.setA.IB-rep2-TMS14F1001P0004_208,TMS14F1001P0004,208,4,,2,5,8,5,,,2,2,3,2,,,80,140,,,195,22,10,,,,,,,,7,16,4.9,15.2,4.3,13.9,3.9,,20.93,11.88,6.58,
2022-21.GS.C2.UYT.36.setA.IB-rep2-TMS14F1297P0019_209_plant_1,2022-21.GS.C2.UYT.36.setA.IB-rep2-TMS14F1297P0019_209,TMS14F1297P0019,209,4,,2,5,9,1,,,2,1,2,,,,110,,,,155,11,,,,,,,,,7,17.7,5.2,17.7,5.3,18.6,5.3,,17.76,10.22,,
2022-21.GS.C2.UYT.36.setA.IB-rep2-TMS14F1297P0019_209_plant_2,2022-21.GS.C2.UYT.36.setA.IB-rep2-TMS14F1297P0019_209,TMS14F1297P0019,209,4,,2,5,9,2,,,1,1,2,,,,125,,,,135.3,3,,,,,,,,,7,15.9,4.8,17.3,4.9,18.7,5.4,,15.88,4.85,,
2022-21.GS.C2.UYT.36.setA.IB-rep2-TMS14F1297P0019_209_plant_3,2022-21.GS.C2.UYT.36.setA.IB-rep2-TMS14F1297P0019_209,TMS14F1297P0019,209,4,,2,5,9,3,,,6,0,0,,,,0,,,,125,0,,,,,,,,,7,13.6,3.8,13.9,4.5,15,4.2,,12.91,,,
2022-21.GS.C2.UYT.36.setA.IB-rep2-TMS14F1297P0019_209_plant_4,2022-21.GS.C2.UYT.36.setA.IB-rep2-TMS14F1297P0019_209,TMS14F1297P0019,209,4,,2,5,9,4,,,3,1,3,,,,115,,,,155,17,,,,,,,,,7,20.5,5.8,17.9,5,15.4,5.1,,18.81,10.66,,
2022-21.GS.C2.UYT.36.setA.IB-rep2-TMS14F1297P0019_209_plant_5,2022-21.GS.C2.UYT.36.setA.IB-rep2-TMS14F1297P0019_209,TMS14F1297P0019,209,4,,2,5,9,5,,,2,2,3,3,,,95,155,,,175,26,,,,,,,,,7,21.3,5.7,19.9,5.9,15.7,4.3,,27.14,13.46,,
2022-21.GS.C2.UYT.36.setA.IB-rep2-TMS14F1291P0011_210_plant_1,2022-21.GS.C2.UYT.36.setA.IB-rep2-TMS14F1291P0011_210,TMS14F1291P0011,210,4,,2,6,9,1,,,3,0,0,,,,0,,,,115,0,,,,,,,,,6,15.4,4.8,12.3,4.5,15.3,4.9,,15.53,,,
2022-21.GS.C2.UYT.36.setA.IB-rep2-TMS14F1291P0011_210_plant_2,2022-21.GS.C2.UYT.36.setA.IB-rep2-TMS14F1291P0011_210,TMS14F1291P0011,210,4,,2,6,9,2,,,5,1,2,,,,80,,,,100,6,,,,,,,,,7,13.7,4.4,12.9,4.3,14.2,5.2,,14.68,16.15,,
2022-21.GS.C2.UYT.36.setA.IB-rep2-TMS14F1291P0011_210_plant_3,2022-21.GS.C2.UYT.36.setA.IB-rep2-TMS14F1291P0011_210,TMS14F1291P0011,210,4,,2,6,9,3,,,2,0,0,,,,,,,,90,0,,,,,,,,,7,16.2,5.1,10.5,4.4,16.3,5.3,,15.77,,,
2022-21.GS.C2.UYT.36.setA.IB-rep2-TMS14F1291P0011_210_plant_4,2022-21.GS.C2.UYT.36.setA.IB-rep2-TMS14F1291P0011_210,TMS14F1291P0011,210,4,,2,6,9,4,,,4,8,0,,,,0,,,,95,0,,,,,,,,,7,14.5,4.5,15.5,5.1,15.9,5.1,,12.66,,,
2022-21.GS.C2.UYT.36.setA.IB-rep2-TMS14F1291P0011_210_plant_5,2022-21.GS.C2.UYT.36.setA.IB-rep2-TMS14F1291P0011_210,TMS14F1291P0011,210,4,,2,6,9,5,,,2,8,0,,,,0,,,,85,0,,,,,,,,,7,13.3,4.3,14.7,4.8,14.6,4.7,,13.26,,,
2022-21.GS.C2.UYT.36.setA.IB-rep2-TMS14F1120P0003_211_plant_1,2022-21.GS.C2.UYT.36.setA.IB-rep2-TMS14F1120P0003_211,TMS14F1120P0003,211,4,,2,6,8,1,,,2,2,2,3,,,70,120,,,130,20,3,,,,,,,,7,14.9,3.3,13.2,2.2,13.2,3.4,,15.32,8.84,,
2022-21.GS.C2.UYT.36.setA.IB-rep2-TMS14F1120P0003_211_plant_2,2022-21.GS.C2.UYT.36.setA.IB-rep2-TMS14F1120P0003_211,TMS14F1120P0003,211,4,,2,6,8,2,,,2,2,3,3,,,55,115,,,150,25,11,,,,,,,,7,17.3,4.8,14.8,4.4,15.2,4.2,,25.71,6.73,,
2022-21.GS.C2.UYT.36.setA.IB-rep2-TMS14F1120P0003_211_plant_3,2022-21.GS.C2.UYT.36.setA.IB-rep2-TMS14F1120P0003_211,TMS14F1120P0003,211,4,,2,6,8,3,,,3,2,2,2,,,60,120,,,150,20,5,,,,,,,,7,15.1,3.6,14.1,4.2,15.1,4.4,,17.69,10.39,6.15,
2022-21.GS.C2.UYT.36.setA.IB-rep2-TMS14F1120P0003_211_plant_4,2022-21.GS.C2.UYT.36.setA.IB-rep2-TMS14F1120P0003_211,TMS14F1120P0003,211,4,,2,6,8,4,,,,,,,,,,,,,,,,,,,,,,,,,,,,,,,,,,
2022-21.GS.C2.UYT.36.setA.IB-rep2-TMS14F1120P0003_211_plant_5,2022-21.GS.C2.UYT.36.setA.IB-rep2-TMS14F1120P0003_211,TMS14F1120P0003,211,4,,2,6,8,5,,,,,,,,,,,,,,,,,,,,,,,,,,,,,,,,,,
2022-21.GS.C2.UYT.36.setA.IB-rep2-TMS14F1306P0015_212_plant_1,2022-21.GS.C2.UYT.36.setA.IB-rep2-TMS14F1306P0015_212,TMS14F1306P0015,212,4,,2,6,7,1,,,3,1,2,,,,125,,,,155,7,,,,,,,,,8,19.9,5.9,17.4,4.9,18.3,5.8,,18.85,9.74,,
2022-21.GS.C2.UYT.36.setA.IB-rep2-TMS14F1306P0015_212_plant_2,2022-21.GS.C2.UYT.36.setA.IB-rep2-TMS14F1306P0015_212,TMS14F1306P0015,212,4,,2,6,7,2,,,2,1,3,,,,105,,,,155,18,,,,,,,,,8,17.9,4.9,16.7,4.6,14.8,4.8,,19.2,10.41,,
2022-21.GS.C2.UYT.36.setA.IB-rep2-TMS14F1306P0015_212_plant_3,2022-21.GS.C2.UYT.36.setA.IB-rep2-TMS14F1306P0015_212,TMS14F1306P0015,212,4,,2,6,7,3,,,3,0,0,,,,0,,,,175,0,,,,,,,,,8,17.8,5.8,17.7,4.9,17.8,4.9,,19.1,,,
2022-21.GS.C2.UYT.36.setA.IB-rep2-TMS14F1306P0015_212_plant_4,2022-21.GS.C2.UYT.36.setA.IB-rep2-TMS14F1306P0015_212,TMS14F1306P0015,212,4,,2,6,7,4,,,4,1,3,,,,95,,,,165.3,31,,,,,,,,,8,19.9,5.8,17.9,5.2,16.3,4.4,,22.13,13.59,,
2022-21.GS.C2.UYT.36.setA.IB-rep2-TMS14F1306P0015_212_plant_5,2022-21.GS.C2.UYT.36.setA.IB-rep2-TMS14F1306P0015_212,TMS14F1306P0015,212,4,,2,6,7,5,,,,,,,,,,,,,,,,,,,,,,,,,,,,,,,,,,
2022-21.GS.C2.UYT.36.setA.IB-rep2-TMS14F1016P0006_213_plant_1,2022-21.GS.C2.UYT.36.setA.IB-rep2-TMS14F1016P0006_213,TMS14F1016P0006,213,5,,2,6,6,1,,,3,2,3,3,,,115,170,,,185,20,5,,,,,,,,7,21.2,7.4,17.8,6.5,16.2,5.9,,25.02,11.64,5.08,
2022-21.GS.C2.UYT.36.setA.IB-rep2-TMS14F1016P0006_213_plant_2,2022-21.GS.C2.UYT.36.setA.IB-rep2-TMS14F1016P0006_213,TMS14F1016P0006,213,5,,2,6,6,2,,,3,1,3,,,,115,,,,135,5,,,,,,,,,7,18.4,6.3,19.5,6.6,14.7,5.3,,22.95,6.17,,
2022-21.GS.C2.UYT.36.setA.IB-rep2-TMS14F1016P0006_213_plant_3,2022-21.GS.C2.UYT.36.setA.IB-rep2-TMS14F1016P0006_213,TMS14F1016P0006,213,5,,2,6,6,3,,,1,1,4,,,,95,,,,145,15,,,,,,,,,7,19.8,6.3,15.9,5.3,13.9,4.9,,18.25,7.4,,
2022-21.GS.C2.UYT.36.setA.IB-rep2-TMS14F1016P0006_213_plant_4,2022-21.GS.C2.UYT.36.setA.IB-rep2-TMS14F1016P0006_213,TMS14F1016P0006,213,5,,2,6,6,4,,,2,1,2,,,,115,,,,145,6,,,,,,,,,7,14.3,5.5,14.7,5.1,14.3,4.9,,16.58,6.36,,
2022-21.GS.C2.UYT.36.setA.IB-rep2-TMS14F1016P0006_213_plant_5,2022-21.GS.C2.UYT.36.setA.IB-rep2-TMS14F1016P0006_213,TMS14F1016P0006,213,5,,2,6,6,5,,,3,1,3,,,,125,,,,155,8,,,,,,,,,7,17.9,6.7,6.9,6,15.5,5.5,,16.71,6.04,,
2022-21.GS.C2.UYT.36.setA.IB-rep2-TMS14F1312P0003_214_plant_1,2022-21.GS.C2.UYT.36.setA.IB-rep2-TMS14F1312P0003_214,TMS14F1312P0003,214,5,,2,6,5,1,,,3,1,2,,,,140.3,,,,190,12,,,,,,,,,7,14.1,3.8,11.9,3.9,14.7,4.3,,17.81,8.2,,
2022-21.GS.C2.UYT.36.setA.IB-rep2-TMS14F1312P0003_214_plant_2,2022-21.GS.C2.UYT.36.setA.IB-rep2-TMS14F1312P0003_214,TMS14F1312P0003,214,5,,2,6,5,2,,,4,2,2,2,,,100,180,,,200,26,2,,,,,,,,7,14.4,5.1,14.4,4.6,17.2,5.3,,21.03,11.11,,
2022-21.GS.C2.UYT.36.setA.IB-rep2-TMS14F1312P0003_214_plant_3,2022-21.GS.C2.UYT.36.setA.IB-rep2-TMS14F1312P0003_214,TMS14F1312P0003,214,5,,2,6,5,3,,,7,1,2,,,,140,,,,205,17,,,,,,,,,7,17.4,4.8,16.7,4.8,16.8,4.8,,19.65,9.68,,
2022-21.GS.C2.UYT.36.setA.IB-rep2-TMS14F1312P0003_214_plant_4,2022-21.GS.C2.UYT.36.setA.IB-rep2-TMS14F1312P0003_214,TMS14F1312P0003,214,5,,2,6,5,4,,,2,2,2,2,,,110,185,,,210,24,3,,,,,,,,7,18.6,4.9,17.8,5.1,16.7,4.8,,22.59,13.79,,
2022-21.GS.C2.UYT.36.setA.IB-rep2-TMS14F1312P0003_214_plant_5,2022-21.GS.C2.UYT.36.setA.IB-rep2-TMS14F1312P0003_214,TMS14F1312P0003,214,5,,2,6,5,5,,,2,1,3,,,,115,,,,185,20,,,,,,,,,7,16.3,4.7,13.2,4.3,13.3,4.8,,24.93,10.04,,
2022-21.GS.C2.UYT.36.setA.IB-rep2-TMS14F1262P0002_215_plant_1,2022-21.GS.C2.UYT.36.setA.IB-rep2-TMS14F1262P0002_215,TMS14F1262P0002,215,5,,2,6,4,1,,,2,2,3,2,,,75,125,,,150,25,11,,,,,,,,8,15.5,5.2,17.5,5.1,19.5,5.4,,24.64,14.58,9.23,
2022-21.GS.C2.UYT.36.setA.IB-rep2-TMS14F1262P0002_215_plant_2,2022-21.GS.C2.UYT.36.setA.IB-rep2-TMS14F1262P0002_215,TMS14F1262P0002,215,5,,2,6,4,2,,,1,1,3,,,,80,,,,140,20,,,,,,,,,7,16.4,4.5,16.5,4.1,12.5,3.3,,22.31,8.6,,
2022-21.GS.C2.UYT.36.setA.IB-rep2-TMS14F1262P0002_215_plant_3,2022-21.GS.C2.UYT.36.setA.IB-rep2-TMS14F1262P0002_215,TMS14F1262P0002,215,5,,2,6,4,3,,,1,2,3,2,,,70,130,,,145,26,2,,,,,,,,8,14.6,4.1,15.5,4.3,15.8,4.6,,23.01,21.73,10.88,
2022-21.GS.C2.UYT.36.setA.IB-rep2-TMS14F1262P0002_215_plant_4,2022-21.GS.C2.UYT.36.setA.IB-rep2-TMS14F1262P0002_215,TMS14F1262P0002,215,5,,2,6,4,4,,,,,,,,,,,,,,,,,,,,,,,,,,,,,,,,,,
2022-21.GS.C2.UYT.36.setA.IB-rep2-TMS14F1262P0002_215_plant_5,2022-21.GS.C2.UYT.36.setA.IB-rep2-TMS14F1262P0002_215,TMS14F1262P0002,215,5,,2,6,4,5,,,,,,,,,,,,,,,,,,,,,,,,,,,,,,,,,,
2022-21.GS.C2.UYT.36.setA.IB-rep2-TMS14F1131P0001_216_plant_1,2022-21.GS.C2.UYT.36.setA.IB-rep2-TMS14F1131P0001_216,TMS14F1131P0001,216,5,,2,6,3,1,,,2,2,3,3,,,85,160.3,,,190,19,5,,,,,,,,7,17.2,5.2,14.8,4.6,16.7,5.4,,21.12,12.82,4.91,
2022-21.GS.C2.UYT.36.setA.IB-rep2-TMS14F1131P0001_216_plant_2,2022-21.GS.C2.UYT.36.setA.IB-rep2-TMS14F1131P0001_216,TMS14F1131P0001,216,5,,2,6,3,2,,,1,2,3,4,,,65,160,,,205,24,10,,,,,,,,7,17.8,6.3,18.7,5.9,20.4,6,,25.56,17.27,8.31,
2022-21.GS.C2.UYT.36.setA.IB-rep2-TMS14F1131P0001_216_plant_3,2022-21.GS.C2.UYT.36.setA.IB-rep2-TMS14F1131P0001_216,TMS14F1131P0001,216,5,,2,6,3,3,,,2,2,3,3,,,70,145,,,190,22,8,,,,,,,,7,14.3,5.3,16.4,5.1,16.3,4.8,,21.12,13.47,7.39,
2022-21.GS.C2.UYT.36.setA.IB-rep2-TMS14F1131P0001_216_plant_4,2022-21.GS.C2.UYT.36.setA.IB-rep2-TMS14F1131P0001_216,TMS14F1131P0001,216,5,,2,6,3,4,,,2,2,3,3,,,70,160,,,185,18,6,,,,,,,,7,16.4,4.6,13.8,4.4,15.4,4.8,,19.46,12.29,3.58,
2022-21.GS.C2.UYT.36.setA.IB-rep2-TMS14F1131P0001_216_plant_5,2022-21.GS.C2.UYT.36.setA.IB-rep2-TMS14F1131P0001_216,TMS14F1131P0001,216,5,,2,6,3,5,,,3,1,3,,,,120,,,,155,11,,,,,,,,,7,15.3,4.3,,,,,,,,,
2022-21.GS.C2.UYT.36.setA.IB-rep2-TMS14F1049P0001_217_plant_1,2022-21.GS.C2.UYT.36.setA.IB-rep2-TMS14F1049P0001_217,TMS14F1049P0001,217,5,,2,6,2,1,,,4,1,3,,,,100,,,,150,10,,,,,,,,,7,13.43,5.3,15.2,4.6,13.43,4.3,,14.5,7.92,,
2022-21.GS.C2.UYT.36.setA.IB-rep2-TMS14F1049P0001_217_plant_2,2022-21.GS.C2.UYT.36.setA.IB-rep2-TMS14F1049P0001_217,TMS14F1049P0001,217,5,,2,6,2,2,,,3,2,2,2,,,95,145.3,,,160,19,2,,,,,,,,7,16.2,4.7,13.7,4.1,12.5,4.2,,16.48,8.54,,
2022-21.GS.C2.UYT.36.setA.IB-rep2-TMS14F1049P0001_217_plant_3,2022-21.GS.C2.UYT.36.setA.IB-rep2-TMS14F1049P0001_217,TMS14F1049P0001,217,5,,2,6,2,3,,,3,1,2,,,,115,,,,170,16,,,,,,,,,7,15.3,4.5,15.3,4.6,14.7,4.5,,17.02,8.45,,
2022-21.GS.C2.UYT.36.setA.IB-rep2-TMS14F1049P0001_217_plant_4,2022-21.GS.C2.UYT.36.setA.IB-rep2-TMS14F1049P0001_217,TMS14F1049P0001,217,5,,2,6,2,4,,,5,1,2,,,,130,,,,155,7,,,,,,,,,7,15.8,4.6,14.5,4.3,9.5,3.1,,14.09,4.09,,
2022-21.GS.C2.UYT.36.setA.IB-rep2-TMS14F1049P0001_217_plant_5,2022-21.GS.C2.UYT.36.setA.IB-rep2-TMS14F1049P0001_217,TMS14F1049P0001,217,5,,2,6,2,5,,,6,1,3,,,,140,,,,160,5,,,,,,,,,7,16,4.5,12,3.5,11.4,4,,14.48,9.63,,
2022-21.GS.C2.UYT.36.setA.IB-rep2-TMS13F1461P0002_218_plant_1,2022-21.GS.C2.UYT.36.setA.IB-rep2-TMS13F1461P0002_218,TMS13F1461P0002,218,5,,2,6,1,1,,,3,1,2,,,,100,,,,120,5,,,,,,,,,7,14.5,3.5,14,3.1,11.4,2.6,,16,5.88,,
2022-21.GS.C2.UYT.36.setA.IB-rep2-TMS13F1461P0002_218_plant_2,2022-21.GS.C2.UYT.36.setA.IB-rep2-TMS13F1461P0002_218,TMS13F1461P0002,218,5,,2,6,1,2,,,4,1,2,,,,75,,,,127,19,,,,,,,,,7,19.5,4.8,14.6,2.7,12.4,4.6,,16.16,7.8,,
2022-21.GS.C2.UYT.36.setA.IB-rep2-TMS13F1461P0002_218_plant_3,2022-21.GS.C2.UYT.36.setA.IB-rep2-TMS13F1461P0002_218,TMS13F1461P0002,218,5,,2,6,1,3,,,1,1,2,,,,65,,,,110,18,,,,,,,,,7,19.7,4.5,13.4,3.4,12.4,2.5,,19.8,8.6,,
2022-21.GS.C2.UYT.36.setA.IB-rep2-TMS13F1461P0002_218_plant_4,2022-21.GS.C2.UYT.36.setA.IB-rep2-TMS13F1461P0002_218,TMS13F1461P0002,218,5,,2,6,1,4,,,3,2,2,2,,,100,155,,,165,22,2,,,,,,,,7,22.2,5.3,21.4,3.2,14.4,3.1,,24.71,12.96,,
2022-21.GS.C2.UYT.36.setA.IB-rep2-TMS13F1461P0002_218_plant_5,2022-21.GS.C2.UYT.36.setA.IB-rep2-TMS13F1461P0002_218,TMS13F1461P0002,218,5,,2,6,1,5,,,2,2,3,3,,,90,155,,,170,23,2,,,,,,,,7,17.8,4.3,16.1,4.2,12.4,3,,24.36,12.07,,
2022-21.GS.C2.UYT.36.setA.IB-rep2-TMS14F1300P0008_219_plant_1,2022-21.GS.C2.UYT.36.setA.IB-rep2-TMS14F1300P0008_219,TMS14F1300P0008,219,5,,2,7,1,1,,,2,2,2,3,,,85,168,,,190,20,5,,,,,,,,9,21,6.5,14.2,5.9,15.8,4.9,,24,14.8,5.2,
2022-21.GS.C2.UYT.36.setA.IB-rep2-TMS14F1300P0008_219_plant_2,2022-21.GS.C2.UYT.36.setA.IB-rep2-TMS14F1300P0008_219,TMS14F1300P0008,219,5,,2,7,1,2,,,1,1,3,,,,110,,,,150,9,,,,,,,,,9,13.9,3.5,14,4.5,10.3,3.8,,18.37,8.07,,
2022-21.GS.C2.UYT.36.setA.IB-rep2-TMS14F1300P0008_219_plant_3,2022-21.GS.C2.UYT.36.setA.IB-rep2-TMS14F1300P0008_219,TMS14F1300P0008,219,5,,2,7,1,3,,,2,2,2,3,,,40,120,,,160,19,12,,,,,,,,9,15.6,4.9,13.5,4.4,11.3,3.7,,22.9,14.56,6.45,
2022-21.GS.C2.UYT.36.setA.IB-rep2-TMS14F1300P0008_219_plant_4,2022-21.GS.C2.UYT.36.setA.IB-rep2-TMS14F1300P0008_219,TMS14F1300P0008,219,5,,2,7,1,4,,,,,,,,,,,,,,,,,,,,,,,,,,,,,,,,,,
2022-21.GS.C2.UYT.36.setA.IB-rep2-TMS14F1300P0008_219_plant_5,2022-21.GS.C2.UYT.36.setA.IB-rep2-TMS14F1300P0008_219,TMS14F1300P0008,219,5,,2,7,1,5,,,,,,,,,,,,,,,,,,,,,,,,,,,,,,,,,,
2022-21.GS.C2.UYT.36.setA.IB-rep2-TMS14F1303P0012_220_plant_1,2022-21.GS.C2.UYT.36.setA.IB-rep2-TMS14F1303P0012_220,TMS14F1303P0012,220,5,,2,7,2,1,,,2,1,2,,,,80,,,,155,21,,,,,,,,,8,18,5.5,16.6,4.4,14,3.8,,16.72,9.27,,
2022-21.GS.C2.UYT.36.setA.IB-rep2-TMS14F1303P0012_220_plant_2,2022-21.GS.C2.UYT.36.setA.IB-rep2-TMS14F1303P0012_220,TMS14F1303P0012,220,5,,2,7,2,2,,,5,1,2,,,,85,,,,140,16,,,,,,,,,7,18,5.2,15.5,4.6,16.3,4.6,,17.78,10.27,,
2022-21.GS.C2.UYT.36.setA.IB-rep2-TMS14F1303P0012_220_plant_3,2022-21.GS.C2.UYT.36.setA.IB-rep2-TMS14F1303P0012_220,TMS14F1303P0012,220,5,,2,7,2,3,,,2,1,3,,,,85,,,,145,17,,,,,,,,,7,16.9,4.5,15,4.5,14.3,4.3,,20.05,7.76,,
2022-21.GS.C2.UYT.36.setA.IB-rep2-TMS14F1303P0012_220_plant_4,2022-21.GS.C2.UYT.36.setA.IB-rep2-TMS14F1303P0012_220,TMS14F1303P0012,220,5,,2,7,2,4,,,3,1,2,,,,98,,,,140,11,,,,,,,,,7,16.7,4.8,13.5,4.2,14.2,4.2,,14.79,8.02,,
2022-21.GS.C2.UYT.36.setA.IB-rep2-TMS14F1303P0012_220_plant_5,2022-21.GS.C2.UYT.36.setA.IB-rep2-TMS14F1303P0012_220,TMS14F1303P0012,220,5,,2,7,2,5,,,2,1,2,,,,85,,,,135,10,,,,,,,,,7,16.7,4.9,15.8,4.7,15.8,4.5,,16.6,8.97,,
2022-21.GS.C2.UYT.36.setA.IB-rep2-TMS13F2061P0005_221_plant_1,2022-21.GS.C2.UYT.36.setA.IB-rep2-TMS13F2061P0005_221,TMS13F2061P0005,221,5,,2,7,3,1,,,1,2,3,3,,,55,120,,,175,24,11,,,,,,,,9,17.6,5.3,15.1,4.5,12.9,3.9,,30.17,18.1,9.39,
2022-21.GS.C2.UYT.36.setA.IB-rep2-TMS13F2061P0005_221_plant_2,2022-21.GS.C2.UYT.36.setA.IB-rep2-TMS13F2061P0005_221,TMS13F2061P0005,221,5,,2,7,3,2,,,1,2,3,3,,,50,130,,,150,18,4,,,,,,,,9,17.5,5.3,20.5,3.8,11.9,3.6,,25.88,11.79,5.15,
2022-21.GS.C2.UYT.36.setA.IB-rep2-TMS13F2061P0005_221_plant_3,2022-21.GS.C2.UYT.36.setA.IB-rep2-TMS13F2061P0005_221,TMS13F2061P0005,221,5,,2,7,3,3,,,1,2,3,3,,,50,135,,,160,21,3,,,,,,,,7,15.4,4.9,13.8,4.5,14.2,4.3,,20.34,11.03,4.83,
2022-21.GS.C2.UYT.36.setA.IB-rep2-TMS13F2061P0005_221_plant_4,2022-21.GS.C2.UYT.36.setA.IB-rep2-TMS13F2061P0005_221,TMS13F2061P0005,221,5,,2,7,3,4,,,1,2,3,3,,,45,110,,,180,19,15,,,,,,,,9,18,6.5,17.8,5,13.9,4.2,,24.66,20.17,9.38,
2022-21.GS.C2.UYT.36.setA.IB-rep2-TMS13F2061P0005_221_plant_5,2022-21.GS.C2.UYT.36.setA.IB-rep2-TMS13F2061P0005_221,TMS13F2061P0005,221,5,,2,7,3,5,,,2,2,3,3,,,55,120,,,155,19,9,,,,,,,,9,16.5,5.2,13.9,4.4,12.5,3.6,,23.9,13.58,6.92,
2022-21.GS.C2.UYT.36.setA.IB-rep2-TMS13F1182P0002_222_plant_1,2022-21.GS.C2.UYT.36.setA.IB-rep2-TMS13F1182P0002_222,TMS13F1182P0002,222,5,,2,7,4,1,,,1,2,3,2,,,118,195,,,220,25,6,,,,,,,,7,17.8,5.2,19,5.2,18.3,5,,24.3,13.7,7.64,
2022-21.GS.C2.UYT.36.setA.IB-rep2-TMS13F1182P0002_222_plant_2,2022-21.GS.C2.UYT.36.setA.IB-rep2-TMS13F1182P0002_222,TMS13F1182P0002,222,5,,2,7,4,2,,,2,2,2,3,,,130,190,,,205,23,1,,,,,,,,7,21.5,5.9,16.5,4.8,18,5.5,,18.7,11.59,4.39,
2022-21.GS.C2.UYT.36.setA.IB-rep2-TMS13F1182P0002_222_plant_3,2022-21.GS.C2.UYT.36.setA.IB-rep2-TMS13F1182P0002_222,TMS13F1182P0002,222,5,,2,7,4,3,,,4,2,2,2,,,100,170,,,185,19,1,,,,,,,,7,18.5,5,15.6,4.3,15.6,4.2,,17.11,10.46,4.4,
2022-21.GS.C2.UYT.36.setA.IB-rep2-TMS13F1182P0002_222_plant_4,2022-21.GS.C2.UYT.36.setA.IB-rep2-TMS13F1182P0002_222,TMS13F1182P0002,222,5,,2,7,4,4,,,2,2,2,2,,,85,170,,,185,23,5,,,,,,,,7,18,5,17.1,4.9,17,4.7,,19.45,12.32,6.52,
2022-21.GS.C2.UYT.36.setA.IB-rep2-TMS13F1182P0002_222_plant_5,2022-21.GS.C2.UYT.36.setA.IB-rep2-TMS13F1182P0002_222,TMS13F1182P0002,222,5,,2,7,4,5,,,4,1,2,,,,173,,,,190,2,,,,,,,,,7,17,5,15.9,4.5,15.1,4.7,,14.61,5.47,,
2022-21.GS.C2.UYT.36.setA.IB-rep2-TMS14F1223P0007_223_plant_1,2022-21.GS.C2.UYT.36.setA.IB-rep2-TMS14F1223P0007_223,TMS14F1223P0007,223,5,,2,7,5,1,,,2,2,2,2,,,45,105,,,165,15,11,,,,,,,,7,14.3,5.4,12.4,4.8,14.5,4.9,,19.45,11.68,6.43,
2022-21.GS.C2.UYT.36.setA.IB-rep2-TMS14F1223P0007_223_plant_2,2022-21.GS.C2.UYT.36.setA.IB-rep2-TMS14F1223P0007_223,TMS14F1223P0007,223,5,,2,7,5,2,,,2,2,2,3,,,70,140,,,175,15,5,,,,,,,,7,14.5,5.4,15.1,5.7,13.5,5,,18.65,9.87,5.35,
2022-21.GS.C2.UYT.36.setA.IB-rep2-TMS14F1223P0007_223_plant_3,2022-21.GS.C2.UYT.36.setA.IB-rep2-TMS14F1223P0007_223,TMS14F1223P0007,223,5,,2,7,5,3,,,3,2,2,3,,,60,130,,,160,12,6,,,,,,,,7,16.7,5.4,15.1,5.6,14.9,5.4,,15.28,9.17,5.35,
2022-21.GS.C2.UYT.36.setA.IB-rep2-TMS14F1223P0007_223_plant_4,2022-21.GS.C2.UYT.36.setA.IB-rep2-TMS14F1223P0007_223,TMS14F1223P0007,223,5,,2,7,5,4,,,1,2,3,3,,,60,127,,,180,17,6,,,,,,,,7,17.3,5.8,15.1,5.5,12,4.4,,16.6,7.27,6.1,
2022-21.GS.C2.UYT.36.setA.IB-rep2-TMS14F1223P0007_223_plant_5,2022-21.GS.C2.UYT.36.setA.IB-rep2-TMS14F1223P0007_223,TMS14F1223P0007,223,5,,2,7,5,5,,,3,1,2,,,,125,,,,160,6,,,,,,,,,7,17.5,5.6,14.5,5,13.4,4.9,,19.45,12.33,6.52,
2022-21.GS.C2.UYT.36.setA.IB-rep2-TMS14F1311P0002_224_plant_1,2022-21.GS.C2.UYT.36.setA.IB-rep2-TMS14F1311P0002_224,TMS14F1311P0002,224,5,,2,7,6,1,,,3,1,2,,,,125,,,,190,13,,,,,,,,,9,13.2,4.5,15.2,5.3,14.9,5,,17.56,10.49,,
2022-21.GS.C2.UYT.36.setA.IB-rep2-TMS14F1311P0002_224_plant_2,2022-21.GS.C2.UYT.36.setA.IB-rep2-TMS14F1311P0002_224,TMS14F1311P0002,224,5,,2,7,6,2,,,3,2,3,3,,,75,150,,,170,22,1,,,,,,,,9,12.1,5.1,12.8,4.1,12.5,4,,19.31,11.04,,
2022-21.GS.C2.UYT.36.setA.IB-rep2-TMS14F1311P0002_224_plant_3,2022-21.GS.C2.UYT.36.setA.IB-rep2-TMS14F1311P0002_224,TMS14F1311P0002,224,5,,2,7,6,3,,,3,1,3,,,,80,,,,165,26,,,,,,,,,9,12.5,4.5,14.2,4.4,13.5,4.5,,17.45,10.2,,
2022-21.GS.C2.UYT.36.setA.IB-rep2-TMS14F1311P0002_224_plant_4,2022-21.GS.C2.UYT.36.setA.IB-rep2-TMS14F1311P0002_224,TMS14F1311P0002,224,5,,2,7,6,4,,,2,2,3,2,,,85,155,,,190,23,6,,,,,,,,9,13.5,4.9,12.5,4.4,12.4,4.5,,21.74,13.22,7.73,
2022-21.GS.C2.UYT.36.setA.IB-rep2-TMS14F1311P0002_224_plant_5,2022-21.GS.C2.UYT.36.setA.IB-rep2-TMS14F1311P0002_224,TMS14F1311P0002,224,5,,2,7,6,5,,,1,1,2,,,,124,,,,160,11,,,,,,,,,9,13.7,4.6,10.9,4.9,13.7,4.9,,15.27,9.02,,
2022-21.GS.C2.UYT.36.setA.IB-rep2-IITA-TMS-IBA000070_225_plant_1,2022-21.GS.C2.UYT.36.setA.IB-rep2-IITA-TMS-IBA000070_225,IITA-TMS-IBA000070,225,6,1,2,7,7,1,,,1,1,2,,,,105,,,,140,8,,,,,,,,,7,17.3,4.3,16.3,4.5,14.1,4.5,,18.45,7.27,,
2022-21.GS.C2.UYT.36.setA.IB-rep2-IITA-TMS-IBA000070_225_plant_2,2022-21.GS.C2.UYT.36.setA.IB-rep2-IITA-TMS-IBA000070_225,IITA-TMS-IBA000070,225,6,1,2,7,7,2,,,3,1,2,,,,110,,,,155,12,,,,,,,,,7,17.4,4.3,11.3,3.1,15.6,4.2,,15.51,8.67,,
2022-21.GS.C2.UYT.36.setA.IB-rep2-IITA-TMS-IBA000070_225_plant_3,2022-21.GS.C2.UYT.36.setA.IB-rep2-IITA-TMS-IBA000070_225,IITA-TMS-IBA000070,225,6,1,2,7,7,3,,,2,2,2,2,,,75,130,,,170,21,3,,,,,,,,7,15,3.7,15.3,4.3,15.5,4,,18.32,9.66,4.12,
2022-21.GS.C2.UYT.36.setA.IB-rep2-IITA-TMS-IBA000070_225_plant_4,2022-21.GS.C2.UYT.36.setA.IB-rep2-IITA-TMS-IBA000070_225,IITA-TMS-IBA000070,225,6,1,2,7,7,4,,,6,2,2,2,,,65,135,,,170,20,7,,,,,,,,7,17.5,4.6,15.3,3.9,14.5,4.1,,18.46,10.27,6.5,
2022-21.GS.C2.UYT.36.setA.IB-rep2-IITA-TMS-IBA000070_225_plant_5,2022-21.GS.C2.UYT.36.setA.IB-rep2-IITA-TMS-IBA000070_225,IITA-TMS-IBA000070,225,6,1,2,7,7,5,,,4,2,3,2,,,108,160,,,180,26,5,,,,,,,,7,23,5.8,16,4.5,15.9,4.2,,20.94,12.58,7.04,
2022-21.GS.C2.UYT.36.setA.IB-rep2-IITA-TMS-IBA982101_226_plant_1,2022-21.GS.C2.UYT.36.setA.IB-rep2-IITA-TMS-IBA982101_226,IITA-TMS-IBA982101,226,6,1,2,7,8,1,,,2,1,2,,,,100,,,,140,9,,,,,,,,,9,17,5,12,3.9,13,4.5,,18.11,9.42,,
2022-21.GS.C2.UYT.36.setA.IB-rep2-IITA-TMS-IBA982101_226_plant_2,2022-21.GS.C2.UYT.36.setA.IB-rep2-IITA-TMS-IBA982101_226,IITA-TMS-IBA982101,226,6,1,2,7,8,2,,,1,1,2,,,,95,,,,170,17,,,,,,,,,9,19,5.5,15.2,4.6,17.4,5.7,,22.17,12.8,,
2022-21.GS.C2.UYT.36.setA.IB-rep2-IITA-TMS-IBA982101_226_plant_3,2022-21.GS.C2.UYT.36.setA.IB-rep2-IITA-TMS-IBA982101_226,IITA-TMS-IBA982101,226,6,1,2,7,8,3,,,1,1,3,,,,98,,,,175,14,,,,,,,,,9,18,6,14.3,5,17.6,5.9,,22.27,12.22,,
2022-21.GS.C2.UYT.36.setA.IB-rep2-IITA-TMS-IBA982101_226_plant_4,2022-21.GS.C2.UYT.36.setA.IB-rep2-IITA-TMS-IBA982101_226,IITA-TMS-IBA982101,226,6,1,2,7,8,4,,,2,1,2,,,,92,,,,150,20,,,,,,,,,9,17.5,5.4,15.7,5.6,16,5.2,,22.84,12.76,,
2022-21.GS.C2.UYT.36.setA.IB-rep2-IITA-TMS-IBA982101_226_plant_5,2022-21.GS.C2.UYT.36.setA.IB-rep2-IITA-TMS-IBA982101_226,IITA-TMS-IBA982101,226,6,1,2,7,8,5,,,2,1,3,,,,95,,,,150,14,,,,,,,,,9,15,5.4,14.4,5,16.2,5.3,,18.87,9.14,,
2022-21.GS.C2.UYT.36.setA.IB-rep2-TMS14F1306P0020_227_plant_1,2022-21.GS.C2.UYT.36.setA.IB-rep2-TMS14F1306P0020_227,TMS14F1306P0020,227,6,,2,7,9,1,,,2,1,2,,,,140,,,,175,6,,,,,,,,,9,20.7,5.9,17.9,4.9,19.5,6,,17.12,10.8,,
2022-21.GS.C2.UYT.36.setA.IB-rep2-TMS14F1306P0020_227_plant_2,2022-21.GS.C2.UYT.36.setA.IB-rep2-TMS14F1306P0020_227,TMS14F1306P0020,227,6,,2,7,9,2,,,4,1,2,,,,160,,,,200,6,,,,,,,,,9,20.5,4.4,21.7,5.8,19.5,6,,16.34,10.34,,
2022-21.GS.C2.UYT.36.setA.IB-rep2-TMS14F1306P0020_227_plant_3,2022-21.GS.C2.UYT.36.setA.IB-rep2-TMS14F1306P0020_227,TMS14F1306P0020,227,6,,2,7,9,3,,,2,0,,,,,,,,,165,,,,,,,,,,7,17.5,5.5,20,6,21,5.7,,14.36,,,
2022-21.GS.C2.UYT.36.setA.IB-rep2-TMS14F1306P0020_227_plant_4,2022-21.GS.C2.UYT.36.setA.IB-rep2-TMS14F1306P0020_227,TMS14F1306P0020,227,6,,2,7,9,4,,,3,1,2,,,,110,,,,195,17,,,,,,,,,9,22.5,6,19.1,5.5,17.3,5.4,,24.3,13.21,,
2022-21.GS.C2.UYT.36.setA.IB-rep2-TMS14F1306P0020_227_plant_5,2022-21.GS.C2.UYT.36.setA.IB-rep2-TMS14F1306P0020_227,TMS14F1306P0020,227,6,,2,7,9,5,,,2,0,,,,,,,,,180,,,,,,,,,,9,19,5.4,18,5.1,18.2,5,,15.37,,,
2022-21.GS.C2.UYT.36.setA.IB-rep2-TMS13F1021P0008_228_plant_1,2022-21.GS.C2.UYT.36.setA.IB-rep2-TMS13F1021P0008_228,TMS13F1021P0008,228,6,,2,8,9,1,,,2,1,2,,,,118,,,,175,8,,,,,,,,,7,17.2,5,15.4,4.9,14.5,4.6,,15.15,8.42,,
2022-21.GS.C2.UYT.36.setA.IB-rep2-TMS13F1021P0008_228_plant_2,2022-21.GS.C2.UYT.36.setA.IB-rep2-TMS13F1021P0008_228,TMS13F1021P0008,228,6,,2,8,9,2,,,1,2,3,3,,,90,170,,,210,20,3,,,,,,,,9,25,7.2,17.5,5.5,17.4,4.7,,26.64,12.47,5.33,
2022-21.GS.C2.UYT.36.setA.IB-rep2-TMS13F1021P0008_228_plant_3,2022-21.GS.C2.UYT.36.setA.IB-rep2-TMS13F1021P0008_228,TMS13F1021P0008,228,6,,2,8,9,3,,,1,2,2,3,,,95,175,,,215,21,2,,,,,,,,9,21.4,6.5,16.3,5.1,18.1,5.2,,22.85,12.7,6.41,
2022-21.GS.C2.UYT.36.setA.IB-rep2-TMS13F1021P0008_228_plant_4,2022-21.GS.C2.UYT.36.setA.IB-rep2-TMS13F1021P0008_228,TMS13F1021P0008,228,6,,2,8,9,4,,,2,2,2,2,,,95,185,,,205,21,1,,,,,,,,8,22,6.2,17.1,5.1,16.2,4.5,,24.15,13.5,6.11,
2022-21.GS.C2.UYT.36.setA.IB-rep2-TMS13F1021P0008_228_plant_5,2022-21.GS.C2.UYT.36.setA.IB-rep2-TMS13F1021P0008_228,TMS13F1021P0008,228,6,,2,8,9,5,,,5,2,3,3,,,80,160,,,185,17,2,,,,,,,,7,16.3,4.9,16.3,5,13.1,3.7,,19.38,10.2.,6.44,
2022-21.GS.C2.UYT.36.setA.IB-rep2-TMS14F1310P0004_229_plant_1,2022-21.GS.C2.UYT.36.setA.IB-rep2-TMS14F1310P0004_229,TMS14F1310P0004,229,6,,2,8,8,1,,,3,1,2,,,,100,,,,170,21,,,,,,,,,7,17.5,14.9,16.1,4.2,15.5,14.3,,17.25,9.9,3.45,
2022-21.GS.C2.UYT.36.setA.IB-rep2-TMS14F1310P0004_229_plant_2,2022-21.GS.C2.UYT.36.setA.IB-rep2-TMS14F1310P0004_229,TMS14F1310P0004,229,6,,2,8,8,2,,,2,1,2,,,,130,,,,175,13,,,,,,,,,7,18.3,4.7,14.2,4,13,4.1,,17.01,8.31,,
2022-21.GS.C2.UYT.36.setA.IB-rep2-TMS14F1310P0004_229_plant_3,2022-21.GS.C2.UYT.36.setA.IB-rep2-TMS14F1310P0004_229,TMS14F1310P0004,229,6,,2,8,8,3,,,2,2,2,2,,,110,180,,,200,22,2,,,,,,,,7,20.9,4.9,16.8,4.7,14.7,4.1,,19.57,12.56,5.46,
2022-21.GS.C2.UYT.36.setA.IB-rep2-TMS14F1310P0004_229_plant_4,2022-21.GS.C2.UYT.36.setA.IB-rep2-TMS14F1310P0004_229,TMS14F1310P0004,229,6,,2,8,8,4,,,3,1,2,,,,110,,,,170,21,,,,,,,,,7,15,4.6,14.6,4.7,13.9,3.9,,16.9,9.15,,
2022-21.GS.C2.UYT.36.setA.IB-rep2-TMS14F1310P0004_229_plant_5,2022-21.GS.C2.UYT.36.setA.IB-rep2-TMS14F1310P0004_229,TMS14F1310P0004,229,6,,2,8,8,5,,,2,1,2,,,,90,,,,150,21,,,,,,,,,7,18.4,5,15.3,4.3,15.3,4.4,,17.3,9.29,,
2022-21.GS.C2.UYT.36.setA.IB-rep2-TMEB419_230_plant_1,2022-21.GS.C2.UYT.36.setA.IB-rep2-TMEB419_230,TMEB419,230,6,1,2,8,7,1,,,3,0,,,,,,,,,195,,,,,,,,,,7,22.5,6.4,20,5.7,18.5,5.1,,21.26,,,
2022-21.GS.C2.UYT.36.setA.IB-rep2-TMEB419_230_plant_2,2022-21.GS.C2.UYT.36.setA.IB-rep2-TMEB419_230,TMEB419,230,6,1,2,8,7,2,,,2,0,,,,,,,,,180,,,,,,,,,,7,22,5.9,17.3,5.5,18.3,4.3,,20.49,,,
2022-21.GS.C2.UYT.36.setA.IB-rep2-TMEB419_230_plant_3,2022-21.GS.C2.UYT.36.setA.IB-rep2-TMEB419_230,TMEB419,230,6,1,2,8,7,3,,,2,0,,,,,,,,,150,,,,,,,,,,7,16.2,4.1,17.2,4.5,17.5,4.6,,15.25,,,
2022-21.GS.C2.UYT.36.setA.IB-rep2-TMEB419_230_plant_4,2022-21.GS.C2.UYT.36.setA.IB-rep2-TMEB419_230,TMEB419,230,6,1,2,8,7,4,,,,,,,,,,,,,,,,,,,,,,,,,,,,,,,,,,
2022-21.GS.C2.UYT.36.setA.IB-rep2-TMEB419_230_plant_5,2022-21.GS.C2.UYT.36.setA.IB-rep2-TMEB419_230,TMEB419,230,6,1,2,8,7,5,,,,,,,,,,,,,,,,,,,,,,,,,,,,,,,,,,
2022-21.GS.C2.UYT.36.setA.IB-rep2-TMS14F1195P0005_231_plant_1,2022-21.GS.C2.UYT.36.setA.IB-rep2-TMS14F1195P0005_231,TMS14F1195P0005,231,6,,2,8,6,1,,,2,2,3,3,,,55,120,,,145,18,3,,,,,,,,7,15.5,5.2,15.9,4.3,12.9,4,,21.7,12.56,6.73,
2022-21.GS.C2.UYT.36.setA.IB-rep2-TMS14F1195P0005_231_plant_2,2022-21.GS.C2.UYT.36.setA.IB-rep2-TMS14F1195P0005_231,TMS14F1195P0005,231,6,,2,8,6,2,,,2,2,3,3,,,45,100,,,150,16,6,,,,,,,,9,15.5,5,15,4.3,12,3.4,,20.4,13.07,5.56,
2022-21.GS.C2.UYT.36.setA.IB-rep2-TMS14F1195P0005_231_plant_3,2022-21.GS.C2.UYT.36.setA.IB-rep2-TMS14F1195P0005_231,TMS14F1195P0005,231,6,,2,8,6,3,,,2,2,3,3,,,40,100,,,140,16,9,,,,,,,,9,16,5,15.7,5.4,11,3.9,,19.85,14.71,7.81,
2022-21.GS.C2.UYT.36.setA.IB-rep2-TMS14F1195P0005_231_plant_4,2022-21.GS.C2.UYT.36.setA.IB-rep2-TMS14F1195P0005_231,TMS14F1195P0005,231,6,,2,8,6,4,,,2,2,2,3,,,50,110,,,145,19,5,,,,,,,,9,15.5,4.5,15.7,4.8,13.3,3.9,,18.57,13.51,6.3,
2022-21.GS.C2.UYT.36.setA.IB-rep2-TMS14F1195P0005_231_plant_5,2022-21.GS.C2.UYT.36.setA.IB-rep2-TMS14F1195P0005_231,TMS14F1195P0005,231,6,,2,8,6,5,,,1,2,3,3,,,50,105,,,150,17,9,,,,,,,,9,15.7,5,14.7,4.3,14.4,4.2,,20.45,12.32,6.66,
2022-21.GS.C2.UYT.36.setA.IB-rep2-IITA-TMS-IBA980581_232_plant_1,2022-21.GS.C2.UYT.36.setA.IB-rep2-IITA-TMS-IBA980581_232,IITA-TMS-IBA980581,232,6,1,2,8,5,1,,,,,,,,,,,,,,,,,,,,,,,,,,,,,,,,,,
2022-21.GS.C2.UYT.36.setA.IB-rep2-IITA-TMS-IBA980581_232_plant_2,2022-21.GS.C2.UYT.36.setA.IB-rep2-IITA-TMS-IBA980581_232,IITA-TMS-IBA980581,232,6,1,2,8,5,2,,,3,0,,,,,,,,,135,,,,,,,,,,9,18.2,6.4,18,5.5,15.5,4.9,,19.46,,,
2022-21.GS.C2.UYT.36.setA.IB-rep2-IITA-TMS-IBA980581_232_plant_3,2022-21.GS.C2.UYT.36.setA.IB-rep2-IITA-TMS-IBA980581_232,IITA-TMS-IBA980581,232,6,1,2,8,5,3,,,2,0,,,,,,,,,140,,,,,,,,,,9,19,6.1,18.4,6.2,20.2,6.3,,19.11,,,
2022-21.GS.C2.UYT.36.setA.IB-rep2-IITA-TMS-IBA980581_232_plant_4,2022-21.GS.C2.UYT.36.setA.IB-rep2-IITA-TMS-IBA980581_232,IITA-TMS-IBA980581,232,6,1,2,8,5,4,,,,,,,,,,,,,,,,,,,,,,,,,,,,,,,,,,
2022-21.GS.C2.UYT.36.setA.IB-rep2-IITA-TMS-IBA980581_232_plant_5,2022-21.GS.C2.UYT.36.setA.IB-rep2-IITA-TMS-IBA980581_232,IITA-TMS-IBA980581,232,6,1,2,8,5,5,,,,,,,,,,,,,,,,,,,,,,,,,,,,,,,,,,
2022-21.GS.C2.UYT.36.setA.IB-rep2-TMS14F1035P0007_233_plant_1,2022-21.GS.C2.UYT.36.setA.IB-rep2-TMS14F1035P0007_233,TMS14F1035P0007,233,6,,2,8,4,1,,,1,0,,,,,,,,,120,,,,,,,,,,9,16.1,4.2,14.9,3.8,12.5,3,,14.12,,,
2022-21.GS.C2.UYT.36.setA.IB-rep2-TMS14F1035P0007_233_plant_2,2022-21.GS.C2.UYT.36.setA.IB-rep2-TMS14F1035P0007_233,TMS14F1035P0007,233,6,,2,8,4,2,,,2,0,,,,,,,,,130,,,,,,,,,,9,14.6,4,14.8,3.7,14.6,3.7,,15.48,,,
2022-21.GS.C2.UYT.36.setA.IB-rep2-TMS14F1035P0007_233_plant_3,2022-21.GS.C2.UYT.36.setA.IB-rep2-TMS14F1035P0007_233,TMS14F1035P0007,233,6,,2,8,4,3,,,3,0,,,,,,,,,140,,,,,,,,,,9,14.2,3.9,14.7,4.3,15.5,4.2,,13.44,,,
2022-21.GS.C2.UYT.36.setA.IB-rep2-TMS14F1035P0007_233_plant_4,2022-21.GS.C2.UYT.36.setA.IB-rep2-TMS14F1035P0007_233,TMS14F1035P0007,233,6,,2,8,4,4,,,1,0,,,,,,,,,135,,,,,,,,,,9,16,4.1,17.5,4.5,18,5,,14.11,,,
2022-21.GS.C2.UYT.36.setA.IB-rep2-TMS14F1035P0007_233_plant_5,2022-21.GS.C2.UYT.36.setA.IB-rep2-TMS14F1035P0007_233,TMS14F1035P0007,233,6,,2,8,4,5,,,3,0,,,,,,,,,140,,,,,,,,,,9,17.9,4.5,16.1,4,13.9,3.5,,14.71,,,
2022-21.GS.C2.UYT.36.setA.IB-rep2-TMS14F1285P0017_234_plant_1,2022-21.GS.C2.UYT.36.setA.IB-rep2-TMS14F1285P0017_234,TMS14F1285P0017,234,6,,2,8,3,1,,,2,0,,,,,,,,,110,,,,,,,,,,8,17.5,5.7,14.7,4.7,12.4,3.9,,18.21,,,
2022-21.GS.C2.UYT.36.setA.IB-rep2-TMS14F1285P0017_234_plant_2,2022-21.GS.C2.UYT.36.setA.IB-rep2-TMS14F1285P0017_234,TMS14F1285P0017,234,6,,2,8,3,2,,,2,,,,,,,,,,140,,,,,,,,,,7,17.5,5.5,15.5,5.5,13.8,4.5,,16.51,,,
2022-21.GS.C2.UYT.36.setA.IB-rep2-TMS14F1285P0017_234_plant_3,2022-21.GS.C2.UYT.36.setA.IB-rep2-TMS14F1285P0017_234,TMS14F1285P0017,234,6,,2,8,3,3,,,1,0,,,,,,,,,90,,,,,,,,,,7,14.5,4.6,14.1,4.1,21,3.7,,16.55,,,
2022-21.GS.C2.UYT.36.setA.IB-rep2-TMS14F1285P0017_234_plant_4,2022-21.GS.C2.UYT.36.setA.IB-rep2-TMS14F1285P0017_234,TMS14F1285P0017,234,6,,2,8,3,4,,,2,0,,,,,,,,,95,,,,,,,,,,7,15,4.9,12.9,4.1,12.9,3.9,,13.75,,,
2022-21.GS.C2.UYT.36.setA.IB-rep2-TMS14F1285P0017_234_plant_5,2022-21.GS.C2.UYT.36.setA.IB-rep2-TMS14F1285P0017_234,TMS14F1285P0017,234,6,,2,8,3,5,,,3,0,,,,,,,,,115,,,,,,,,,,7,17,5,14.5,4.7,13.9,4.2,,15.33,,,
2022-21.GS.C2.UYT.36.setA.IB-rep2-IITA-TMS-IBA30572_235_plant_1,2022-21.GS.C2.UYT.36.setA.IB-rep2-IITA-TMS-IBA30572_235,IITA-TMS-IBA30572,235,6,1,2,8,2,1,,,2,1,3,,,,95,,,,130,5,,,,,,,,,8,14.5,3.5,15,3.7,10.9,2.9,,16.7,7.29,,
2022-21.GS.C2.UYT.36.setA.IB-rep2-IITA-TMS-IBA30572_235_plant_2,2022-21.GS.C2.UYT.36.setA.IB-rep2-IITA-TMS-IBA30572_235,IITA-TMS-IBA30572,235,6,1,2,8,2,2,,,2,1,2,,,,85,,,,110,3,,,,,,,,,7,15.5,4.5,12.6,3,13.5,3.2,,12.28,6.06,,
2022-21.GS.C2.UYT.36.setA.IB-rep2-IITA-TMS-IBA30572_235_plant_3,2022-21.GS.C2.UYT.36.setA.IB-rep2-IITA-TMS-IBA30572_235,IITA-TMS-IBA30572,235,6,1,2,8,2,3,,,1,1,4,,,,90,,,,130,11,,,,,,,,,7,12.9,3.9,12.6,3.5,14.1,3.5,,20.21,8.33,,
2022-21.GS.C2.UYT.36.setA.IB-rep2-IITA-TMS-IBA30572_235_plant_4,2022-21.GS.C2.UYT.36.setA.IB-rep2-IITA-TMS-IBA30572_235,IITA-TMS-IBA30572,235,6,1,2,8,2,4,,,2,2,3,3,,,85,145,,,170,17,4,,,,,,,,8,25.7,7,15,4,12,3.3,,24.42,10.59,4.48,
2022-21.GS.C2.UYT.36.setA.IB-rep2-IITA-TMS-IBA30572_235_plant_5,2022-21.GS.C2.UYT.36.setA.IB-rep2-IITA-TMS-IBA30572_235,IITA-TMS-IBA30572,235,6,1,2,8,2,5,,,,,,,,,,,,,,,,,,,,,,,,,,,,,,,,,,
2022-21.GS.C2.UYT.36.setA.IB-rep2-TMS13F2207P0001_236_plant_1,2022-21.GS.C2.UYT.36.setA.IB-rep2-TMS13F2207P0001_236,TMS13F2207P0001,236,6,,2,8,1,1,,,4,1,2,,,,126,,,,160,7,,,,,,,,,7,15.5,4.5,17,4.3,12.5,3.7,,13.63,5.88,,
2022-21.GS.C2.UYT.36.setA.IB-rep2-TMS13F2207P0001_236_plant_2,2022-21.GS.C2.UYT.36.setA.IB-rep2-TMS13F2207P0001_236,TMS13F2207P0001,236,6,,2,8,1,2,,,4,1,2,,,,125,,,,160,8,,,,,,,,,7,17.1,4.5,15.5,3.5,15.5,4.5,,13.23,6.85,,
2022-21.GS.C2.UYT.36.setA.IB-rep2-TMS13F2207P0001_236_plant_3,2022-21.GS.C2.UYT.36.setA.IB-rep2-TMS13F2207P0001_236,TMS13F2207P0001,236,6,,2,8,1,3,,,3,1,2,,,,105,,,,165,18,,,,,,,,,7,18.5,4.5,14.6,4.1,14.9,3.8,,16.95,9,,
2022-21.GS.C2.UYT.36.setA.IB-rep2-TMS13F2207P0001_236_plant_4,2022-21.GS.C2.UYT.36.setA.IB-rep2-TMS13F2207P0001_236,TMS13F2207P0001,236,6,,2,8,1,4,,,3,2,2,3,,,120,165,,,195,20,2,,,,,,,,7,21.6,4.9,17.1,4.6,17,3.5,,22.74,11.74,4.98,
2022-21.GS.C2.UYT.36.setA.IB-rep2-TMS13F2207P0001_236_plant_5,2022-21.GS.C2.UYT.36.setA.IB-rep2-TMS13F2207P0001_236,TMS13F2207P0001,236,6,,2,8,1,5,,,2,2,2,3,,,98,155,,,175,21,2,,,,,,,,7,18.2,4.5,16.5,4,14.5,3.8,,22.46,10.35,4.99,