source,Clone,TRNO,EXCODE,HWAMS,HWAMM,LAIXS,LAIXM,CWAMS,CWAMM
1,IITA-TMS-IBA000070,1,UYAB1901CS,18138,12507,2.6,5,7626,4729
1,IITA-TMS-IBA30572,2,UYAB1901CS,10502,6274,1.2,3,4664,5089
1,IITA-TMS-IBA980581,3,UYAB1901CS,12533,11533,1.4,4,5898,8870
1,IITA-TMS-IBA982101,4,UYAB1901CS,10900,10920,1.2,3,7732,7715
1,TMEB419,5,UYAB1901CS,16490,8916,2.1,3,7027,4370
1,TMS13F1021P0008,6,UYAB1901CS,9472,8067,1.3,4,6681,8115
1,TMS13F1049P0001,7,UYAB1901CS,9151,10512,1.1,1,6257,6135
1,TMS13F1114P0001,8,UYAB1901CS,11186,7759,1.4,4,6155,4427
1,TMS13F1126P0003,9,UYAB1901CS,10502,5977,1.2,3,4664,2427
1,TMS13F1182P0002,10,UYAB1901CS,10650,8533,1.5,5,7744,6000
1,TMS13F1304P0003,11,UYAB1901CS,13295,12525,1.5,2,5463,3740
1,TMS13F1315P0008,12,UYAB1901CS,10502,5640,1.2,2,4664,4323
1,TMS13F1376P0018,13,UYAB1901CS,24142,13900,2.3,NA,11606,4562
1,TMS13F1400P0001,14,UYAB1901CS,11186,7969,1.4,4,6155,4448
1,TMS13F1461P0002,15,UYAB1901CS,11186,7804,1.4,5,6155,6260
1,TMS13F2061P0005,16,UYAB1901CS,11186,4764,1.4,3,6155,3562
1,TMS13F2207P0001,17,UYAB1901CS,18138,11313,2.6,5,7626,7052
1,TMS14F1001P0004,18,UYAB1901CS,13295,5800,1.5,3,5463,3698
1,TMS14F1013P0007,19,UYAB1901CS,10502,11555,1.2,3,4664,6604
1,TMS14F1014P0016,20,UYAB1901CS,11186,8629,1.4,2,6155,4229
1,TMS14F1014P0017,21,UYAB1901CS,11186,9921,1.4,2,6155,4490
1,TMS14F1016P0006,22,UYAB1901CS,13295,8170,1.5,13,5463,3771
1,TMS14F1019P0015,23,UYAB1901CS,10502,9254,1.2,3,4664,3323
1,TMS14F1022P0003,24,UYAB1901CS,10502,8741,1.2,2,4664,3823
1,TMS14F1022P0006,25,UYAB1901CS,10502,4682,1.2,8,4664,2896
1,TMS14F1035P0004,26,UYAB1901CS,13135,9301,1.3,5,4378,3510
1,TMS14F1035P0007,27,UYAB1901CS,13295,7294,1.5,5,5463,4010
1,TMS14F1036P0007,28,UYAB1901CS,18138,10955,2.6,5,7626,5135
1,TMS14F1049P0001,29,UYAB1901CS,10502,5659,1.2,6,4664,2885
1,TMS14F1098P0013,30,UYAB1901CS,10502,11621,1.2,4,4664,5365
1,TMS14F1120P0003,31,UYAB1901CS,7796,9562,1.1,4,7203,9438
1,TMS14F1125P0010,32,UYAB1901CS,11186,8717,1.4,3,6155,4875
1,TMS14F1131P0001,33,UYAB1901CS,8346,8332,0.8,3,4878,3760
1,TMS14F1146P0002,34,UYAB1901CS,16033,11907,1.4,NA,6074,7125
1,TMS14F1159P0003,35,UYAB1901CS,12974,8694,1.4,3,5376,4177
1,TMS14F1194P0002,36,UYAB1901CS,15918,9571,1.4,0,6048,3604
1,TMS14F1195P0004,37,UYAB1901CS,7761,10319,0.8,2,3773,5656
1,TMS14F1195P0005,38,UYAB1901CS,10278,7242,1.2,4,5289,4677
1,TMS14F1196P0003,39,UYAB1901CS,7761,7253,0.8,2,3773,2781
1,TMS14F1208P0007,40,UYAB1901CS,7761,7058,0.8,6,3773,4469
1,TMS14F1223P0007,41,UYAB1901CS,7761,10890,0.8,3,3773,3021
1,TMS14F1224P0004,42,UYAB1901CS,7761,3236,0.8,2,3773,3240
1,TMS14F1262P0002,43,UYAB1901CS,7761,10853,0.8,4,3773,3188
1,TMS14F1278P0003,44,UYAB1901CS,7761,11563,0.8,2,3773,4010
1,TMS14F1285P0006,45,UYAB1901CS,12974,8929,1.4,2,5376,4479
1,TMS14F1285P0017,46,UYAB1901CS,15419,10209,1.4,NA,5943,5635
1,TMS14F1287P0008,47,UYAB1901CS,14165,8607,1.9,7,7077,4125
1,TMS14F1288P0008,48,UYAB1901CS,10660,7132,0.8,1,6525,4479
1,TMS14F1291P0003,49,UYAB1901CS,16033,6426,1.4,0,6074,3281
1,TMS14F1291P0011,50,UYAB1901CS,15549,6336,1.4,0,5967,1479
1,TMS14F1291P0012,51,UYAB1901CS,6402,10386,0.7,6,4544,4094
1,TMS14F1292P0012,52,UYAB1901CS,14453,7727,1.7,3,6080,5083
1,TMS14F1295P0012,53,UYAB1901CS,8649,9976,0.9,1,4784,4531
1,TMS14F1297P0019,54,UYAB1901CS,11060,7873,1.4,4,6109,5177
1,TMS14F1299P0007,55,UYAB1901CS,11060,6009,1.4,4,6109,3583
1,TMS14F1300P0002,56,UYAB1901CS,15792,6889,1.4,0,6023,3094
1,TMS14F1300P0008,57,UYAB1901CS,0,7991,0.6,4,8986,6917
1,TMS14F1301P0004,58,UYAB1901CS,16312,9474,1.4,0,6130,6948
1,TMS14F1301P0013,59,UYAB1901CS,13527,14202,1.5,8,5286,6448
1,TMS14F1303P0012,60,UYAB1901CS,10648,8397,1,8,4452,3510
1,TMS14F1306P0008,61,UYAB1901CS,9311,14532,1,7,4883,6823
1,TMS14F1306P0015,62,UYAB1901CS,17158,6328,2.3,3,7016,6375
1,TMS14F1306P0020,63,UYAB1901CS,9418,10362,0.9,3,5220,6708
1,TMS14F1310P0004,64,UYAB1901CS,9311,6618,1,5,4883,3948
1,TMS14F1310P0015,65,UYAB1901CS,16568,9970,1.4,0,6176,3219
1,TMS14F1311P0002,66,UYAB1901CS,9311,11859,1,5,4883,4583
1,TMS14F1312P0003,67,UYAB1901CS,14614,6853,1.4,4,5795,2438
2,IITA-TMS-IBA000070,1,UYAG1701CS,11977,12289,2.1,5,6375,10122
2,IITA-TMS-IBA30572,2,UYAG1701CS,6430,8911,1,3,3726,13628
2,IITA-TMS-IBA980581,3,UYAG1701CS,7852,8661,1.2,4,4906,8958
2,IITA-TMS-IBA982101,4,UYAG1701CS,7759,8383,1,3,5816,12899
2,TMEB419,5,UYAG1701CS,10620,10763,1.7,3,5855,10451
2,TMS13F1021P0008,6,UYAG1701CS,5452,11479,1.1,4,5503,10694
2,TMS13F1049P0001,7,UYAG1701CS,5379,12337,0.9,1,4922,11910
2,TMS13F1114P0001,8,UYAG1701CS,6582,11248,1.1,4,5081,11146
2,TMS13F1126P0003,9,UYAG1701CS,6430,8748,1,3,3726,6667
2,TMS13F1182P0002,10,UYAG1701CS,6123,10331,1.3,5,6362,10972
2,TMS13F1304P0003,11,UYAG1701CS,7630,13233,1.3,2,4435,9861
2,TMS13F1315P0008,12,UYAG1701CS,6430,12053,1,2,3726,11042
2,TMS13F1376P0018,13,UYAG1701CS,20169,9262,1.5,0,8102,6667
2,TMS13F1400P0001,14,UYAG1701CS,6582,11812,1.1,4,5081,14583
2,TMS13F1461P0002,15,UYAG1701CS,6582,11475,1.1,5,5081,13854
2,TMS13F2061P0005,16,UYAG1701CS,6582,7866,1.1,3,5081,10868
2,TMS13F2207P0001,17,UYAG1701CS,11977,12267,2.1,5,6375,11736
2,TMS14F1001P0004,18,UYAG1701CS,7630,13704,1.3,3,4435,12500
2,TMS14F1013P0007,19,UYAG1701CS,6430,12788,1,3,3726,11944
2,TMS14F1014P0016,20,UYAG1701CS,6582,10673,1.1,2,5081,11424
2,TMS14F1014P0017,21,UYAG1701CS,6582,6625,1.1,2,5081,11250
2,TMS14F1016P0006,22,UYAG1701CS,7630,15349,1.3,13,4435,10938
2,TMS14F1019P0015,23,UYAG1701CS,6430,10550,1,3,3726,10903
2,TMS14F1022P0003,24,UYAG1701CS,6430,13062,1,2,3726,10208
2,TMS14F1022P0006,25,UYAG1701CS,6430,11593,1,8,3726,9896
2,TMS14F1035P0004,26,UYAG1701CS,8628,12298,1.1,5,3502,8542
2,TMS14F1035P0007,27,UYAG1701CS,7630,11206,1.3,5,4435,9132
2,TMS14F1036P0007,28,UYAG1701CS,11977,13686,2.1,5,6375,11111
2,TMS14F1049P0001,29,UYAG1701CS,6430,9120,1,6,3726,11076
2,TMS14F1098P0013,30,UYAG1701CS,6430,10933,1,4,3726,9306
2,TMS14F1120P0003,31,UYAG1701CS,4437,10382,1,4,5811,12188
2,TMS14F1125P0010,32,UYAG1701CS,6582,10775,1.1,3,5081,12188
2,TMS14F1131P0001,33,UYAG1701CS,4354,13267,0.7,3,3854,14132
2,TMS14F1146P0002,34,UYAG1701CS,9753,10259,1.2,NA,4840,8993
2,TMS14F1159P0003,35,UYAG1701CS,7788,13033,1.2,3,4350,9479
2,TMS14F1194P0002,36,UYAG1701CS,9672,11853,1.2,NA,4824,11389
2,TMS14F1195P0004,37,UYAG1701CS,4567,7794,0.7,2,2920,6875
2,TMS14F1195P0005,38,UYAG1701CS,6226,9328,1,4,4383,12222
2,TMS14F1196P0003,39,UYAG1701CS,4567,13712,0.7,2,2920,11250
2,TMS14F1208P0007,40,UYAG1701CS,4567,9819,0.7,6,2920,9896
2,TMS14F1223P0007,41,UYAG1701CS,4567,11489,0.7,3,2920,7326
2,TMS14F1224P0004,42,UYAG1701CS,4567,12467,0.7,2,2920,10312
2,TMS14F1262P0002,43,UYAG1701CS,4567,11750,0.7,4,2920,13438
2,TMS14F1278P0003,44,UYAG1701CS,4567,7475,0.7,2,2920,12049
2,TMS14F1285P0006,45,UYAG1701CS,7788,10586,1.2,2,4350,10764
2,TMS14F1285P0017,46,UYAG1701CS,9340,12114,1.2,NA,4757,8090
2,TMS14F1287P0008,47,UYAG1701CS,8531,10767,1.6,7,5701,9514
2,TMS14F1288P0008,48,UYAG1701CS,7529,8968,0.6,1,5340,8819
2,TMS14F1291P0003,49,UYAG1701CS,9753,10833,1.2,NA,4840,12222
2,TMS14F1291P0011,50,UYAG1701CS,9423,9412,1.2,0,4774,9757
2,TMS14F1291P0012,51,UYAG1701CS,3858,13144,0.6,6,3480,11389
2,TMS14F1292P0012,52,UYAG1701CS,8418,7752,1.4,3,4967,12986
2,TMS14F1295P0012,53,UYAG1701CS,5252,9759,0.8,1,3792,8958
2,TMS14F1297P0019,54,UYAG1701CS,6418,11493,1.2,4,5072,13889
2,TMS14F1299P0007,55,UYAG1701CS,6418,11677,1.2,4,5072,11944
2,TMS14F1300P0002,56,UYAG1701CS,9589,16638,1.2,NA,4807,14271
2,TMS14F1300P0008,57,UYAG1701CS,1,12724,0.3,4,4032,12118
2,TMS14F1301P0004,58,UYAG1701CS,9935,12222,1.2,NA,4877,17951
2,TMS14F1301P0013,59,UYAG1701CS,8634,13891,1.3,8,4255,12257
2,TMS14F1303P0012,60,UYAG1701CS,7121,13397,0.9,8,3485,14062
2,TMS14F1306P0008,61,UYAG1701CS,5371,13775,0.8,7,3776,12014
2,TMS14F1306P0015,62,UYAG1701CS,11133,14854,1.9,3,5710,11458
2,TMS14F1306P0020,63,UYAG1701CS,6365,11533,0.8,3,3855,12535
2,TMS14F1310P0004,64,UYAG1701CS,5371,12931,0.8,5,3776,10729
2,TMS14F1310P0015,65,UYAG1701CS,10023,14556,1.2,NA,4895,10104
2,TMS14F1311P0002,66,UYAG1701CS,5371,8939,0.8,5,3776,11493
2,TMS14F1312P0003,67,UYAG1701CS,9176,8899,1.2,4,4704,13229
3,IITA-TMS-IBA000070,1,UYAG1801CS,21853,10693,2.6,5,7719,11823
3,IITA-TMS-IBA30572,2,UYAG1801CS,12601,8251,1.2,3,4653,8594
3,IITA-TMS-IBA980581,3,UYAG1801CS,15153,8259,1.4,4,5930,11892
3,IITA-TMS-IBA982101,4,UYAG1801CS,15047,6680,1.2,3,7544,9948
3,TMEB419,5,UYAG1801CS,20091,8603,2,3,7132,8941
3,TMS13F1021P0008,6,UYAG1801CS,11844,7875,1.3,4,6582,12743
3,TMS13F1049P0001,7,UYAG1801CS,11588,9826,1.1,1,6102,8021
3,TMS13F1114P0001,8,UYAG1801CS,13739,6304,1.4,4,6144,12500
3,TMS13F1126P0003,9,UYAG1801CS,12601,11825,1.2,3,4653,10833
3,TMS13F1182P0002,10,UYAG1801CS,13507,11944,1.5,5,7633,16111
3,TMS13F1304P0003,11,UYAG1801CS,15587,8654,1.5,2,5490,15347
3,TMS13F1315P0008,12,UYAG1801CS,12601,8824,1.2,2,4653,9201
3,TMS13F1376P0018,13,UYAG1801CS,32210,8353,2.3,NA,11491,17500
3,TMS13F1400P0001,14,UYAG1801CS,13739,9093,1.4,4,6144,8507
3,TMS13F1461P0002,15,UYAG1801CS,13739,10395,1.4,5,6144,9931
3,TMS13F2061P0005,16,UYAG1801CS,13739,7032,1.4,3,6144,13993
3,TMS13F2207P0001,17,UYAG1801CS,21853,12502,2.6,5,7719,12847
3,TMS14F1001P0004,18,UYAG1801CS,15587,7088,1.5,3,5490,10382
3,TMS14F1013P0007,19,UYAG1801CS,12601,8908,1.2,3,4653,9757
3,TMS14F1014P0016,20,UYAG1801CS,13739,9461,1.4,2,6144,9826
3,TMS14F1014P0017,21,UYAG1801CS,13739,10043,1.4,2,6144,6146
3,TMS14F1016P0006,22,UYAG1801CS,15587,10836,1.5,13,5490,12361
3,TMS14F1019P0015,23,UYAG1801CS,12601,8386,1.2,3,4653,8819
3,TMS14F1022P0003,24,UYAG1801CS,12601,11411,1.2,2,4653,10590
3,TMS14F1022P0006,25,UYAG1801CS,12601,10508,1.2,8,4653,8924
3,TMS14F1035P0004,26,UYAG1801CS,15304,14228,1.3,5,4408,8750
3,TMS14F1035P0007,27,UYAG1801CS,15587,10374,1.5,5,5490,8889
3,TMS14F1036P0007,28,UYAG1801CS,21853,12897,2.6,5,7719,11667
3,TMS14F1049P0001,29,UYAG1801CS,12601,8347,1.2,6,4653,10382
3,TMS14F1098P0013,30,UYAG1801CS,12601,11653,1.2,4,4653,10694
3,TMS14F1120P0003,31,UYAG1801CS,10275,4927,1.1,4,7021,12500
3,TMS14F1125P0010,32,UYAG1801CS,13739,5822,1.4,3,6144,11736
3,TMS14F1131P0001,33,UYAG1801CS,10321,8708,0.8,3,4794,11181
3,TMS14F1146P0002,34,UYAG1801CS,19435,11944,1.4,NA,6161,10104
3,TMS14F1159P0003,35,UYAG1801CS,15460,8519,1.4,3,5403,9861
3,TMS14F1194P0002,36,UYAG1801CS,19303,10500,1.4,NA,6130,10347
3,TMS14F1195P0004,37,UYAG1801CS,9336,6875,0.8,2,3696,7326
3,TMS14F1195P0005,38,UYAG1801CS,12486,6667,1.2,4,5292,9931
3,TMS14F1196P0003,39,UYAG1801CS,9336,5622,0.8,2,3696,9340
3,TMS14F1208P0007,40,UYAG1801CS,9336,8662,0.8,6,3696,8785
3,TMS14F1223P0007,41,UYAG1801CS,9336,10206,0.8,3,3696,9514
3,TMS14F1224P0004,42,UYAG1801CS,9336,8215,0.8,2,3696,10312
3,TMS14F1262P0002,43,UYAG1801CS,9336,9889,0.8,4,3696,14236
3,TMS14F1278P0003,44,UYAG1801CS,9336,11138,0.8,2,3696,11806
3,TMS14F1285P0006,45,UYAG1801CS,15460,12467,1.4,2,5403,9340
3,TMS14F1285P0017,46,UYAG1801CS,18580,10643,1.4,NA,6018,10417
3,TMS14F1287P0008,47,UYAG1801CS,16737,7879,1.9,7,6997,11562
3,TMS14F1288P0008,48,UYAG1801CS,12711,6927,0.8,1,6363,6250
3,TMS14F1291P0003,49,UYAG1801CS,19435,8065,1.4,NA,6161,11458
3,TMS14F1291P0011,50,UYAG1801CS,18721,11158,1.4,NA,6046,8368
3,TMS14F1291P0012,51,UYAG1801CS,8238,7656,0.7,6,4395,10312
3,TMS14F1292P0012,52,UYAG1801CS,17065,9179,1.7,3,6124,8194
3,TMS14F1295P0012,53,UYAG1801CS,10884,8282,0.9,1,4734,12986
3,TMS14F1297P0019,54,UYAG1801CS,13553,7521,1.4,4,6111,14132
3,TMS14F1299P0007,55,UYAG1801CS,13553,12852,1.4,4,6111,10417
3,TMS14F1300P0002,56,UYAG1801CS,19128,12125,1.4,NA,6104,8958
3,TMS14F1300P0008,57,UYAG1801CS,7,6211,0.7,4,12011,9826
3,TMS14F1301P0004,58,UYAG1801CS,19773,9939,1.4,0,6217,9028
3,TMS14F1301P0013,59,UYAG1801CS,16211,7282,1.5,8,5322,10972
3,TMS14F1303P0012,60,UYAG1801CS,12858,8290,1,8,4426,14444
3,TMS14F1306P0008,61,UYAG1801CS,11336,10372,1,7,4778,9514
3,TMS14F1306P0015,62,UYAG1801CS,20458,8628,2.3,3,7044,11806
3,TMS14F1306P0020,63,UYAG1801CS,11946,7726,0.9,3,5062,9132
3,TMS14F1310P0004,64,UYAG1801CS,11336,9068,1,5,4778,12153
3,TMS14F1310P0015,65,UYAG1801CS,19949,8242,1.4,NA,6248,13438
3,TMS14F1311P0002,66,UYAG1801CS,11336,6414,1,5,4778,11667
3,TMS14F1312P0003,67,UYAG1801CS,17620,6558,1.4,4,5861,13958
4,IITA-TMS-IBA000070,1,UYAG1901CS,23891,18991,2.6,5,7928,9734
4,IITA-TMS-IBA30572,2,UYAG1901CS,14031,9713,1.1,3,4805,11260
4,IITA-TMS-IBA980581,3,UYAG1901CS,16781,10746,1.4,4,6099,14229
4,IITA-TMS-IBA982101,4,UYAG1901CS,16372,12451,1.2,3,7881,14052
4,TMEB419,5,UYAG1901CS,21512,12410,2,3,7278,14292
4,TMS13F1021P0008,6,UYAG1901CS,13372,16682,1.3,4,6748,18021
4,TMS13F1049P0001,7,UYAG1901CS,12910,13065,1.1,1,6285,18083
4,TMS13F1114P0001,8,UYAG1901CS,14828,13610,1.3,4,6264,9719
4,TMS13F1126P0003,9,UYAG1901CS,14031,12585,1.1,3,4805,8990
4,TMS13F1182P0002,10,UYAG1901CS,14990,17438,1.5,5,7808,14990
4,TMS13F1304P0003,11,UYAG1901CS,17226,20973,1.5,2,5657,13708
4,TMS13F1315P0008,12,UYAG1901CS,14031,13276,1.1,2,4805,10781
4,TMS13F1376P0018,13,UYAG1901CS,33094,18165,2.2,NA,11726,7000
4,TMS13F1400P0001,14,UYAG1901CS,14828,13024,1.3,4,6264,12802
4,TMS13F1461P0002,15,UYAG1901CS,14828,13776,1.3,5,6264,14438
4,TMS13F2061P0005,16,UYAG1901CS,14828,14419,1.3,3,6264,13719
4,TMS13F2207P0001,17,UYAG1901CS,23891,14849,2.6,5,7928,11635
4,TMS14F1001P0004,18,UYAG1901CS,17226,17138,1.5,3,5657,12479
4,TMS14F1013P0007,19,UYAG1901CS,14031,15987,1.1,3,4805,13219
4,TMS14F1014P0016,20,UYAG1901CS,14828,11592,1.3,2,6264,8417
4,TMS14F1014P0017,21,UYAG1901CS,14828,13345,1.3,2,6264,12500
4,TMS14F1016P0006,22,UYAG1901CS,17226,13427,1.5,13,5657,11458
4,TMS14F1019P0015,23,UYAG1901CS,14031,11002,1.1,3,4805,10813
4,TMS14F1022P0003,24,UYAG1901CS,14031,15411,1.1,2,4805,9708
4,TMS14F1022P0006,25,UYAG1901CS,14031,15874,1.1,8,4805,10031
4,TMS14F1035P0004,26,UYAG1901CS,17714,14998,1.3,5,4652,4875
4,TMS14F1035P0007,27,UYAG1901CS,17226,11024,1.5,5,5657,8781
4,TMS14F1036P0007,28,UYAG1901CS,23891,18794,2.6,5,7928,13479
4,TMS14F1049P0001,29,UYAG1901CS,14031,12027,1.1,6,4805,8802
4,TMS14F1098P0013,30,UYAG1901CS,14031,11154,1.1,4,4805,10552
4,TMS14F1120P0003,31,UYAG1901CS,11674,8021,1.1,4,7200,13802
4,TMS14F1125P0010,32,UYAG1901CS,14828,14401,1.3,3,6264,10073
4,TMS14F1131P0001,33,UYAG1901CS,10913,14609,0.8,3,4886,9406
4,TMS14F1146P0002,34,UYAG1901CS,20886,9640,1.4,NA,6328,10271
4,TMS14F1159P0003,35,UYAG1901CS,17222,16744,1.4,3,5584,14000
4,TMS14F1194P0002,36,UYAG1901CS,20789,15153,1.4,NA,6307,10333
4,TMS14F1195P0004,37,UYAG1901CS,10202,18252,0.8,2,3793,13125
4,TMS14F1195P0005,38,UYAG1901CS,13862,13425,1.2,4,5434,8771
4,TMS14F1196P0003,39,UYAG1901CS,10202,10366,0.8,2,3793,6698
4,TMS14F1208P0007,40,UYAG1901CS,10202,16267,0.8,6,3793,12646
4,TMS14F1223P0007,41,UYAG1901CS,10202,13773,0.8,3,3793,6448
4,TMS14F1224P0004,42,UYAG1901CS,10202,11968,0.8,2,3793,7167
4,TMS14F1262P0002,43,UYAG1901CS,10202,14109,0.8,4,3793,10906
4,TMS14F1278P0003,44,UYAG1901CS,10202,10443,0.8,2,3793,NA
4,TMS14F1285P0006,45,UYAG1901CS,17222,13002,1.4,2,5584,7333
4,TMS14F1285P0017,46,UYAG1901CS,20165,18921,1.4,NA,6192,7521
4,TMS14F1287P0008,47,UYAG1901CS,18731,16684,1.8,7,7196,12500
4,TMS14F1288P0008,48,UYAG1901CS,14033,9488,0.8,1,6516,8167
4,TMS14F1291P0003,49,UYAG1901CS,20886,13624,1.4,NA,6328,6854
4,TMS14F1291P0011,50,UYAG1901CS,20293,15991,1.4,NA,6218,8604
4,TMS14F1291P0012,51,UYAG1901CS,9003,16839,0.7,6,4526,16396
4,TMS14F1292P0012,52,UYAG1901CS,18960,11752,1.7,3,6317,19125
4,TMS14F1295P0012,53,UYAG1901CS,11687,14670,0.9,1,4860,9594
4,TMS14F1297P0019,54,UYAG1901CS,14961,14444,1.3,4,6258,11781
4,TMS14F1299P0007,55,UYAG1901CS,14961,12199,1.3,4,6258,10781
4,TMS14F1300P0002,56,UYAG1901CS,20653,13643,1.4,NA,6285,11000
4,TMS14F1300P0008,57,UYAG1901CS,15,16798,0.7,4,14714,16781
4,TMS14F1301P0004,58,UYAG1901CS,21184,16850,1.4,NA,6389,13344
4,TMS14F1301P0013,59,UYAG1901CS,17784,17724,1.5,8,5494,9292
4,TMS14F1303P0012,60,UYAG1901CS,14540,13654,1,8,4642,14771
4,TMS14F1306P0008,61,UYAG1901CS,12609,13454,1,7,4932,13312
4,TMS14F1306P0015,62,UYAG1901CS,22832,16788,2.2,3,7290,10719
4,TMS14F1306P0020,63,UYAG1901CS,13164,11279,0.9,3,5309,8292
4,TMS14F1310P0004,64,UYAG1901CS,12609,12511,1,5,4932,7854
4,TMS14F1310P0015,65,UYAG1901CS,21282,13801,1.4,NA,6408,5104
4,TMS14F1311P0002,66,UYAG1901CS,12609,15266,1,5,4932,11667
4,TMS14F1312P0003,67,UYAG1901CS,19305,12932,1.4,4,6048,15990
5,IITA-TMS-IBA000070,1,UYIB1701CS,11634,15661,2,5,6733,6194
5,IITA-TMS-IBA30572,2,UYIB1701CS,5891,13582,0.9,3,3977,9806
5,IITA-TMS-IBA980581,3,UYIB1701CS,7621,13842,1.2,4,5203,8542
5,IITA-TMS-IBA982101,4,UYIB1701CS,8653,7992,1,3,6496,10153
5,TMEB419,5,UYIB1701CS,10955,11333,1.6,3,6250,8542
5,TMS13F1021P0008,6,UYIB1701CS,4702,19392,1,4,5886,9375
5,TMS13F1114P0001,7,UYIB1701CS,6237,18939,1.1,4,5409,14028
5,TMS13F1182P0002,8,UYIB1701CS,5599,15216,1.2,5,6833,9375
5,TMS13F1461P0002,9,UYIB1701CS,6237,16884,1.1,5,5409,10833
5,TMS13F2061P0005,10,UYIB1701CS,6237,15958,1.1,3,5409,10431
5,TMS13F2207P0001,11,UYIB1701CS,11634,19782,2,5,6733,8778
5,TMS14F1001P0004,12,UYIB1701CS,7595,12904,1.2,3,4728,7778
5,TMS14F1016P0006,13,UYIB1701CS,7595,12059,1.2,13,4728,5972
5,TMS14F1022P0006,14,UYIB1701CS,5891,12197,0.9,8,3977,5792
5,TMS14F1035P0004,15,UYIB1701CS,8085,17063,1.1,5,3704,5417
5,TMS14F1035P0007,16,UYIB1701CS,7595,16536,1.2,5,4728,5403
5,TMS14F1036P0007,17,UYIB1701CS,11634,18896,2,5,6733,11042
5,TMS14F1049P0001,18,UYIB1701CS,5891,14606,0.9,6,3977,7778
5,TMS14F1120P0003,19,UYIB1701CS,3838,6331,0.9,4,6300,8889
5,TMS14F1194P0002,20,UYIB1701CS,10773,11147,1.1,NA,5307,11458
5,TMS14F1195P0005,21,UYIB1701CS,5489,15680,1,4,4617,9819
5,TMS14F1223P0007,22,UYIB1701CS,4104,16931,0.7,3,3155,3778
5,TMS14F1262P0002,23,UYIB1701CS,4104,11345,0.7,4,3155,9792
5,TMS14F1285P0017,24,UYIB1701CS,10096,12776,1.1,NA,5194,5014
5,TMS14F1291P0011,25,UYIB1701CS,10279,13975,1.1,NA,5224,4375
5,TMS14F1297P0019,26,UYIB1701CS,5975,5417,1.1,4,5381,5875
5,TMS14F1300P0008,27,UYIB1701CS,1,16404,0.3,4,3226,12083
5,TMS14F1303P0012,28,UYIB1701CS,6940,14280,0.8,8,3746,8875
5,TMS14F1306P0015,29,UYIB1701CS,10772,12645,1.8,3,6094,8306
5,TMS14F1306P0020,30,UYIB1701CS,6506,17831,0.8,3,4271,8556
5,TMS14F1310P0004,31,UYIB1701CS,5255,11087,0.8,5,4134,4514
5,TMS14F1311P0002,32,UYIB1701CS,5255,11535,0.8,5,4134,8819
5,TMS14F1312P0003,33,UYIB1701CS,9470,17394,1.1,4,5066,7958
6,IITA-TMS-IBA000070,1,UYIB1801CS,12747,19598,2.3,5,6841,6726
6,IITA-TMS-IBA30572,2,UYIB1801CS,6560,13945,1,3,4042,9823
6,IITA-TMS-IBA980581,3,UYIB1801CS,8332,13473,1.3,4,5267,8441
6,IITA-TMS-IBA982101,4,UYIB1801CS,8884,12288,1,3,6486,9094
6,TMEB419,5,UYIB1801CS,11846,9208,1.8,3,6335,7983
6,TMS13F1021P0008,6,UYIB1801CS,5326,20129,1.2,4,5935,7826
6,TMS13F1049P0001,7,UYIB1801CS,5708,13441,1,1,5428,6681
6,TMS13F1114P0001,8,UYIB1801CS,7126,15432,1.2,4,5496,8326
6,TMS13F1182P0002,9,UYIB1801CS,6460,14316,1.3,5,6913,9674
6,TMS13F1304P0003,10,UYIB1801CS,8463,19750,1.3,2,4806,6167
6,TMS13F1315P0008,11,UYIB1801CS,6560,15883,1,2,4042,9514
6,TMS13F1376P0018,12,UYIB1801CS,26630,19474,1.5,NA,9756,4625
6,TMS13F1400P0001,13,UYIB1801CS,7126,10535,1.2,4,5496,8514
6,TMS13F1461P0002,14,UYIB1801CS,7126,9234,1.2,5,5496,5264
6,TMS13F2061P0005,15,UYIB1801CS,7126,12111,1.2,3,5496,8090
6,TMS13F2207P0001,16,UYIB1801CS,12747,20434,2.3,5,6841,9271
6,TMS14F1001P0004,17,UYIB1801CS,8463,19194,1.3,3,4806,8361
6,TMS14F1013P0007,18,UYIB1801CS,6560,13330,1,3,4042,6590
6,TMS14F1016P0006,19,UYIB1801CS,8463,24604,1.3,13,4806,8194
6,TMS14F1019P0015,20,UYIB1801CS,6560,18476,1,3,4042,7507
6,TMS14F1022P0003,21,UYIB1801CS,6560,17503,1,2,4042,5660
6,TMS14F1022P0006,22,UYIB1801CS,6560,22827,1,8,4042,7590
6,TMS14F1035P0004,23,UYIB1801CS,8353,20330,1.2,5,3727,5917
6,TMS14F1035P0007,24,UYIB1801CS,8463,20441,1.3,5,4806,6868
6,TMS14F1036P0007,25,UYIB1801CS,12747,22640,2.3,5,6841,11278
6,TMS14F1049P0001,26,UYIB1801CS,6560,14082,1,6,4042,7576
6,TMS14F1120P0003,27,UYIB1801CS,4382,12946,1,4,6358,7007
6,TMS14F1125P0010,28,UYIB1801CS,7126,17841,1.2,3,5496,7368
6,TMS14F1146P0002,29,UYIB1801CS,11235,16711,1.2,NA,5356,6208
6,TMS14F1159P0003,30,UYIB1801CS,8183,11622,1.2,3,4695,6312
6,TMS14F1194P0002,31,UYIB1801CS,11073,10323,1.2,NA,5329,7611
6,TMS14F1195P0004,32,UYIB1801CS,4664,10860,0.7,2,3208,7188
6,TMS14F1195P0005,33,UYIB1801CS,6029,16551,1.1,4,4667,6819
6,TMS14F1223P0007,34,UYIB1801CS,4664,18802,0.7,3,3208,4861
6,TMS14F1262P0002,35,UYIB1801CS,4664,18393,0.7,4,3208,7785
6,TMS14F1278P0003,36,UYIB1801CS,4664,14786,0.7,2,3208,5507
6,TMS14F1285P0017,37,UYIB1801CS,10410,17392,1.2,NA,5218,4604
6,TMS14F1287P0008,38,UYIB1801CS,8562,17799,1.7,7,6172,9417
6,TMS14F1288P0008,39,UYIB1801CS,8988,13304,0.7,1,5982,9865
6,TMS14F1291P0003,40,UYIB1801CS,11235,18923,1.2,NA,5356,5806
6,TMS14F1291P0011,41,UYIB1801CS,10577,5791,1.2,0,5246,2698
6,TMS14F1291P0012,42,UYIB1801CS,4066,14898,0.6,6,3869,5458
6,TMS14F1295P0012,43,UYIB1801CS,6064,16071,0.8,1,4186,7792
6,TMS14F1297P0019,44,UYIB1801CS,6676,9452,1.2,4,5446,7618
6,TMS14F1299P0007,45,UYIB1801CS,6676,13983,1.2,4,5446,9160
6,TMS14F1300P0002,46,UYIB1801CS,10908,15890,1.2,NA,5301,8219
6,TMS14F1300P0008,47,UYIB1801CS,1,15678,0.4,4,4123,9097
6,TMS14F1301P0004,48,UYIB1801CS,11558,17950,1.2,NA,5410,8944
6,TMS14F1301P0013,49,UYIB1801CS,8950,16455,1.3,8,4586,7646
6,TMS14F1303P0012,50,UYIB1801CS,7446,16499,0.9,8,3798,9042
6,TMS14F1306P0008,51,UYIB1801CS,5720,14478,0.9,7,4174,8427
6,TMS14F1306P0015,52,UYIB1801CS,11244,19343,2,3,6135,8875
6,TMS14F1306P0020,53,UYIB1801CS,6744,16770,0.8,3,4283,8583
6,TMS14F1310P0004,54,UYIB1801CS,5720,15842,0.9,5,4174,5514
6,TMS14F1310P0015,55,UYIB1801CS,11717,19443,1.2,NA,5437,7521
6,TMS14F1311P0002,56,UYIB1801CS,5720,18289,0.9,5,4174,9243
6,TMS14F1312P0003,57,UYIB1801CS,9849,17622,1.2,4,5099,7229
7,IITA-TMS-IBA000070,1,UYIB1901CS,23730,10594,2.6,5,7713,6203
7,IITA-TMS-IBA30572,2,UYIB1901CS,14100,5542,1.2,3,4648,6526
7,IITA-TMS-IBA980581,3,UYIB1901CS,16727,9403,1.4,4,5928,10750
7,IITA-TMS-IBA982101,4,UYIB1901CS,16209,6354,1.2,3,7559,9750
7,TMEB419,5,UYIB1901CS,21171,8395,2,3,7060,8286
7,TMS13F1021P0008,6,UYIB1901CS,13394,6990,1.3,4,6502,7542
7,TMS13F1049P0001,7,UYIB1901CS,12894,4127,1.1,1,6033,4000
7,TMS13F1114P0001,8,UYIB1901CS,14705,9634,1.3,4,6065,6479
7,TMS13F1126P0003,9,UYIB1901CS,14100,5852,1.2,3,4648,3708
7,TMS13F1182P0002,10,UYIB1901CS,15033,8842,1.5,5,7532,6604
7,TMS13F1304P0003,11,UYIB1901CS,16939,9367,1.5,2,5489,9042
7,TMS13F1315P0008,12,UYIB1901CS,14100,9611,1.2,2,4648,14010
7,TMS13F1376P0018,13,UYIB1901CS,30716,9116,2.1,0,10875,4167
7,TMS13F1400P0001,14,UYIB1901CS,14705,6642,1.3,4,6065,8750
7,TMS13F1461P0002,15,UYIB1901CS,14705,7763,1.3,5,6065,7594
7,TMS13F2061P0005,16,UYIB1901CS,14705,7934,1.3,3,6065,7500
7,TMS13F2207P0001,17,UYIB1901CS,23730,8186,2.6,5,7713,9625
7,TMS14F1001P0004,18,UYIB1901CS,16939,9135,1.5,3,5489,7063
7,TMS14F1013P0007,19,UYIB1901CS,14100,6900,1.2,3,4648,5583
7,TMS14F1014P0016,20,UYIB1901CS,14705,11528,1.3,2,6065,9375
7,TMS14F1014P0017,21,UYIB1901CS,14705,9123,1.3,2,6065,8375
7,TMS14F1016P0006,22,UYIB1901CS,16939,8075,1.5,13,5489,6833
7,TMS14F1019P0015,23,UYIB1901CS,14100,5059,1.2,3,4648,4865
7,TMS14F1022P0003,24,UYIB1901CS,14100,11799,1.2,2,4648,8062
7,TMS14F1022P0006,25,UYIB1901CS,14100,8631,1.2,8,4648,5094
7,TMS14F1035P0004,26,UYIB1901CS,17839,11789,1.3,5,4527,5958
7,TMS14F1035P0007,27,UYIB1901CS,16939,8289,1.5,5,5489,4719
7,TMS14F1036P0007,28,UYIB1901CS,23730,11750,2.6,5,7713,8438
7,TMS14F1049P0001,29,UYIB1901CS,14100,5750,1.2,6,4648,6948
7,TMS14F1098P0013,30,UYIB1901CS,14100,13556,1.2,4,4648,6625
7,TMS14F1120P0003,31,UYIB1901CS,11872,6533,1.1,4,6918,8865
7,TMS14F1125P0010,32,UYIB1901CS,14705,10161,1.3,3,6065,5875
7,TMS14F1131P0001,33,UYIB1901CS,10384,8463,0.8,3,4661,5021
7,TMS14F1146P0002,34,UYIB1901CS,19967,6071,1.4,0,6079,3625
7,TMS14F1159P0003,35,UYIB1901CS,17010,12483,1.4,3,5410,9979
7,TMS14F1194P0002,36,UYIB1901CS,19877,8727,1.4,0,6055,9031
7,TMS14F1195P0004,37,UYIB1901CS,10187,9446,0.8,2,3632,8771
7,TMS14F1195P0005,38,UYIB1901CS,13974,8413,1.2,4,5284,7552
7,TMS14F1196P0003,39,UYIB1901CS,10187,10014,0.8,2,3632,4562
7,TMS14F1208P0007,40,UYIB1901CS,10187,9311,0.8,6,3632,7854
7,TMS14F1223P0007,41,UYIB1901CS,10187,10530,0.8,3,3632,5396
7,TMS14F1262P0002,42,UYIB1901CS,10187,12587,0.8,4,3632,8250
7,TMS14F1278P0003,43,UYIB1901CS,10187,8371,0.8,2,3632,5510
7,TMS14F1285P0006,44,UYIB1901CS,17010,10397,1.4,2,5410,6125
7,TMS14F1285P0017,45,UYIB1901CS,19383,7439,1.4,0,5945,5844
7,TMS14F1287P0008,46,UYIB1901CS,18791,13343,1.9,7,6953,9260
7,TMS14F1288P0008,47,UYIB1901CS,13059,4668,0.8,1,6083,8812
7,TMS14F1291P0003,48,UYIB1901CS,19967,3729,1.4,0,6079,3792
7,TMS14F1291P0011,49,UYIB1901CS,19589,7678,1.4,0,5994,5719
7,TMS14F1291P0012,50,UYIB1901CS,8938,7871,0.7,6,4305,7688
7,TMS14F1292P0012,51,UYIB1901CS,18531,7440,1.7,3,6118,3979
7,TMS14F1295P0012,52,UYIB1901CS,11389,11089,0.9,1,4659,8115
7,TMS14F1297P0019,53,UYIB1901CS,14956,3812,1.3,4,6077,8562
7,TMS14F1299P0007,54,UYIB1901CS,14956,10045,1.3,4,6077,6573
7,TMS14F1300P0002,55,UYIB1901CS,19778,8047,1.4,0,6037,6719
7,TMS14F1300P0008,56,UYIB1901CS,19,11321,0.7,4,14266,11125
7,TMS14F1301P0004,57,UYIB1901CS,20184,10298,1.4,NA,6124,7104
7,TMS14F1301P0013,58,UYIB1901CS,17875,10223,1.5,8,5342,7448
7,TMS14F1303P0012,59,UYIB1901CS,14650,9121,1,8,4499,7979
7,TMS14F1306P0008,60,UYIB1901CS,12438,5865,1,7,4723,7094
7,TMS14F1306P0015,61,UYIB1901CS,22922,8488,2.3,3,7074,8083
7,TMS14F1306P0020,62,UYIB1901CS,12988,8737,0.9,3,5048,8146
7,TMS14F1310P0004,63,UYIB1901CS,12438,6646,1,5,4723,4219
7,TMS14F1310P0015,64,UYIB1901CS,20200,8580,1.4,0,6134,5844
7,TMS14F1311P0002,65,UYIB1901CS,12438,8632,1,5,4723,6812
7,TMS14F1312P0003,66,UYIB1901CS,19057,8801,1.4,4,5864,5292
8,IITA-TMS-IBA000070,1,UYIK1701CS,14341,13302,2.2,5,7019,7812
8,IITA-TMS-IBA30572,2,UYIK1701CS,7368,9645,1,3,4161,8681
8,IITA-TMS-IBA980581,3,UYIK1701CS,9464,9302,1.3,4,5397,6111
8,IITA-TMS-IBA982101,4,UYIK1701CS,10259,9319,1,3,6712,8125
8,TMEB419,5,UYIK1701CS,13223,9350,1.8,3,6483,7292
8,TMS13F1021P0008,6,UYIK1701CS,6401,12969,1.1,4,6094,9549
8,TMS13F1049P0001,7,UYIK1701CS,6764,NA,0.9,1,5591,NA
8,TMS13F1114P0001,8,UYIK1701CS,8003,7656,1.2,4,5608,7812
8,TMS13F1126P0003,9,UYIK1701CS,7368,NA,1,3,4161,NA
8,TMS13F1182P0002,10,UYIK1701CS,7515,9623,1.3,5,7071,8333
8,TMS13F1304P0003,11,UYIK1701CS,9514,NA,1.3,2,4928,NA
8,TMS13F1315P0008,12,UYIK1701CS,7368,NA,1,2,4161,NA
8,TMS13F1376P0018,13,UYIK1701CS,27373,NA,1.5,NA,9465,NA
8,TMS13F1400P0001,14,UYIK1701CS,8003,NA,1.2,4,5608,NA
8,TMS13F1461P0002,15,UYIK1701CS,8003,12589,1.2,5,5608,10069
8,TMS13F2061P0005,16,UYIK1701CS,8003,12142,1.2,3,5608,7812
8,TMS13F2207P0001,17,UYIK1701CS,14341,12067,2.2,5,7019,9514
8,TMS14F1001P0004,18,UYIK1701CS,9514,13023,1.3,3,4928,7465
8,TMS14F1013P0007,19,UYIK1701CS,7368,NA,1,3,4161,NA
8,TMS14F1014P0016,20,UYIK1701CS,8003,NA,1.2,2,5608,NA
8,TMS14F1014P0017,21,UYIK1701CS,8003,NA,1.2,2,5608,NA
8,TMS14F1016P0006,22,UYIK1701CS,9514,13842,1.3,13,4928,6458
8,TMS14F1019P0015,23,UYIK1701CS,7368,NA,1,3,4161,NA
8,TMS14F1022P0003,24,UYIK1701CS,7368,NA,1,2,4161,NA
8,TMS14F1022P0006,25,UYIK1701CS,7368,13724,1,8,4161,7188
8,TMS14F1035P0004,26,UYIK1701CS,9916,14428,1.1,5,3914,5347
8,TMS14F1035P0007,27,UYIK1701CS,9514,8689,1.3,5,4928,5799
8,TMS14F1036P0007,28,UYIK1701CS,14341,14861,2.2,5,7019,9132
8,TMS14F1049P0001,29,UYIK1701CS,7368,8405,1,6,4161,5590
8,TMS14F1098P0013,30,UYIK1701CS,7368,NA,1,4,4161,NA
8,TMS14F1120P0003,31,UYIK1701CS,5425,5505,1,4,6534,9375
8,TMS14F1125P0010,32,UYIK1701CS,8003,NA,1.2,3,5608,NA
8,TMS14F1131P0001,33,UYIK1701CS,6087,10301,0.7,3,4365,3819
8,TMS14F1146P0002,34,UYIK1701CS,13380,NA,1.3,NA,5569,NA
8,TMS14F1159P0003,35,UYIK1701CS,9504,NA,1.3,3,4850,NA
8,TMS14F1194P0002,36,UYIK1701CS,13204,13380,1.3,NA,5542,7604
8,TMS14F1195P0004,37,UYIK1701CS,5205,NA,0.7,2,3291,NA
8,TMS14F1195P0005,38,UYIK1701CS,7138,12712,1.1,4,4805,9028
8,TMS14F1196P0003,39,UYIK1701CS,5205,NA,0.7,2,3291,NA
8,TMS14F1208P0007,40,UYIK1701CS,5205,10433,0.7,6,3291,3993
8,TMS14F1223P0007,41,UYIK1701CS,5205,12435,0.7,3,3291,4965
8,TMS14F1224P0004,42,UYIK1701CS,5205,15638,0.7,2,3291,7222
8,TMS14F1262P0002,43,UYIK1701CS,5205,13382,0.7,4,3291,7917
8,TMS14F1278P0003,44,UYIK1701CS,5205,NA,0.7,2,3291,NA
8,TMS14F1285P0006,45,UYIK1701CS,9504,NA,1.3,2,4850,NA
8,TMS14F1285P0017,46,UYIK1701CS,12472,10938,1.3,NA,5429,4931
8,TMS14F1287P0008,47,UYIK1701CS,9831,NA,1.6,7,6348,NA
8,TMS14F1288P0008,48,UYIK1701CS,10380,NA,0.6,1,6181,NA
8,TMS14F1291P0003,49,UYIK1701CS,13380,NA,1.3,NA,5569,NA
8,TMS14F1291P0011,50,UYIK1701CS,12654,12982,1.3,NA,5456,4271
8,TMS14F1291P0012,51,UYIK1701CS,4604,NA,0.6,6,3946,NA
8,TMS14F1292P0012,52,UYIK1701CS,10312,NA,1.5,3,5491,NA
8,TMS14F1295P0012,53,UYIK1701CS,6523,NA,0.8,1,4262,NA
8,TMS14F1297P0019,54,UYIK1701CS,7735,9642,1.2,4,5577,7396
8,TMS14F1299P0007,55,UYIK1701CS,7735,NA,1.2,4,5577,NA
8,TMS14F1300P0002,56,UYIK1701CS,13015,NA,1.3,NA,5512,NA
8,TMS14F1300P0008,57,UYIK1701CS,1,10278,0.4,4,5299,10069
8,TMS14F1301P0004,58,UYIK1701CS,13729,NA,1.3,NA,5623,NA
8,TMS14F1301P0013,59,UYIK1701CS,10196,NA,1.3,8,4739,NA
8,TMS14F1303P0012,60,UYIK1701CS,8385,12290,0.9,8,3922,11215
8,TMS14F1306P0008,61,UYIK1701CS,6688,NA,0.9,7,4318,NA
8,TMS14F1306P0015,62,UYIK1701CS,13196,12603,1.9,3,6378,7917
8,TMS14F1306P0020,63,UYIK1701CS,7674,12339,0.8,3,4423,8194
8,TMS14F1310P0004,64,UYIK1701CS,6688,13128,0.9,5,4318,6424
8,TMS14F1310P0015,65,UYIK1701CS,13902,NA,1.3,NA,5650,NA
8,TMS14F1311P0002,66,UYIK1701CS,6688,7488,0.9,5,4318,8924
8,TMS14F1312P0003,67,UYIK1701CS,11740,10306,1.3,4,5299,9097
9,IITA-TMS-IBA000070,1,UYIK1801CS,21859,8592,2.5,5,7724,7049
9,IITA-TMS-IBA30572,2,UYIK1801CS,12454,5876,1.1,3,4644,6476
9,IITA-TMS-IBA980581,3,UYIK1801CS,15026,7869,1.4,4,5915,8021
9,IITA-TMS-IBA982101,4,UYIK1801CS,15082,5607,1.1,3,7474,7396
9,TMEB419,5,UYIK1801CS,19992,5861,2,3,7119,6684
9,TMS13F1021P0008,6,UYIK1801CS,11781,7925,1.2,4,6587,6042
9,TMS13F1049P0001,7,UYIK1801CS,11494,4006,1,1,6077,6250
9,TMS13F1114P0001,8,UYIK1801CS,13449,4400,1.3,4,6114,5660
9,TMS13F1126P0003,9,UYIK1801CS,12454,3739,1.1,3,4644,6250
9,TMS13F1182P0002,10,UYIK1801CS,13369,5688,1.5,5,7623,8646
9,TMS13F1304P0003,11,UYIK1801CS,15463,3453,1.4,2,5480,6875
9,TMS13F1315P0008,12,UYIK1801CS,12454,3427,1.1,2,4644,4931
9,TMS13F1376P0018,13,UYIK1801CS,32894,2781,2.1,0,11112,9618
9,TMS13F1400P0001,14,UYIK1801CS,13449,5135,1.3,4,6114,3507
9,TMS13F1461P0002,15,UYIK1801CS,13449,4215,1.3,5,6114,6771
9,TMS13F2061P0005,16,UYIK1801CS,13449,3889,1.3,3,6114,5000
9,TMS13F2207P0001,17,UYIK1801CS,21859,7814,2.5,5,7724,6319
9,TMS14F1001P0004,18,UYIK1801CS,15463,7219,1.4,3,5480,6528
9,TMS14F1013P0007,19,UYIK1801CS,12454,4941,1.1,3,4644,7639
9,TMS14F1014P0016,20,UYIK1801CS,13449,4983,1.3,2,6114,3819
9,TMS14F1014P0017,21,UYIK1801CS,13449,4033,1.3,2,6114,5625
9,TMS14F1016P0006,22,UYIK1801CS,15463,4297,1.4,13,5480,3472
9,TMS14F1019P0015,23,UYIK1801CS,12454,4109,1.1,3,4644,5451
9,TMS14F1022P0003,24,UYIK1801CS,12454,3595,1.1,2,4644,6806
9,TMS14F1022P0006,25,UYIK1801CS,12454,4419,1.1,8,4644,3125
9,TMS14F1035P0004,26,UYIK1801CS,15489,6623,1.3,5,4434,3299
9,TMS14F1035P0007,27,UYIK1801CS,15463,5908,1.4,5,5480,4618
9,TMS14F1036P0007,28,UYIK1801CS,21859,8551,2.5,5,7724,6250
9,TMS14F1049P0001,29,UYIK1801CS,12454,4961,1.1,6,4644,5625
9,TMS14F1098P0013,30,UYIK1801CS,12454,6283,1.1,4,4644,7222
9,TMS14F1120P0003,31,UYIK1801CS,10268,4409,1.1,4,7015,6840
9,TMS14F1125P0010,32,UYIK1801CS,13449,4073,1.3,3,6114,7847
9,TMS14F1131P0001,33,UYIK1801CS,10137,7333,0.8,3,4762,3542
9,TMS14F1146P0002,34,UYIK1801CS,19498,3753,1.4,0,6145,5069
9,TMS14F1159P0003,35,UYIK1801CS,15316,3970,1.4,3,5391,5660
9,TMS14F1194P0002,36,UYIK1801CS,19334,6165,1.4,0,6119,4722
9,TMS14F1195P0004,37,UYIK1801CS,9271,3264,0.8,2,3693,5625
9,TMS14F1195P0005,38,UYIK1801CS,12297,7439,1.2,4,5279,4965
9,TMS14F1196P0003,39,UYIK1801CS,9271,2812,0.8,2,3693,6181
9,TMS14F1208P0007,40,UYIK1801CS,9271,5716,0.8,6,3693,4965
9,TMS14F1223P0007,41,UYIK1801CS,9271,6286,0.8,3,3693,3819
9,TMS14F1224P0004,42,UYIK1801CS,9271,4560,0.8,2,3693,3993
9,TMS14F1262P0002,43,UYIK1801CS,9271,8247,0.8,4,3693,4792
9,TMS14F1278P0003,44,UYIK1801CS,9271,2486,0.8,2,3693,5764
9,TMS14F1285P0006,45,UYIK1801CS,15316,4757,1.4,2,5391,6215
9,TMS14F1285P0017,46,UYIK1801CS,18572,8594,1.4,0,6002,4722
9,TMS14F1287P0008,47,UYIK1801CS,16710,6694,1.8,7,7005,7812
9,TMS14F1288P0008,48,UYIK1801CS,12968,2688,0.8,1,6379,3750
9,TMS14F1291P0003,49,UYIK1801CS,19498,3090,1.4,0,6145,6389
9,TMS14F1291P0011,50,UYIK1801CS,18736,5147,1.4,0,6030,3229
9,TMS14F1291P0012,51,UYIK1801CS,8158,4538,0.7,6,4365,7743
9,TMS14F1292P0012,52,UYIK1801CS,16834,6875,1.6,3,6102,8750
9,TMS14F1295P0012,53,UYIK1801CS,10620,4193,0.9,1,4690,5868
9,TMS14F1297P0019,54,UYIK1801CS,13421,5438,1.3,4,6101,7361
9,TMS14F1299P0007,55,UYIK1801CS,13421,5260,1.3,4,6101,8576
9,TMS14F1300P0002,56,UYIK1801CS,19092,5172,1.4,0,6084,4896
9,TMS14F1300P0008,57,UYIK1801CS,7,5875,0.7,4,12185,6562
9,TMS14F1301P0004,58,UYIK1801CS,19758,6632,1.4,0,6188,8160
9,TMS14F1301P0013,59,UYIK1801CS,16009,5536,1.5,8,5302,7257
9,TMS14F1303P0012,60,UYIK1801CS,12973,6265,1,8,4421,6493
9,TMS14F1306P0008,61,UYIK1801CS,11207,5444,0.9,7,4762,6458
9,TMS14F1306P0015,62,UYIK1801CS,20422,8993,2.2,3,7052,7812
9,TMS14F1306P0020,63,UYIK1801CS,11875,7687,0.9,3,5015,6736
9,TMS14F1310P0004,64,UYIK1801CS,11207,4867,0.9,5,4762,4722
9,TMS14F1310P0015,65,UYIK1801CS,20032,4184,1.4,0,6228,7153
9,TMS14F1311P0002,66,UYIK1801CS,11207,6698,0.9,5,4762,5833
9,TMS14F1312P0003,67,UYIK1801CS,17738,6541,1.4,4,5864,6181
10,IITA-TMS-IBA000070,1,UYIK1901CS,23236,17732,2.5,5,7965,14635
10,IITA-TMS-IBA30572,2,UYIK1901CS,13169,9587,1.1,3,4801,16328
10,IITA-TMS-IBA980581,3,UYIK1901CS,15962,13494,1.4,4,6098,16901
10,IITA-TMS-IBA982101,4,UYIK1901CS,15878,12538,1.1,3,7930,19125
10,TMEB419,5,UYIK1901CS,20834,14040,2,3,7301,15729
10,TMS13F1021P0008,6,UYIK1901CS,12339,10998,1.2,4,6763,12667
10,TMS13F1049P0001,7,UYIK1901CS,12177,10896,1,1,6321,15240
10,TMS13F1114P0001,8,UYIK1901CS,14131,9189,1.3,4,6287,14135
10,TMS13F1126P0003,9,UYIK1901CS,13169,14529,1.1,3,4801,15260
10,TMS13F1182P0002,10,UYIK1901CS,14001,9945,1.4,5,7843,22875
10,TMS13F1304P0003,11,UYIK1901CS,16500,22500,1.4,2,5658,16562
10,TMS13F1315P0008,12,UYIK1901CS,13169,10467,1.1,2,4801,16208
10,TMS13F1376P0018,13,UYIK1901CS,33736,20306,1.9,NA,11526,13510
10,TMS13F1400P0001,14,UYIK1901CS,14131,9124,1.3,4,6287,15844
10,TMS13F1461P0002,15,UYIK1901CS,14131,12305,1.3,5,6287,18250
10,TMS13F2061P0005,16,UYIK1901CS,14131,9470,1.3,3,6287,17604
10,TMS13F2207P0001,17,UYIK1901CS,23236,14417,2.5,5,7965,12938
10,TMS14F1001P0004,18,UYIK1901CS,16500,12462,1.4,3,5658,17042
10,TMS14F1013P0007,19,UYIK1901CS,13169,13963,1.1,3,4801,20740
10,TMS14F1014P0016,20,UYIK1901CS,14131,7933,1.3,2,6287,18635
10,TMS14F1014P0017,21,UYIK1901CS,14131,12565,1.3,2,6287,22208
10,TMS14F1016P0006,22,UYIK1901CS,16500,12251,1.4,13,5658,13167
10,TMS14F1019P0015,23,UYIK1901CS,13169,9023,1.1,3,4801,12615
10,TMS14F1022P0003,24,UYIK1901CS,13169,18079,1.1,2,4801,15490
10,TMS14F1022P0006,25,UYIK1901CS,13169,12260,1.1,8,4801,15344
10,TMS14F1035P0004,26,UYIK1901CS,16818,15511,1.2,5,4631,9917
10,TMS14F1035P0007,27,UYIK1901CS,16500,14823,1.4,5,5658,14417
10,TMS14F1036P0007,28,UYIK1901CS,23236,21210,2.5,5,7965,21156
10,TMS14F1049P0001,29,UYIK1901CS,13169,11236,1.1,6,4801,17844
10,TMS14F1098P0013,30,UYIK1901CS,13169,8262,1.1,4,4801,13615
10,TMS14F1120P0003,31,UYIK1901CS,10892,5172,1.1,4,7261,24344
10,TMS14F1125P0010,32,UYIK1901CS,14131,14392,1.3,3,6287,14729
10,TMS14F1131P0001,33,UYIK1901CS,10442,18655,0.8,3,4903,16333
10,TMS14F1146P0002,34,UYIK1901CS,20447,11128,1.3,NA,6339,13802
10,TMS14F1159P0003,35,UYIK1901CS,16314,15063,1.4,3,5570,15719
10,TMS14F1194P0002,36,UYIK1901CS,20279,10931,1.3,NA,6306,14042
10,TMS14F1195P0004,37,UYIK1901CS,9701,14100,0.8,2,3826,41198
10,TMS14F1195P0005,38,UYIK1901CS,13096,12718,1.1,4,5441,18000
10,TMS14F1196P0003,39,UYIK1901CS,9701,14175,0.8,2,3826,16167
10,TMS14F1208P0007,40,UYIK1901CS,9701,15382,0.8,6,3826,12469
10,TMS14F1223P0007,41,UYIK1901CS,9701,13558,0.8,3,3826,12583
10,TMS14F1224P0004,42,UYIK1901CS,9701,11915,0.8,2,3826,9302
10,TMS14F1262P0002,43,UYIK1901CS,9701,14505,0.8,4,3826,15688
10,TMS14F1278P0003,44,UYIK1901CS,9701,13983,0.8,2,3826,14802
10,TMS14F1285P0006,45,UYIK1901CS,16314,17355,1.4,2,5570,16323
10,TMS14F1285P0017,46,UYIK1901CS,19585,19085,1.3,NA,6191,11542
10,TMS14F1287P0008,47,UYIK1901CS,17923,16497,1.8,7,7250,15594
10,TMS14F1288P0008,48,UYIK1901CS,14400,6484,0.8,1,6688,5729
10,TMS14F1291P0003,49,UYIK1901CS,20447,16887,1.3,NA,6339,11458
10,TMS14F1291P0011,50,UYIK1901CS,19779,14628,1.3,NA,6220,10281
10,TMS14F1291P0012,51,UYIK1901CS,8555,13887,0.7,6,4559,13625
10,TMS14F1292P0012,52,UYIK1901CS,18144,9926,1.6,3,6314,19198
10,TMS14F1295P0012,53,UYIK1901CS,10991,14246,0.9,1,4855,13385
10,TMS14F1297P0019,54,UYIK1901CS,14143,14079,1.3,4,6266,20021
10,TMS14F1299P0007,55,UYIK1901CS,14143,14422,1.3,4,6266,18469
10,TMS14F1300P0002,56,UYIK1901CS,20046,13643,1.3,NA,6274,17260
10,TMS14F1300P0008,57,UYIK1901CS,8,10248,0.7,4,13827,17229
10,TMS14F1301P0004,58,UYIK1901CS,20670,17278,1.3,NA,6374,20552
10,TMS14F1301P0013,59,UYIK1901CS,16870,15587,1.4,8,5479,11677
10,TMS14F1303P0012,60,UYIK1901CS,13871,12946,0.9,8,4643,19104
10,TMS14F1306P0008,61,UYIK1901CS,11933,12388,0.9,7,4954,10771
10,TMS14F1306P0015,62,UYIK1901CS,21794,16268,2.1,3,7303,16604
10,TMS14F1306P0020,63,UYIK1901CS,12761,19672,0.9,3,5330,16750
10,TMS14F1310P0004,64,UYIK1901CS,11933,12884,0.9,5,4954,19073
10,TMS14F1310P0015,65,UYIK1901CS,20976,17480,1.3,NA,6423,14458
10,TMS14F1311P0002,66,UYIK1901CS,11933,12030,0.9,5,4954,15094
10,TMS14F1312P0003,67,UYIK1901CS,18680,10312,1.3,4,6047,19125
11,IITA-TMS-IBA000070,1,UYKA1801CS,7634,4143,2.4,5,6146,5955
11,IITA-TMS-IBA30572,2,UYKA1801CS,4222,2872,1.1,3,3661,5174
11,IITA-TMS-IBA980581,3,UYKA1801CS,4610,5439,1.3,4,4751,8455
11,IITA-TMS-IBA982101,4,UYKA1801CS,2861,5262,1.1,3,6036,7396
11,TMEB419,5,UYKA1801CS,6704,5941,1.9,3,5661,7500
11,TMS13F1021P0008,6,UYKA1801CS,2881,4001,1.2,4,5450,9340
11,TMS13F1049P0001,7,UYKA1801CS,2736,5168,1,1,4957,7569
11,TMS13F1114P0001,8,UYKA1801CS,4074,8072,1.2,4,5023,9062
11,TMS13F1126P0003,9,UYKA1801CS,4222,4252,1.1,3,3661,5990
11,TMS13F1182P0002,10,UYKA1801CS,3309,5537,1.4,5,6358,10903
11,TMS13F1304P0003,11,UYKA1801CS,5467,6304,1.4,2,4370,5069
11,TMS13F1315P0008,12,UYKA1801CS,4222,2752,1.1,2,3661,6181
11,TMS13F1376P0018,13,UYKA1801CS,7933,5836,1.8,0,8102,4549
11,TMS13F1400P0001,14,UYKA1801CS,4074,5135,1.2,4,5023,8958
11,TMS13F1461P0002,15,UYKA1801CS,4074,6651,1.2,5,5023,8160
11,TMS13F2061P0005,16,UYKA1801CS,4074,8758,1.2,3,5023,7986
11,TMS13F2207P0001,17,UYKA1801CS,7634,5552,2.4,5,6146,8854
11,TMS14F1001P0004,18,UYKA1801CS,5467,5007,1.4,3,4370,9792
11,TMS14F1013P0007,19,UYKA1801CS,4222,4608,1.1,3,3661,7326
11,TMS14F1014P0016,20,UYKA1801CS,4074,5678,1.2,2,5023,6285
11,TMS14F1014P0017,21,UYKA1801CS,4074,5472,1.2,2,5023,8472
11,TMS14F1016P0006,22,UYKA1801CS,5467,6234,1.4,13,4370,7188
11,TMS14F1019P0015,23,UYKA1801CS,4222,3756,1.1,3,3661,6111
11,TMS14F1022P0003,24,UYKA1801CS,4222,2854,1.1,2,3661,5139
11,TMS14F1022P0006,25,UYKA1801CS,4222,3094,1.1,8,3661,3927
11,TMS14F1035P0004,26,UYKA1801CS,5260,5175,1.2,5,3258,4944
11,TMS14F1035P0007,27,UYKA1801CS,5467,6730,1.4,5,4370,5868
11,TMS14F1036P0007,28,UYKA1801CS,7634,5049,2.4,5,6146,7861
11,TMS14F1049P0001,29,UYKA1801CS,4222,5224,1.1,6,3661,6597
11,TMS14F1098P0013,30,UYKA1801CS,4222,2532,1.1,4,3661,5660
11,TMS14F1120P0003,31,UYKA1801CS,1477,2714,1.1,4,5832,5278
11,TMS14F1125P0010,32,UYKA1801CS,4074,4116,1.2,3,5023,4725
11,TMS14F1131P0001,33,UYKA1801CS,2940,2060,0.8,3,3917,4444
11,TMS14F1146P0002,34,UYKA1801CS,5576,2939,1.3,0,4638,4236
11,TMS14F1159P0003,35,UYKA1801CS,5173,6629,1.3,3,4239,7014
11,TMS14F1194P0002,36,UYKA1801CS,5546,4594,1.3,0,4627,3924
11,TMS14F1195P0004,37,UYKA1801CS,3203,2060,0.8,2,2918,5000
11,TMS14F1195P0005,38,UYKA1801CS,3678,7352,1.1,4,4278,9271
11,TMS14F1196P0003,39,UYKA1801CS,3203,5490,0.8,2,2918,6910
11,TMS14F1208P0007,40,UYKA1801CS,3203,4041,0.8,6,2918,6181
11,TMS14F1223P0007,41,UYKA1801CS,3203,5304,0.8,3,2918,5972
11,TMS14F1224P0004,42,UYKA1801CS,3203,3720,0.8,2,2918,8125
11,TMS14F1262P0002,43,UYKA1801CS,3203,7062,0.8,4,2918,9375
11,TMS14F1278P0003,44,UYKA1801CS,3203,4301,0.8,2,2918,5417
11,TMS14F1285P0006,45,UYKA1801CS,5173,4136,1.3,2,4239,5069
11,TMS14F1285P0017,46,UYKA1801CS,5391,3500,1.3,0,4558,4375
11,TMS14F1287P0008,47,UYKA1801CS,5179,4424,1.7,7,5547,5035
11,TMS14F1288P0008,48,UYKA1801CS,2377,6681,0.7,1,4945,3958
11,TMS14F1291P0003,49,UYKA1801CS,5576,4527,1.3,0,4638,5486
11,TMS14F1291P0011,50,UYKA1801CS,5425,3821,1.3,0,4572,5243
11,TMS14F1291P0012,51,UYKA1801CS,1882,3299,0.7,6,3574,4618
11,TMS14F1292P0012,52,UYKA1801CS,5845,5513,1.6,3,4880,8125
11,TMS14F1295P0012,53,UYKA1801CS,3188,3580,0.9,1,3840,10694
11,TMS14F1297P0019,54,UYKA1801CS,3849,4270,1.3,4,4997,6875
11,TMS14F1299P0007,55,UYKA1801CS,3849,4777,1.3,4,4997,8507
11,TMS14F1300P0002,56,UYKA1801CS,5508,3396,1.3,0,4610,6111
11,TMS14F1300P0008,57,UYKA1801CS,0,4047,0.5,4,3386,8229
11,TMS14F1301P0004,58,UYKA1801CS,5659,4877,1.3,0,4676,7743
11,TMS14F1301P0013,59,UYKA1801CS,5665,3713,1.4,8,4123,6493
11,TMS14F1303P0012,60,UYKA1801CS,3986,4057,0.9,8,3405,6562
11,TMS14F1306P0008,61,UYKA1801CS,3358,3985,0.9,7,3771,7604
11,TMS14F1306P0015,62,UYKA1801CS,7173,5339,2.1,3,5506,10104
11,TMS14F1306P0020,63,UYKA1801CS,3045,9313,0.9,3,3920,10139
11,TMS14F1310P0004,64,UYKA1801CS,3358,5997,0.9,5,3771,7882
11,TMS14F1310P0015,65,UYKA1801CS,5690,6781,1.3,0,4689,7639
11,TMS14F1311P0002,66,UYKA1801CS,3358,2294,0.9,5,3771,4236
11,TMS14F1312P0003,67,UYKA1801CS,5188,1716,1.3,4,4484,3924
12,IITA-TMS-IBA000070,1,UYMO1701CS,4779,16797,2.1,5,6176,9049
12,IITA-TMS-IBA30572,2,UYMO1701CS,2215,10704,0.9,3,3706,15417
12,IITA-TMS-IBA980581,3,UYMO1701CS,2890,12369,1.2,4,4829,17681
12,IITA-TMS-IBA982101,4,UYMO1701CS,3349,7444,1,3,6086,13708
12,TMEB419,5,UYMO1701CS,4845,15972,1.7,3,5753,11660
12,TMS13F1021P0008,6,UYMO1701CS,490,8531,1.1,4,5597,11639
12,TMS13F1049P0001,7,UYMO1701CS,1165,7800,0.9,1,5104,11889
12,TMS13F1114P0001,8,UYMO1701CS,1972,10079,1.1,4,5095,11611
12,TMS13F1182P0002,9,UYMO1701CS,918,15094,1.3,5,6521,10639
12,TMS13F1304P0003,10,UYMO1701CS,3080,18686,1.3,2,4363,8569
12,TMS13F1315P0008,11,UYMO1701CS,2215,8925,0.9,2,3706,19611
12,TMS13F1376P0018,12,UYMO1701CS,13213,17788,1.4,NA,7923,8361
12,TMS13F1400P0001,13,UYMO1701CS,1972,5785,1.1,4,5095,14403
12,TMS13F1461P0002,14,UYMO1701CS,1972,10067,1.1,5,5095,15312
12,TMS13F2061P0005,15,UYMO1701CS,1972,12299,1.1,3,5095,13542
12,TMS13F2207P0001,16,UYMO1701CS,4779,12450,2.1,5,6176,12639
12,TMS14F1001P0004,17,UYMO1701CS,3080,6765,1.3,3,4363,6181
12,TMS14F1013P0007,18,UYMO1701CS,2215,12743,0.9,3,3706,12431
12,TMS14F1014P0016,19,UYMO1701CS,1972,13458,1.1,2,5095,13625
12,TMS14F1016P0006,20,UYMO1701CS,3080,15886,1.3,13,4363,12486
12,TMS14F1019P0015,21,UYMO1701CS,2215,12242,0.9,3,3706,13347
12,TMS14F1022P0003,22,UYMO1701CS,2215,11321,0.9,2,3706,12458
12,TMS14F1022P0006,23,UYMO1701CS,2215,15653,0.9,8,3706,11597
12,TMS14F1035P0004,24,UYMO1701CS,3455,17833,1.1,5,3312,12292
12,TMS14F1035P0007,25,UYMO1701CS,3080,16348,1.3,5,4363,10708
12,TMS14F1036P0007,26,UYMO1701CS,4779,14760,2.1,5,6176,11361
12,TMS14F1049P0001,27,UYMO1701CS,2215,10861,0.9,6,3706,9938
12,TMS14F1098P0013,28,UYMO1701CS,2215,8925,0.9,4,3706,10208
12,TMS14F1120P0003,29,UYMO1701CS,6,7229,0.9,4,5118,11986
12,TMS14F1125P0010,30,UYMO1701CS,1972,13474,1.1,3,5095,16750
12,TMS14F1131P0001,31,UYMO1701CS,1744,4995,0.7,3,3999,5986
12,TMS14F1146P0002,32,UYMO1701CS,5312,6269,1.2,NA,4825,15000
12,TMS14F1159P0003,33,UYMO1701CS,3045,10811,1.2,3,4281,8569
12,TMS14F1194P0002,34,UYMO1701CS,5184,9669,1.2,0,4803,6222
12,TMS14F1195P0004,35,UYMO1701CS,1451,7333,0.7,2,2973,8903
12,TMS14F1195P0005,36,UYMO1701CS,1548,9142,1,4,4323,9986
12,TMS14F1196P0003,37,UYMO1701CS,1451,11194,0.7,2,2973,14028
12,TMS14F1208P0007,38,UYMO1701CS,1451,8812,0.7,6,2973,9861
12,TMS14F1223P0007,39,UYMO1701CS,1451,13914,0.7,3,2973,12153
12,TMS14F1224P0004,40,UYMO1701CS,1451,13576,0.7,2,2973,15972
12,TMS14F1262P0002,41,UYMO1701CS,1451,18812,0.7,4,2973,13611
12,TMS14F1278P0003,42,UYMO1701CS,1451,13181,0.7,2,2973,11667
12,TMS14F1285P0017,43,UYMO1701CS,4651,14627,1.2,NA,4712,11236
12,TMS14F1287P0008,44,UYMO1701CS,2281,16594,1.5,7,5677,9167
12,TMS14F1291P0003,45,UYMO1701CS,5312,17010,1.2,NA,4825,8542
12,TMS14F1291P0011,46,UYMO1701CS,4786,15027,1.2,NA,4734,10410
12,TMS14F1291P0012,47,UYMO1701CS,727,12417,0.6,6,3606,12431
12,TMS14F1292P0012,48,UYMO1701CS,3283,8110,1.4,3,4877,11667
12,TMS14F1295P0012,49,UYMO1701CS,1969,9434,0.8,1,3865,9444
12,TMS14F1297P0019,50,UYMO1701CS,1633,17569,1.1,4,5061,13312
12,TMS14F1299P0007,51,UYMO1701CS,1633,10811,1.1,4,5061,14931
12,TMS14F1300P0002,52,UYMO1701CS,5055,9065,1.2,0,4780,7889
12,TMS14F1300P0008,53,UYMO1701CS,0,7721,0.2,4,1430,14340
12,TMS14F1301P0004,54,UYMO1701CS,5538,12262,1.2,NA,4864,17361
12,TMS14F1301P0013,55,UYMO1701CS,3571,13097,1.2,8,4144,14111
12,TMS14F1303P0012,56,UYMO1701CS,3204,18230,0.8,8,3448,16875
12,TMS14F1306P0008,57,UYMO1701CS,1645,12415,0.8,7,3862,11194
12,TMS14F1306P0015,58,UYMO1701CS,4446,7042,1.9,3,5594,8694
12,TMS14F1306P0020,59,UYMO1701CS,2583,13027,0.8,3,3943,13750
12,TMS14F1310P0004,60,UYMO1701CS,1645,7542,0.8,5,3862,7250
12,TMS14F1310P0015,61,UYMO1701CS,5662,19906,1.2,NA,4886,11111
12,TMS14F1311P0002,62,UYMO1701CS,1645,10968,0.8,5,3862,10833
12,TMS14F1312P0003,63,UYMO1701CS,4251,12708,1.2,4,4621,10986
13,IITA-TMS-IBA000070,1,UYMO1801CS,15378,10789,2.5,5,7083,12240
13,IITA-TMS-IBA30572,2,UYMO1801CS,9188,6129,1.1,3,4318,9885
13,IITA-TMS-IBA980581,3,UYMO1801CS,10478,3790,1.4,4,5467,9323
13,IITA-TMS-IBA982101,4,UYMO1801CS,8226,1754,1.1,3,6630,3403
13,TMEB419,5,UYMO1801CS,13546,8618,2,3,6480,8212
13,TMS13F1021P0008,6,UYMO1801CS,8069,2441,1.2,4,6218,9375
13,TMS13F1049P0001,7,UYMO1801CS,7648,8594,1.1,1,5682,8403
13,TMS13F1114P0001,8,UYMO1801CS,9388,3754,1.3,4,5713,5868
13,TMS13F1126P0003,9,UYMO1801CS,9188,6064,1.1,3,4318,5139
13,TMS13F1182P0002,10,UYMO1801CS,9034,4785,1.4,5,7192,9097
13,TMS13F1304P0003,11,UYMO1801CS,11324,9967,1.5,2,5069,8889
13,TMS13F1315P0008,12,UYMO1801CS,9188,3807,1.1,2,4318,7847
13,TMS13F1376P0018,13,UYMO1801CS,15105,14171,1.9,NA,8771,9028
13,TMS13F1400P0001,14,UYMO1801CS,9388,5897,1.3,4,5713,11389
13,TMS13F1461P0002,15,UYMO1801CS,9388,4134,1.3,5,5713,8576
13,TMS13F2061P0005,16,UYMO1801CS,9388,5083,1.3,3,5713,9306
13,TMS13F2207P0001,17,UYMO1801CS,15378,8226,2.5,5,7083,9653
13,TMS14F1001P0004,18,UYMO1801CS,11324,4271,1.5,3,5069,7986
13,TMS14F1013P0007,19,UYMO1801CS,9188,5991,1.1,3,4318,8611
13,TMS14F1014P0016,20,UYMO1801CS,9388,5769,1.3,2,5713,11562
13,TMS14F1014P0017,21,UYMO1801CS,9388,7849,1.3,2,5713,7882
13,TMS14F1016P0006,22,UYMO1801CS,11324,4966,1.5,13,5069,9410
13,TMS14F1019P0015,23,UYMO1801CS,9188,7160,1.1,3,4318,8194
13,TMS14F1022P0003,24,UYMO1801CS,9188,6502,1.1,2,4318,10799
13,TMS14F1022P0006,25,UYMO1801CS,9188,7656,1.1,8,4318,6354
13,TMS14F1035P0004,26,UYMO1801CS,11109,9900,1.3,5,3988,9062
13,TMS14F1035P0007,27,UYMO1801CS,11324,8344,1.5,5,5069,5854
13,TMS14F1036P0007,28,UYMO1801CS,15378,5219,2.5,5,7083,8257
13,TMS14F1049P0001,29,UYMO1801CS,9188,3752,1.1,6,4318,6389
13,TMS14F1098P0013,30,UYMO1801CS,9188,3917,1.1,4,4318,7847
13,TMS14F1120P0003,31,UYMO1801CS,6460,3047,1.1,4,6620,9340
13,TMS14F1125P0010,32,UYMO1801CS,9388,6433,1.3,3,5713,10069
13,TMS14F1131P0001,33,UYMO1801CS,6707,3376,0.8,3,4411,8153
13,TMS14F1146P0002,34,UYMO1801CS,12207,4249,1.4,0,5386,6146
13,TMS14F1159P0003,35,UYMO1801CS,11089,8324,1.4,3,4972,10556
13,TMS14F1194P0002,36,UYMO1801CS,12218,4595,1.4,0,5378,9958
13,TMS14F1195P0004,37,UYMO1801CS,6755,7532,0.8,2,3428,7118
13,TMS14F1195P0005,38,UYMO1801CS,8889,3603,1.2,4,4944,10729
13,TMS14F1196P0003,39,UYMO1801CS,6755,10041,0.8,2,3428,9896
13,TMS14F1208P0007,40,UYMO1801CS,6755,5377,0.8,6,3428,8958
13,TMS14F1223P0007,41,UYMO1801CS,6755,6413,0.8,3,3428,8646
13,TMS14F1224P0004,42,UYMO1801CS,6755,3259,0.8,2,3428,10243
13,TMS14F1262P0002,43,UYMO1801CS,6755,2994,0.8,4,3428,8618
13,TMS14F1278P0003,44,UYMO1801CS,6755,6242,0.8,2,3428,9792
13,TMS14F1285P0006,45,UYMO1801CS,11089,8174,1.4,2,4972,6910
13,TMS14F1285P0017,46,UYMO1801CS,12069,9972,1.4,NA,5338,10972
13,TMS14F1287P0008,47,UYMO1801CS,11818,15641,1.8,7,6495,13333
13,TMS14F1288P0008,48,UYMO1801CS,6445,5883,0.7,1,5603,6771
13,TMS14F1291P0003,49,UYMO1801CS,12207,10291,1.4,NA,5386,8681
13,TMS14F1291P0011,50,UYMO1801CS,12106,7148,1.4,0,5345,9625
13,TMS14F1291P0012,51,UYMO1801CS,5361,9991,0.7,6,4047,12674
13,TMS14F1292P0012,52,UYMO1801CS,12206,6520,1.6,3,5642,12361
13,TMS14F1295P0012,53,UYMO1801CS,7180,5714,0.9,1,4325,9965
13,TMS14F1297P0019,54,UYMO1801CS,9394,5531,1.3,4,5703,13646
13,TMS14F1299P0007,55,UYMO1801CS,9394,6868,1.3,4,5703,8819
13,TMS14F1300P0002,56,UYMO1801CS,12263,5678,1.4,0,5382,7951
13,TMS14F1300P0008,57,UYMO1801CS,0,3035,0.6,4,7825,9271
13,TMS14F1301P0004,58,UYMO1801CS,12307,5157,1.4,0,5411,8125
13,TMS14F1301P0013,59,UYMO1801CS,11575,5814,1.4,8,4853,7014
13,TMS14F1303P0012,60,UYMO1801CS,8807,6791,1,8,3982,8681
13,TMS14F1306P0008,61,UYMO1801CS,7872,6910,0.9,7,4428,8924
13,TMS14F1306P0015,62,UYMO1801CS,14855,6474,2.2,3,6496,9688
13,TMS14F1306P0020,63,UYMO1801CS,7671,3091,0.9,3,4516,5486
13,TMS14F1310P0004,64,UYMO1801CS,7872,5573,0.9,5,4428,8438
13,TMS14F1310P0015,65,UYMO1801CS,12414,10689,1.4,NA,5429,10278
13,TMS14F1311P0002,66,UYMO1801CS,7872,6219,0.9,5,4428,8993
13,TMS14F1312P0003,67,UYMO1801CS,11719,5071,1.4,4,5252,11701
14,IITA-TMS-IBA000070,1,UYMO1901CS,15083,7136,2.4,5,7051,7635
14,IITA-TMS-IBA30572,2,UYMO1901CS,8941,5219,1.1,3,4295,6177
14,IITA-TMS-IBA980581,3,UYMO1901CS,10324,5210,1.4,4,5450,5125
14,IITA-TMS-IBA982101,4,UYMO1901CS,8043,3958,1.1,3,6650,3542
14,TMEB419,5,UYMO1901CS,13314,6059,1.9,3,6455,6891
14,TMS13F1021P0008,6,UYMO1901CS,7802,3902,1.2,4,6196,3240
14,TMS13F1049P0001,7,UYMO1901CS,7443,4996,1,1,5660,7438
14,TMS13F1114P0001,8,UYMO1901CS,9210,6606,1.3,4,5696,4396
14,TMS13F1126P0003,9,UYMO1901CS,8941,5334,1.1,3,4295,3094
14,TMS13F1182P0002,10,UYMO1901CS,8743,3920,1.4,5,7162,5250
14,TMS13F1304P0003,11,UYMO1901CS,11162,8613,1.4,2,5054,5417
14,TMS13F1315P0008,12,UYMO1901CS,8941,4764,1.1,2,4295,9396
14,TMS13F1376P0018,13,UYMO1901CS,14832,6739,1.9,0,8827,5583
14,TMS13F1400P0001,14,UYMO1901CS,9210,5494,1.3,4,5696,9979
14,TMS13F1461P0002,15,UYMO1901CS,9210,5314,1.3,5,5696,7375
14,TMS13F2061P0005,16,UYMO1901CS,9210,5385,1.3,3,5696,6219
14,TMS13F2207P0001,17,UYMO1901CS,15083,5214,2.4,5,7051,4792
14,TMS14F1001P0004,18,UYMO1901CS,11162,4794,1.4,3,5054,7510
14,TMS14F1013P0007,19,UYMO1901CS,8941,4609,1.1,3,4295,6115
14,TMS14F1014P0016,20,UYMO1901CS,9210,5115,1.3,2,5696,9000
14,TMS14F1014P0017,21,UYMO1901CS,9210,4215,1.3,2,5696,5208
14,TMS14F1016P0006,22,UYMO1901CS,11162,6487,1.4,13,5054,7177
14,TMS14F1019P0015,23,UYMO1901CS,8941,5214,1.1,3,4295,5729
14,TMS14F1022P0003,24,UYMO1901CS,8941,8452,1.1,2,4295,6698
14,TMS14F1022P0006,25,UYMO1901CS,8941,3021,1.1,8,4295,6948
14,TMS14F1035P0004,26,UYMO1901CS,10945,8168,1.3,5,3976,8948
14,TMS14F1035P0007,27,UYMO1901CS,11162,4800,1.4,5,5054,7354
14,TMS14F1036P0007,28,UYMO1901CS,15083,9449,2.4,5,7051,8667
14,TMS14F1049P0001,29,UYMO1901CS,8941,5270,1.1,6,4295,3521
14,TMS14F1098P0013,30,UYMO1901CS,8941,4305,1.1,4,4295,7188
14,TMS14F1120P0003,31,UYMO1901CS,6274,5457,1.1,4,6607,4792
14,TMS14F1125P0010,32,UYMO1901CS,9210,7770,1.3,3,5696,10156
14,TMS14F1131P0001,33,UYMO1901CS,6552,6171,0.8,3,4405,4281
14,TMS14F1146P0002,34,UYMO1901CS,11906,6330,1.3,0,5353,9323
14,TMS14F1159P0003,35,UYMO1901CS,10983,6561,1.4,3,4962,9802
14,TMS14F1194P0002,36,UYMO1901CS,11965,4320,1.3,0,5357,5250
14,TMS14F1195P0004,37,UYMO1901CS,6609,5933,0.8,2,3431,6385
14,TMS14F1195P0005,38,UYMO1901CS,8692,8212,1.2,4,4927,6396
14,TMS14F1196P0003,39,UYMO1901CS,6609,6982,0.8,2,3431,6385
14,TMS14F1208P0007,40,UYMO1901CS,6609,6222,0.8,6,3431,5979
14,TMS14F1223P0007,41,UYMO1901CS,6609,9126,0.8,3,3431,7979
14,TMS14F1224P0004,42,UYMO1901CS,6609,2500,0.8,2,3431,2635
14,TMS14F1262P0002,43,UYMO1901CS,6609,6797,0.8,4,3431,6344
14,TMS14F1278P0003,44,UYMO1901CS,6609,7720,0.8,2,3431,5698
14,TMS14F1285P0006,45,UYMO1901CS,10983,5568,1.4,2,4962,3583
14,TMS14F1285P0017,46,UYMO1901CS,11792,8009,1.3,0,5307,7948
14,TMS14F1287P0008,47,UYMO1901CS,11560,6914,1.8,7,6474,6354
14,TMS14F1288P0008,48,UYMO1901CS,6111,5633,0.7,1,5572,6406
14,TMS14F1291P0003,49,UYMO1901CS,11906,5736,1.3,0,5353,3698
14,TMS14F1291P0011,50,UYMO1901CS,11861,4487,1.3,0,5323,7354
14,TMS14F1291P0012,51,UYMO1901CS,5216,4950,0.7,6,4057,4615
14,TMS14F1292P0012,52,UYMO1901CS,11973,6567,1.6,3,5621,7312
14,TMS14F1295P0012,53,UYMO1901CS,7070,5895,0.9,1,4326,6990
14,TMS14F1297P0019,54,UYMO1901CS,9149,6765,1.3,4,5680,6833
14,TMS14F1299P0007,55,UYMO1901CS,9149,4544,1.3,4,5680,7031
14,TMS14F1300P0002,56,UYMO1901CS,11937,6599,1.3,0,5347,7167
14,TMS14F1300P0008,57,UYMO1901CS,0,7072,0.6,4,7655,4292
14,TMS14F1301P0004,58,UYMO1901CS,12028,2970,1.3,0,5379,3094
14,TMS14F1301P0013,59,UYMO1901CS,11378,7930,1.4,8,4839,9177
14,TMS14F1303P0012,60,UYMO1901CS,8650,8670,1,8,3978,6854
14,TMS14F1306P0008,61,UYMO1901CS,7636,5560,0.9,7,4398,6604
14,TMS14F1306P0015,62,UYMO1901CS,14508,8339,2.1,3,6466,5115
14,TMS14F1306P0020,63,UYMO1901CS,7452,3739,0.9,3,4518,3104
14,TMS14F1310P0004,64,UYMO1901CS,7636,4260,0.9,5,4398,5729
14,TMS14F1310P0015,65,UYMO1901CS,12073,6834,1.3,0,5387,5417
14,TMS14F1311P0002,66,UYMO1901CS,7636,3917,0.9,5,4398,6427
14,TMS14F1312P0003,67,UYMO1901CS,11413,8507,1.3,4,5227,7344
15,IITA-TMS-IBA000070,1,UYON1801CS,26810,8069,2.8,5,8201,4306
15,IITA-TMS-IBA30572,2,UYON1801CS,15166,3642,1.2,3,4889,2743
15,IITA-TMS-IBA980581,3,UYON1801CS,19301,6387,1.5,4,6361,3715
15,IITA-TMS-IBA982101,4,UYON1801CS,20174,7930,1.2,3,8930,5573
15,TMEB419,5,UYON1801CS,25393,6076,2.2,3,7674,3993
15,TMS13F1021P0008,6,UYON1801CS,14789,3896,1.4,4,6853,3750
15,TMS13F1049P0001,7,UYON1801CS,14870,7059,1.1,1,6640,4028
15,TMS13F1114P0001,8,UYON1801CS,17193,4295,1.4,4,6513,3125
15,TMS13F1126P0003,9,UYON1801CS,15166,7184,1.2,3,4889,3403
15,TMS13F1182P0002,10,UYON1801CS,16999,4904,1.6,5,8035,4688
15,TMS13F1304P0003,11,UYON1801CS,19423,5946,1.6,2,5873,4375
15,TMS13F1315P0008,12,UYON1801CS,15166,6235,1.2,2,4889,4514
15,TMS13F1376P0018,13,UYON1801CS,44067,10772,2.9,NA,15338,4653
15,TMS13F1400P0001,14,UYON1801CS,17193,7081,1.4,4,6513,6458
15,TMS13F1461P0002,15,UYON1801CS,17193,6315,1.4,5,6513,4236
15,TMS13F2061P0005,16,UYON1801CS,17193,6024,1.4,3,6513,4340
15,TMS13F2207P0001,17,UYON1801CS,26810,6576,2.8,5,8201,4444
15,TMS14F1001P0004,18,UYON1801CS,19423,4154,1.6,3,5873,2847
15,TMS14F1013P0007,19,UYON1801CS,15166,4578,1.2,3,4889,5417
15,TMS14F1014P0016,20,UYON1801CS,17193,4530,1.4,2,6513,3785
15,TMS14F1014P0017,21,UYON1801CS,17193,6759,1.4,2,6513,4306
15,TMS14F1016P0006,22,UYON1801CS,19423,6929,1.6,13,5873,3819
15,TMS14F1019P0015,23,UYON1801CS,15166,6160,1.2,3,4889,3715
15,TMS14F1022P0003,24,UYON1801CS,15166,6968,1.2,2,4889,2917
15,TMS14F1022P0006,25,UYON1801CS,15166,5721,1.2,8,4889,2569
15,TMS14F1035P0004,26,UYON1801CS,19217,6234,1.4,5,4793,2847
15,TMS14F1035P0007,27,UYON1801CS,19423,4410,1.6,5,5873,3125
15,TMS14F1036P0007,28,UYON1801CS,26810,6534,2.8,5,8201,3333
15,TMS14F1049P0001,29,UYON1801CS,15166,3359,1.2,6,4889,2569
15,TMS14F1098P0013,30,UYON1801CS,15166,5043,1.2,4,4889,5660
15,TMS14F1120P0003,31,UYON1801CS,13498,4506,1.2,4,7432,3681
15,TMS14F1125P0010,32,UYON1801CS,17193,7740,1.4,3,6513,4653
15,TMS14F1131P0001,33,UYON1801CS,13571,5036,0.9,3,5319,1562
15,TMS14F1146P0002,34,UYON1801CS,26318,7340,1.5,0,7081,4097
15,TMS14F1159P0003,35,UYON1801CS,19257,7989,1.5,3,5788,4688
15,TMS14F1194P0002,36,UYON1801CS,26032,7103,1.5,0,7026,3785
15,TMS14F1195P0004,37,UYON1801CS,11226,6329,0.9,2,3906,3264
15,TMS14F1195P0005,38,UYON1801CS,15088,5451,1.3,4,5521,2917
15,TMS14F1196P0003,39,UYON1801CS,11226,5316,0.9,2,3906,3229
15,TMS14F1208P0007,40,UYON1801CS,11226,6379,0.9,6,3906,2222
15,TMS14F1223P0007,41,UYON1801CS,11226,6637,0.9,3,3906,2882
15,TMS14F1224P0004,42,UYON1801CS,11226,4549,0.9,2,3906,2049
15,TMS14F1262P0002,43,UYON1801CS,11226,5773,0.9,4,3906,2778
15,TMS14F1278P0003,44,UYON1801CS,11226,8525,0.9,2,3906,3854
15,TMS14F1285P0006,45,UYON1801CS,19257,8452,1.5,2,5788,3785
15,TMS14F1285P0017,46,UYON1801CS,24735,7416,1.5,0,6797,3056
15,TMS14F1287P0008,47,UYON1801CS,21024,8619,2,7,7418,5903
15,TMS14F1288P0008,48,UYON1801CS,18666,2441,0.9,1,6946,2969
15,TMS14F1291P0003,49,UYON1801CS,26318,5304,1.5,0,7081,3299
15,TMS14F1291P0011,50,UYON1801CS,25071,4542,1.5,0,6857,2569
15,TMS14F1291P0012,51,UYON1801CS,10416,6043,0.8,6,4825,3681
15,TMS14F1292P0012,52,UYON1801CS,20981,5662,1.8,3,6502,7431
15,TMS14F1295P0012,53,UYON1801CS,13821,7130,1,1,5243,4444
15,TMS14F1297P0019,54,UYON1801CS,16773,4801,1.4,4,6414,4236
15,TMS14F1299P0007,55,UYON1801CS,16773,6183,1.4,4,6414,4549
15,TMS14F1300P0002,56,UYON1801CS,25711,6724,1.5,0,6970,3750
15,TMS14F1300P0008,57,UYON1801CS,568,5870,0.7,4,17237,3681
15,TMS14F1301P0004,58,UYON1801CS,26911,8143,1.5,0,7191,5972
15,TMS14F1301P0013,59,UYON1801CS,19915,11954,1.6,8,5731,5000
15,TMS14F1303P0012,60,UYON1801CS,16725,4298,1.1,8,4979,3715
15,TMS14F1306P0008,61,UYON1801CS,14153,8528,1,7,5197,5833
15,TMS14F1306P0015,62,UYON1801CS,24795,5368,2.4,3,7444,3889
15,TMS14F1306P0020,63,UYON1801CS,15732,5900,1,3,5885,3056
15,TMS14F1310P0004,64,UYON1801CS,14153,4315,1,5,5197,2222
15,TMS14F1310P0015,65,UYON1801CS,27227,7757,1.5,0,7250,4167
15,TMS14F1311P0002,66,UYON1801CS,14153,2276,1,5,5197,3299
15,TMS14F1312P0003,67,UYON1801CS,23040,3433,1.5,4,6513,3264
16,IITA-TMS-IBA000070,1,UYOT1801CS,16023,19153,2.6,5,7147,6821
16,IITA-TMS-IBA30572,2,UYOT1801CS,8939,17065,1.1,3,4290,7806
16,IITA-TMS-IBA980581,3,UYOT1801CS,11094,17878,1.4,4,5534,9323
16,IITA-TMS-IBA982101,4,UYOT1801CS,10403,19957,1.1,3,7137,9225
16,TMEB419,5,UYOT1801CS,14898,11804,2,3,6627,8990
16,TMS13F1021P0008,6,UYOT1801CS,7982,24571,1.3,4,6198,10278
16,TMS13F1049P0001,7,UYOT1801CS,8041,16260,1.1,1,5757,8618
16,TMS13F1114P0001,8,UYOT1801CS,9904,16627,1.3,4,5770,6750
16,TMS13F1126P0003,9,UYOT1801CS,8939,17262,1.1,3,4290,7115
16,TMS13F1182P0002,10,UYOT1801CS,9272,17050,1.5,5,7216,11347
16,TMS13F1304P0003,11,UYOT1801CS,11575,17575,1.5,2,5101,5868
16,TMS13F1315P0008,12,UYOT1801CS,8939,16753,1.1,2,4290,8708
16,TMS13F1376P0018,13,UYOT1801CS,24093,13304,2.2,NA,10908,2510
16,TMS13F1400P0001,14,UYOT1801CS,9904,13816,1.3,4,5770,6354
16,TMS13F1461P0002,15,UYOT1801CS,9904,16511,1.3,5,5770,9417
16,TMS13F2061P0005,16,UYOT1801CS,9904,29042,1.3,3,5770,11583
16,TMS13F2207P0001,17,UYOT1801CS,16023,23057,2.6,5,7147,7868
16,TMS14F1001P0004,18,UYOT1801CS,11575,17561,1.5,3,5101,7660
16,TMS14F1013P0007,19,UYOT1801CS,8939,6510,1.1,3,4290,4344
16,TMS14F1014P0016,20,UYOT1801CS,9904,15215,1.3,2,5770,5958
16,TMS14F1014P0017,21,UYOT1801CS,9904,15087,1.3,2,5770,7396
16,TMS14F1016P0006,22,UYOT1801CS,11575,26472,1.5,13,5101,8944
16,TMS14F1019P0015,23,UYOT1801CS,8939,9198,1.1,3,4290,3868
16,TMS14F1022P0003,24,UYOT1801CS,8939,20366,1.1,2,4290,6590
16,TMS14F1022P0006,25,UYOT1801CS,8939,11792,1.1,8,4290,5097
16,TMS14F1035P0004,26,UYOT1801CS,10946,22524,1.3,5,3977,4646
16,TMS14F1035P0007,27,UYOT1801CS,11575,18832,1.5,5,5101,5882
16,TMS14F1036P0007,28,UYOT1801CS,16023,23534,2.6,5,7147,9694
16,TMS14F1049P0001,29,UYOT1801CS,8939,21740,1.1,6,4290,8653
16,TMS14F1098P0013,30,UYOT1801CS,8939,16128,1.1,4,4290,6299
16,TMS14F1120P0003,31,UYOT1801CS,6568,16911,1.1,4,6654,9347
16,TMS14F1125P0010,32,UYOT1801CS,9904,18344,1.3,3,5770,5396
16,TMS14F1131P0001,33,UYOT1801CS,7699,19391,0.8,3,4549,7729
16,TMS14F1146P0002,34,UYOT1801CS,14799,16491,1.4,NA,5744,5153
16,TMS14F1159P0003,35,UYOT1801CS,11269,8849,1.4,3,4992,4458
16,TMS14F1194P0002,36,UYOT1801CS,14598,23396,1.4,NA,5708,6576
16,TMS14F1195P0004,37,UYOT1801CS,6779,12923,0.8,2,3443,6417
16,TMS14F1195P0005,38,UYOT1801CS,8689,17856,1.2,4,4914,7417
16,TMS14F1196P0003,39,UYOT1801CS,6779,14359,0.8,2,3443,3486
16,TMS14F1208P0007,40,UYOT1801CS,6779,21491,0.8,6,3443,8590
16,TMS14F1223P0007,41,UYOT1801CS,6779,16282,0.8,3,3443,4785
16,TMS14F1224P0004,42,UYOT1801CS,6779,10959,0.8,2,3443,2993
16,TMS14F1262P0002,43,UYOT1801CS,6779,24421,0.8,4,3443,10278
16,TMS14F1278P0003,44,UYOT1801CS,6779,14159,0.8,2,3443,4889
16,TMS14F1285P0006,45,UYOT1801CS,11269,13923,1.4,2,4992,3792
16,TMS14F1285P0017,46,UYOT1801CS,13845,14828,1.4,NA,5576,5347
16,TMS14F1287P0008,47,UYOT1801CS,11692,16788,1.9,7,6495,9083
16,TMS14F1288P0008,48,UYOT1801CS,9382,11990,0.8,1,6062,4736
16,TMS14F1291P0003,49,UYOT1801CS,14799,11310,1.4,NA,5744,3312
16,TMS14F1291P0011,50,UYOT1801CS,14023,8811,1.4,0,5611,3646
16,TMS14F1291P0012,51,UYOT1801CS,5674,11732,0.7,6,4154,5653
16,TMS14F1292P0012,52,UYOT1801CS,12520,8718,1.7,3,5674,4823
16,TMS14F1295P0012,53,UYOT1801CS,7940,13406,0.9,1,4460,5792
16,TMS14F1297P0019,54,UYOT1801CS,9471,11556,1.3,4,5706,7833
16,TMS14F1299P0007,55,UYOT1801CS,9471,12071,1.3,4,5706,5944
16,TMS14F1300P0002,56,UYOT1801CS,14401,18286,1.4,NA,5673,5104
16,TMS14F1300P0008,57,UYOT1801CS,1,25644,0.6,4,6902,12833
16,TMS14F1301P0004,58,UYOT1801CS,15145,18671,1.4,NA,5801,9708
16,TMS14F1301P0013,59,UYOT1801CS,11827,22729,1.5,8,4889,8458
16,TMS14F1303P0012,60,UYOT1801CS,9315,19679,1,8,4090,10160
16,TMS14F1306P0008,61,UYOT1801CS,8124,13162,1,7,4462,4979
16,TMS14F1306P0015,62,UYOT1801CS,14802,17045,2.2,3,6482,8208
16,TMS14F1306P0020,63,UYOT1801CS,8563,18174,0.9,3,4759,10819
16,TMS14F1310P0004,64,UYOT1801CS,8124,20588,1,5,4462,6125
16,TMS14F1310P0015,65,UYOT1801CS,15353,18116,1.4,NA,5840,6083
16,TMS14F1311P0002,66,UYOT1801CS,8124,13860,1,5,4462,8667
16,TMS14F1312P0003,67,UYOT1801CS,12892,16047,1.4,4,5413,12569
17,IITA-TMS-IBA000070,1,UYUB1901CS,24235,5890,2.7,5,7967,2911
17,IITA-TMS-IBA30572,2,UYUB1901CS,14181,2950,1.2,3,4824,2349
17,IITA-TMS-IBA980581,3,UYUB1901CS,17002,8477,1.5,4,6137,4526
17,IITA-TMS-IBA982101,4,UYUB1901CS,15891,6860,1.2,3,8210,5484
17,TMEB419,5,UYUB1901CS,21949,7827,2.1,3,7340,4651
17,TMS13F1021P0008,6,UYUB1901CS,13568,5894,1.3,4,6768,4198
17,TMS13F1049P0001,7,UYUB1901CS,13061,4337,1.1,1,6416,3771
17,TMS13F1114P0001,8,UYUB1901CS,15346,5761,1.4,4,6335,3792
17,TMS13F1126P0003,9,UYUB1901CS,14181,2736,1.2,3,4824,1365
17,TMS13F1182P0002,10,UYUB1901CS,15229,5582,1.6,5,7865,5146
17,TMS13F1304P0003,11,UYUB1901CS,17612,7087,1.5,2,5699,2198
17,TMS13F1315P0008,12,UYUB1901CS,14181,4454,1.2,2,4824,3594
17,TMS13F1376P0018,13,UYUB1901CS,32345,6524,2.8,0,13089,2771
17,TMS13F1400P0001,14,UYUB1901CS,15346,3110,1.4,4,6335,2802
17,TMS13F1461P0002,15,UYUB1901CS,15346,4820,1.4,5,6335,4427
17,TMS13F2061P0005,16,UYUB1901CS,15346,4631,1.4,3,6335,3208
17,TMS13F2207P0001,17,UYUB1901CS,24235,7111,2.7,5,7967,3708
17,TMS14F1001P0004,18,UYUB1901CS,17612,6279,1.5,3,5699,3573
17,TMS14F1013P0007,19,UYUB1901CS,14181,4646,1.2,3,4824,2292
17,TMS14F1014P0016,20,UYUB1901CS,15346,3903,1.4,2,6335,3073
17,TMS14F1014P0017,21,UYUB1901CS,15346,4413,1.4,2,6335,2990
17,TMS14F1016P0006,22,UYUB1901CS,17612,6473,1.5,13,5699,3042
17,TMS14F1019P0015,23,UYUB1901CS,14181,4175,1.2,3,4824,2010
17,TMS14F1022P0003,24,UYUB1901CS,14181,4046,1.2,2,4824,2021
17,TMS14F1022P0006,25,UYUB1901CS,14181,5179,1.2,8,4824,2344
17,TMS14F1035P0004,26,UYUB1901CS,17472,5578,1.4,5,4630,1198
17,TMS14F1035P0007,27,UYUB1901CS,17612,5738,1.5,5,5699,2750
17,TMS14F1036P0007,28,UYUB1901CS,24235,9655,2.7,5,7967,4438
17,TMS14F1049P0001,29,UYUB1901CS,14181,4741,1.2,6,4824,3438
17,TMS14F1098P0013,30,UYUB1901CS,14181,3435,1.2,4,4824,1667
17,TMS14F1120P0003,31,UYUB1901CS,11847,2502,1.2,4,7279,3490
17,TMS14F1125P0010,32,UYUB1901CS,15346,4207,1.4,3,6335,2958
17,TMS14F1131P0001,33,UYUB1901CS,11415,3563,0.9,3,5027,1323
17,TMS14F1146P0002,34,UYUB1901CS,21272,4359,1.5,0,6470,2406
17,TMS14F1159P0003,35,UYUB1901CS,17524,4441,1.5,3,5623,2167
17,TMS14F1194P0002,36,UYUB1901CS,21159,7707,1.5,0,6438,3656
17,TMS14F1195P0004,37,UYUB1901CS,10590,4235,0.9,2,3862,2802
17,TMS14F1195P0005,38,UYUB1901CS,14150,3151,1.2,4,5455,2177
17,TMS14F1196P0003,39,UYUB1901CS,10590,4564,0.9,2,3862,1875
17,TMS14F1208P0007,40,UYUB1901CS,10590,1884,0.9,6,3862,1365
17,TMS14F1223P0007,41,UYUB1901CS,10590,3619,0.9,3,3862,1646
17,TMS14F1224P0004,42,UYUB1901CS,10590,1533,0.9,2,3862,875
17,TMS14F1262P0002,43,UYUB1901CS,10590,7073,0.9,4,3862,3719
17,TMS14F1278P0003,44,UYUB1901CS,10590,3997,0.9,2,3862,1969
17,TMS14F1285P0006,45,UYUB1901CS,17524,5962,1.5,2,5623,3385
17,TMS14F1285P0017,46,UYUB1901CS,20267,6661,1.5,0,6280,1719
17,TMS14F1287P0008,47,UYUB1901CS,19210,6121,1.9,7,7246,3938
17,TMS14F1288P0008,48,UYUB1901CS,14464,3388,0.8,1,6555,1969
17,TMS14F1291P0003,49,UYUB1901CS,21272,3654,1.5,0,6470,1188
17,TMS14F1291P0011,50,UYUB1901CS,20617,4266,1.5,0,6336,1562
17,TMS14F1291P0012,51,UYUB1901CS,9190,1570,0.8,6,4668,1042
17,TMS14F1292P0012,52,UYUB1901CS,19157,6299,1.7,3,6338,5031
17,TMS14F1295P0012,53,UYUB1901CS,12070,2903,1,1,5008,1969
17,TMS14F1297P0019,54,UYUB1901CS,15286,7760,1.4,4,6288,5042
17,TMS14F1299P0007,55,UYUB1901CS,15286,2727,1.4,4,6288,3406
17,TMS14F1300P0002,56,UYUB1901CS,21019,3702,1.5,0,6408,3500
17,TMS14F1300P0008,57,UYUB1901CS,11,4783,0.7,4,14416,3344
17,TMS14F1301P0004,58,UYUB1901CS,21560,6360,1.5,0,6535,4594
17,TMS14F1301P0013,59,UYUB1901CS,18109,6321,1.6,8,5553,2979
17,TMS14F1303P0012,60,UYUB1901CS,14502,8229,1,8,4724,4854
17,TMS14F1306P0008,61,UYUB1901CS,12736,3373,1,7,5021,2021
17,TMS14F1306P0015,62,UYUB1901CS,22955,6372,2.3,3,7294,4042
17,TMS14F1306P0020,63,UYUB1901CS,13153,6167,0.9,3,5518,3208
17,TMS14F1310P0004,64,UYUB1901CS,12736,2344,1,5,5021,1573
17,TMS14F1310P0015,65,UYUB1901CS,21713,7352,1.5,0,6566,2292
17,TMS14F1311P0002,66,UYUB1901CS,12736,4818,1,5,5021,2802
17,TMS14F1312P0003,67,UYUB1901CS,19493,6777,1.5,4,6118,3292
18,IITA-TMS-IBA000070,1,UYUM1801CS,17950,12787,2.6,5,7329,5867
18,IITA-TMS-IBA30572,2,UYUM1801CS,9858,8286,1.1,3,4373,4792
18,IITA-TMS-IBA980581,3,UYUM1801CS,12608,10270,1.4,4,5680,4979
18,IITA-TMS-IBA982101,4,UYUM1801CS,13249,11296,1.2,3,7493,5908
18,TMEB419,5,UYUM1801CS,17036,10559,2,3,6833,5867
18,TMS13F1021P0008,6,UYUM1801CS,9116,12816,1.3,4,6304,5562
18,TMS13F1049P0001,7,UYUM1801CS,9294,7662,1.1,1,5898,5385
18,TMS13F1114P0001,8,UYUM1801CS,11021,9406,1.4,4,5874,6097
18,TMS13F1126P0003,9,UYUM1801CS,9858,8086,1.1,3,4373,1865
18,TMS13F1182P0002,10,UYUM1801CS,10591,14105,1.5,5,7344,8264
18,TMS13F1304P0003,11,UYUM1801CS,12724,13071,1.5,2,5208,6073
18,TMS13F1315P0008,12,UYUM1801CS,9858,9765,1.1,2,4373,5542
18,TMS13F1376P0018,13,UYUM1801CS,32981,18144,2.4,NA,12172,4729
18,TMS13F1400P0001,14,UYUM1801CS,11021,6688,1.4,4,5874,3958
18,TMS13F1461P0002,15,UYUM1801CS,11021,9691,1.4,5,5874,5972
18,TMS13F2061P0005,16,UYUM1801CS,11021,11640,1.4,3,5874,5194
18,TMS13F2207P0001,17,UYUM1801CS,17950,8355,2.6,5,7329,4965
18,TMS14F1001P0004,18,UYUM1801CS,12724,12160,1.5,3,5208,5368
18,TMS14F1013P0007,19,UYUM1801CS,9858,15761,1.1,3,4373,4302
18,TMS14F1014P0016,20,UYUM1801CS,11021,8363,1.4,2,5874,4167
18,TMS14F1014P0017,21,UYUM1801CS,11021,9764,1.4,2,5874,6458
18,TMS14F1016P0006,22,UYUM1801CS,12724,10177,1.5,13,5208,4215
18,TMS14F1019P0015,23,UYUM1801CS,9858,13922,1.1,3,4373,6521
18,TMS14F1022P0003,24,UYUM1801CS,9858,11612,1.1,2,4373,6500
18,TMS14F1022P0006,25,UYUM1801CS,9858,8804,1.1,8,4373,2167
18,TMS14F1035P0004,26,UYUM1801CS,12566,13321,1.3,5,4140,3840
18,TMS14F1035P0007,27,UYUM1801CS,12724,8873,1.5,5,5208,3486
18,TMS14F1036P0007,28,UYUM1801CS,17950,17930,2.6,5,7329,8264
18,TMS14F1049P0001,29,UYUM1801CS,9858,10140,1.1,6,4373,5250
18,TMS14F1098P0013,30,UYUM1801CS,9858,8260,1.1,4,4373,6125
18,TMS14F1120P0003,31,UYUM1801CS,7851,9982,1.1,4,6794,10201
18,TMS14F1125P0010,32,UYUM1801CS,11021,13858,1.4,3,5874,5344
18,TMS14F1131P0001,33,UYUM1801CS,8776,16652,0.8,3,4666,3854
18,TMS14F1146P0002,34,UYUM1801CS,17683,11267,1.4,NA,6047,4854
18,TMS14F1159P0003,35,UYUM1801CS,12616,12048,1.4,3,5120,4854
18,TMS14F1194P0002,36,UYUM1801CS,17454,12323,1.4,NA,6011,4486
18,TMS14F1195P0004,37,UYUM1801CS,7276,8836,0.8,2,3495,3490
18,TMS14F1195P0005,38,UYUM1801CS,9577,15091,1.2,4,4996,5118
18,TMS14F1196P0003,39,UYUM1801CS,7276,14333,0.8,2,3495,3542
18,TMS14F1208P0007,40,UYUM1801CS,7276,11089,0.8,6,3495,3757
18,TMS14F1223P0007,41,UYUM1801CS,7276,12291,0.8,3,3495,3077
18,TMS14F1224P0004,42,UYUM1801CS,7276,8220,0.8,2,3495,2285
18,TMS14F1262P0002,43,UYUM1801CS,7276,13963,0.8,4,3495,5722
18,TMS14F1278P0003,44,UYUM1801CS,7276,10586,0.8,2,3495,3948
18,TMS14F1285P0006,45,UYUM1801CS,12616,7119,1.4,2,5120,5500
18,TMS14F1285P0017,46,UYUM1801CS,16402,15644,1.4,NA,5845,4347
18,TMS14F1287P0008,47,UYUM1801CS,13265,7134,1.8,7,6665,4635
18,TMS14F1288P0008,48,UYUM1801CS,12666,5279,0.8,1,6445,3469
18,TMS14F1291P0003,49,UYUM1801CS,17683,12474,1.4,NA,6047,4156
18,TMS14F1291P0011,50,UYUM1801CS,16675,10902,1.4,NA,5887,2542
18,TMS14F1291P0012,51,UYUM1801CS,6420,12670,0.7,6,4247,6125
18,TMS14F1292P0012,52,UYUM1801CS,13819,11968,1.7,3,5798,8719
18,TMS14F1295P0012,53,UYUM1801CS,8905,10475,0.9,1,4573,4438
18,TMS14F1297P0019,54,UYUM1801CS,10572,10161,1.3,4,5807,5049
18,TMS14F1299P0007,55,UYUM1801CS,10572,9751,1.3,4,5807,4740
18,TMS14F1300P0002,56,UYUM1801CS,17183,11465,1.4,NA,5969,5125
18,TMS14F1300P0008,57,UYUM1801CS,4,12127,0.6,4,8237,7604
18,TMS14F1301P0004,58,UYUM1801CS,18172,17391,1.4,NA,6126,10375
18,TMS14F1301P0013,59,UYUM1801CS,13273,11459,1.5,8,5035,6552
18,TMS14F1303P0012,60,UYUM1801CS,10912,7788,1,8,4257,4403
18,TMS14F1306P0008,61,UYUM1801CS,9039,11755,1,7,4568,5885
18,TMS14F1306P0015,62,UYUM1801CS,16471,16766,2.2,3,6640,4729
18,TMS14F1306P0020,63,UYUM1801CS,10093,11382,0.9,3,4964,4410
18,TMS14F1310P0004,64,UYUM1801CS,9039,16940,1,5,4568,6924
18,TMS14F1310P0015,65,UYUM1801CS,18408,12707,1.4,NA,6164,4531
18,TMS14F1311P0002,66,UYUM1801CS,9039,6898,1,5,4568,5569
18,TMS14F1312P0003,67,UYUM1801CS,15162,11860,1.4,4,5646,8639
19,IITA-TMS-IBA000070,1,UYZA1901CS,15115,7766,2.7,5,7217,4823
19,IITA-TMS-IBA30572,2,UYZA1901CS,8780,4350,1.2,3,4386,4510
19,IITA-TMS-IBA980581,3,UYZA1901CS,10261,2648,1.5,4,5587,2257
19,IITA-TMS-IBA982101,4,UYZA1901CS,7697,2198,1.2,3,7348,3396
19,TMEB419,5,UYZA1901CS,13683,5084,2.1,3,6655,4651
19,TMS13F1021P0008,6,UYZA1901CS,7729,1511,1.3,4,6367,3417
19,TMS13F1049P0001,7,UYZA1901CS,7195,3865,1.1,1,5991,5354
19,TMS13F1114P0001,8,UYZA1901CS,9205,4263,1.4,4,5862,4333
19,TMS13F1126P0003,9,UYZA1901CS,8780,3253,1.2,3,4386,2771
19,TMS13F1182P0002,10,UYZA1901CS,8639,2764,1.5,5,7404,4125
19,TMS13F1304P0003,11,UYZA1901CS,11048,7139,1.5,2,5164,3948
19,TMS13F1315P0008,12,UYZA1901CS,8780,4142,1.2,2,4386,4833
19,TMS13F1376P0018,13,UYZA1901CS,17703,6490,2.5,0,11153,3698
19,TMS13F1400P0001,14,UYZA1901CS,9205,5561,1.4,4,5862,5958
19,TMS13F1461P0002,15,UYZA1901CS,9205,4449,1.4,5,5862,3062
19,TMS13F2061P0005,16,UYZA1901CS,9205,5122,1.4,3,5862,3510
19,TMS13F2207P0001,17,UYZA1901CS,15115,6800,2.7,5,7217,5573
19,TMS14F1001P0004,18,UYZA1901CS,11048,5531,1.5,3,5164,4802
19,TMS14F1013P0007,19,UYZA1901CS,8780,3229,1.2,3,4386,2573
19,TMS14F1014P0016,20,UYZA1901CS,9205,7152,1.4,2,5862,7208
19,TMS14F1014P0017,21,UYZA1901CS,9205,3971,1.4,2,5862,3594
19,TMS14F1016P0006,22,UYZA1901CS,11048,5688,1.5,13,5164,4271
19,TMS14F1019P0015,23,UYZA1901CS,8780,4237,1.2,3,4386,4510
19,TMS14F1022P0003,24,UYZA1901CS,8780,5159,1.2,2,4386,4562
19,TMS14F1022P0006,25,UYZA1901CS,8780,5903,1.2,8,4386,5208
19,TMS14F1035P0004,26,UYZA1901CS,10715,6370,1.3,5,4057,4437
19,TMS14F1035P0007,27,UYZA1901CS,11048,6110,1.5,5,5164,4250
19,TMS14F1036P0007,28,UYZA1901CS,15115,6871,2.7,5,7217,6042
19,TMS14F1049P0001,29,UYZA1901CS,8780,2514,1.2,6,4386,2083
19,TMS14F1098P0013,30,UYZA1901CS,8780,5204,1.2,4,4386,4510
19,TMS14F1120P0003,31,UYZA1901CS,5897,1976,1.1,4,6860,4625
19,TMS14F1125P0010,32,UYZA1901CS,9205,6732,1.4,3,5862,5458
19,TMS14F1131P0001,33,UYZA1901CS,6751,856,0.9,3,4715,688
19,TMS14F1146P0002,34,UYZA1901CS,12456,4522,1.4,0,5683,3167
19,TMS14F1159P0003,35,UYZA1901CS,10813,6772,1.5,3,5078,5302
19,TMS14F1194P0002,36,UYZA1901CS,12315,8450,1.4,0,5652,6760
19,TMS14F1195P0004,37,UYZA1901CS,6650,3301,0.9,2,3598,3583
19,TMS14F1195P0005,38,UYZA1901CS,8396,4768,1.2,4,5003,5042
19,TMS14F1196P0003,39,UYZA1901CS,6650,6737,0.9,2,3598,4948
19,TMS14F1208P0007,40,UYZA1901CS,6650,3094,0.9,6,3598,2802
19,TMS14F1223P0007,41,UYZA1901CS,6650,6368,0.9,3,3598,5094
19,TMS14F1224P0004,42,UYZA1901CS,6650,1109,0.9,2,3598,2062
19,TMS14F1262P0002,43,UYZA1901CS,6650,4327,0.9,4,3598,4281
19,TMS14F1278P0003,44,UYZA1901CS,6650,6184,0.9,2,3598,3802
19,TMS14F1285P0006,45,UYZA1901CS,10813,4968,1.5,2,5078,3375
19,TMS14F1285P0017,46,UYZA1901CS,12127,5848,1.4,0,5576,5354
19,TMS14F1287P0008,47,UYZA1901CS,11898,4081,1.9,7,6697,4865
19,TMS14F1288P0008,48,UYZA1901CS,8393,4200,0.8,1,6159,3927
19,TMS14F1291P0003,49,UYZA1901CS,12456,5768,1.4,0,5683,4031
19,TMS14F1291P0011,50,UYZA1901CS,12228,4833,1.4,0,5602,3219
19,TMS14F1291P0012,51,UYZA1901CS,5046,3891,0.7,6,4385,3812
19,TMS14F1292P0012,52,UYZA1901CS,12023,4154,1.7,3,5750,3896
19,TMS14F1295P0012,53,UYZA1901CS,7159,8302,1,1,4600,5625
19,TMS14F1297P0019,54,UYZA1901CS,9120,4486,1.4,4,5812,4677
19,TMS14F1299P0007,55,UYZA1901CS,9120,7259,1.4,4,5812,5708
19,TMS14F1300P0002,56,UYZA1901CS,12268,4932,1.4,0,5633,5875
19,TMS14F1300P0008,57,UYZA1901CS,0,358,0.7,4,7203,542
19,TMS14F1301P0004,58,UYZA1901CS,12802,3300,1.4,0,5751,2938
19,TMS14F1301P0013,59,UYZA1901CS,11393,3649,1.5,8,4990,4333
19,TMS14F1303P0012,60,UYZA1901CS,8534,4360,1,8,4176,3635
19,TMS14F1306P0008,61,UYZA1901CS,7506,2416,1,7,4667,3198
19,TMS14F1306P0015,62,UYZA1901CS,14292,4280,2.3,3,6592,5365
19,TMS14F1306P0020,63,UYZA1901CS,7232,1709,0.9,3,4969,2188
19,TMS14F1310P0004,64,UYZA1901CS,7506,3809,1,5,4667,2656
19,TMS14F1310P0015,65,UYZA1901CS,12682,4419,1.4,0,5755,2927
19,TMS14F1311P0002,66,UYZA1901CS,7506,5631,1,5,4667,3552
19,TMS14F1312P0003,67,UYZA1901CS,11496,6539,1.4,4,5422,6635
