Clone,HWAMM,HWAMS,CWAMM,CWAMS,LAIXM,LAIXS,Year,Location,MeanROOT
IITA-TMS-IBA000070,12.507,9.482,4.729,5.35,5,0.7,2019,ABUJA,12227
IITA-TMS-IBA30572,6.274,5.221,5.089,10.224,3,1.6,2019,ABUJA,9141
IITA-TMS-IBA980581,13.015,11.274,10.365,6.455,4,1.2,2019,ABUJA,10073
IITA-TMS-IBA982101,11.267,7.315,7.719,7.315,3,1.1,2019,ABUJA,9484
TMEB419,9.823,14.809,4.028,5.076,3,1.6,2019,ABUJA,10314
TMS13F1021P0008,9.164,11.556,7.708,5.235,4,1,2019,ABUJA,11206
TMS13F1049P0001,13.643,7.702,8.375,3.531,1,1,2019,ABUJA,10322
TMS13F1114P0001,6.048,11.925,2.875,4.94,4,1.5,2019,ABUJA,10138
TMS13F1126P0003,5.394,5.542,1.438,4.817,3,0.8,2019,ABUJA,9611
TMS13F1182P0002,13.729,7.384,8.812,5.363,5,1.2,2019,ABUJA,11409
TMS13F1304P0003,12.525,9.687,3.74,4.39,2,0.9,2019,ABUJA,13306
TMS13F1315P0008,5.64,7.87,4.323,6.135,2,1,2019,ABUJA,9908
TMS13F1376P0018,13.9,8.575,4.562,4.787,NA,1,2019,ABUJA,12779
TMS13F1400P0001,7.969,8.65,4.448,5.016,4,1,2019,ABUJA,9936
TMS13F1461P0002,9.185,11.925,8.917,4.94,5,1.5,2019,ABUJA,11689
TMS13F2061P0005,7.215,11.241,4.333,5.17,3,0.9,2019,ABUJA,10276
TMS13F2207P0001,11.253,11.905,5.312,4.957,5,1,2019,ABUJA,12634
TMS14F1001P0004,8.073,8.616,3.396,5.039,3,1,2019,ABUJA,10561
TMS14F1013P0007,11.555,8.275,6.604,4.511,3,1,2019,ABUJA,9523
TMS14F1014P0016,9.234,8.48,4.229,4.627,2,1,2019,ABUJA,10223
TMS14F1014P0017,9.921,8.999,4.49,5.307,2,1,2019,ABUJA,10173
TMS14F1016P0006,8.17,9.194,3.771,5.489,13,1,2019,ABUJA,11269
TMS14F1019P0015,10.182,8.227,4.333,4.484,2,1,2019,ABUJA,11529
TMS14F1022P0003,5.505,8.586,2.208,4.757,8,1,2019,ABUJA,10660
TMS14F1022P0006,13.337,9.383,3.854,5.78,5,1,2019,ABUJA,12806
TMS14F1035P0004,6.833,12.033,2.792,7.674,5,1.8,2019,ABUJA,12932
TMS14F1035P0007,9.672,10.801,6,5.624,5,1.1,2019,ABUJA,10891
TMS14F1036P0007,6.417,8.377,3.583,7.936,6,1.1,2019,ABUJA,10008
TMS14F1049P0001,11.621,5.601,5.365,6.21,4,1.1,2019,ABUJA,10592
TMS14F1098P0013,11.417,10.82,7.417,5.061,3,0.9,2019,ABUJA,11532
TMS14F1120P0003,8.332,4.535,3.76,7.924,3,1.2,2019,ABUJA,10060
TMS14F1125P0010,11.21,11.034,6.5,5.116,NA,0.9,2019,ABUJA,10855
TMS14F1131P0001,8.694,7.441,4.177,5.408,3,1,2019,ABUJA,10573
TMS14F1146P0002,12.702,7.924,3.292,5.338,NA,1.1,2019,ABUJA,10645
TMS14F1159P0003,10.319,7.515,5.656,4.242,2,1.1,2019,ABUJA,9878
TMS14F1194P0002,9.096,5.726,4.646,5.604,4,0.9,2019,ABUJA,11299
TMS14F1195P0004,6.784,7.733,2.625,5.218,2,1,2019,ABUJA,10657
TMS14F1195P0005,7.058,8.622,4.469,7.391,6,1,2019,ABUJA,10320
TMS14F1196P0003,10.853,7.91,3.188,5.927,4,0.9,2019,ABUJA,10276
TMS14F1208P0007,8.929,3.874,4.479,6.263,2,0.8,2019,ABUJA,9351
TMS14F1223P0007,10.209,10.485,5.635,4.978,NA,0.9,2019,ABUJA,10218
TMS14F1224P0004,9.787,0.46,6.896,8.389,1,0.7,2019,ABUJA,10673
TMS14F1262P0002,6.336,6.579,1.479,8.975,NA,1.5,2019,ABUJA,9524
TMS14F1278P0003,11.187,7.374,4.479,6.138,6,1.1,2019,ABUJA,10285
TMS14F1285P0006,7.772,9.624,4.75,4.341,3,1.3,2019,ABUJA,11588
TMS14F1285P0017,9.976,8.452,4.531,4.342,1,1.1,2019,ABUJA,11933
TMS14F1287P0008,7.873,10.382,5.177,4.422,4,1.3,2019,ABUJA,11164
TMS14F1288P0008,8.079,11.251,4.521,4.807,4,0.8,2019,ABUJA,10346
TMS14F1291P0003,7.238,5.164,2.458,5.705,NA,0.8,2019,ABUJA,10966
TMS14F1291P0011,9.806,8.533,7.396,4.848,4,1,2019,ABUJA,10601
TMS14F1291P0012,7.874,17.09,5.792,14.067,NA,2.7,2019,ABUJA,11512
TMS14F1292P0012,12.788,8.338,4.667,4.012,8,0.8,2019,ABUJA,10410
TMS14F1295P0012,5.201,6.447,2.896,6.525,8,1,2019,ABUJA,9592
TMS14F1297P0019,10.362,14.975,6.708,7.023,3,1.9,2019,ABUJA,10416
TMS14F1299P0007,9.97,5.991,3.219,5.681,NA,0.9,2019,ABUJA,10588
TMS14F1300P0002,11.859,8.312,4.583,7.953,5,1.3,2019,ABUJA,10443
TMS14F1300P0008,NA,5.72,NA,6.395,NA,0.9,2019,ABUJA,10286
TMS14F1301P0004,NA,9.818,NA,3.991,NA,0.9,2019,ABUJA,9902
TMS14F1301P0013,NA,10.671,NA,4.681,NA,1,2019,ABUJA,9575
TMS14F1303P0012,NA,7.64,NA,4.332,NA,1.1,2019,ABUJA,9861
TMS14F1306P0008,NA,11.263,NA,4.967,NA,0.9,2019,ABUJA,10244
TMS14F1306P0015,NA,9.6,NA,4.85,NA,1.2,2019,ABUJA,10078
TMS14F1306P0020,NA,7.457,NA,5.268,NA,1,2019,ABUJA,10451
TMS14F1310P0004,NA,5.773,NA,6.017,NA,1,2019,ABUJA,9273
TMS14F1310P0015,NA,8.802,NA,5.231,NA,0.9,2019,ABUJA,9280
TMS14F1311P0002,NA,7.27,NA,5.249,NA,0.8,2019,ABUJA,8860
TMS14F1312P0003,NA,7.274,NA,5.235,NA,0.8,2019,ABUJA,5401
IITA-TMS-IBA000070,12.289,6.2,10.122,4.113,5,0.6,2017,AGO-OWO,12227
IITA-TMS-IBA30572,11.962,6.342,18.906,8.258,3,1.5,2017,AGO-OWO,9141
IITA-TMS-IBA980581,8.787,10.326,10.312,5.575,4,1.1,2017,AGO-OWO,10073
IITA-TMS-IBA982101,8.906,7.974,13.188,5.733,3,1,2017,AGO-OWO,9484
TMEB419,10.781,11.825,10.807,4.408,3,1.5,2017,AGO-OWO,10314
TMS13F1021P0008,11.479,9.154,10.694,4.021,4,0.8,2017,AGO-OWO,11206
TMS13F1049P0001,12.337,6.779,11.91,2.801,1,0.9,2017,AGO-OWO,10322
TMS13F1114P0001,11.248,11.784,11.146,4.494,4,1.4,2017,AGO-OWO,10138
TMS13F1126P0003,12,5.997,7.917,3.909,3,0.8,2017,AGO-OWO,9611
TMS13F1182P0002,10.331,7.272,10.972,4.568,5,1.1,2017,AGO-OWO,11409
TMS13F1304P0003,13.233,8.681,9.861,3.696,2,0.8,2017,AGO-OWO,13306
TMS13F1315P0008,11.794,8.751,10.833,4.995,2,0.9,2017,AGO-OWO,9908
TMS13F1376P0018,12.375,7.477,5.208,3.356,NA,0.9,2017,AGO-OWO,12779
TMS13F1400P0001,11.812,7.641,14.583,3.473,4,0.9,2017,AGO-OWO,9936
TMS13F1461P0002,11.475,11.784,13.854,4.494,5,1.4,2017,AGO-OWO,11689
TMS13F2061P0005,7.866,8.013,10.868,3.964,3,0.7,2017,AGO-OWO,10276
TMS13F2207P0001,12.267,9.021,11.736,3.865,5,0.8,2017,AGO-OWO,12634
TMS14F1001P0004,13.704,7.677,12.5,3.493,3,0.9,2017,AGO-OWO,10561
TMS14F1013P0007,12.788,7.369,11.944,3.262,3,0.9,2017,AGO-OWO,9523
TMS14F1014P0016,10.719,7.375,8.646,3.277,2,0.9,2017,AGO-OWO,10223
TMS14F1014P0017,6.625,7.737,11.25,3.56,2,0.9,2017,AGO-OWO,10173
TMS14F1016P0006,15.349,7.872,10.938,3.645,13,0.9,2017,AGO-OWO,11269
TMS14F1019P0015,11.05,7.392,11.667,3.27,3,0.9,2017,AGO-OWO,11529
TMS14F1022P0003,13.062,7.414,10.208,3.316,2,0.9,2017,AGO-OWO,10660
TMS14F1022P0006,11.593,8.001,9.896,3.765,8,0.9,2017,AGO-OWO,12806
TMS14F1035P0004,12.298,11.437,8.542,5.787,5,1.3,2017,AGO-OWO,12932
TMS14F1035P0007,12.323,10.931,9.792,4.768,5,1.1,2017,AGO-OWO,10891
TMS14F1036P0007,13.686,9.859,11.111,5.859,5,1,2017,AGO-OWO,10008
TMS14F1049P0001,9.12,6.072,11.076,4.826,6,0.8,2017,AGO-OWO,10592
TMS14F1098P0013,10.933,8.013,9.306,3.964,4,0.7,2017,AGO-OWO,11532
TMS14F1120P0003,10.3,5.265,12.708,6.21,4,1,2017,AGO-OWO,10060
TMS14F1125P0010,10.775,8.013,12.188,3.964,3,0.7,2017,AGO-OWO,10855
TMS14F1131P0001,15.881,7.903,16.25,4.381,3,0.9,2017,AGO-OWO,10573
TMS14F1146P0002,13.18,8.103,10.938,4.495,NA,1,2017,AGO-OWO,10645
TMS14F1159P0003,13.033,7.26,9.479,3.562,3,1,2017,AGO-OWO,9878
TMS14F1194P0002,11.853,6.261,11.389,4.357,NA,0.8,2017,AGO-OWO,11299
TMS14F1195P0004,9.328,7.021,12.222,4.272,4,0.9,2017,AGO-OWO,10657
TMS14F1195P0005,14.6,9.887,11.146,5.588,2,0.9,2017,AGO-OWO,10320
TMS14F1196P0003,10.664,7.225,11.146,4.88,6,0.7,2017,AGO-OWO,10276
TMS14F1208P0007,11.489,4.732,7.326,4.918,3,0.7,2017,AGO-OWO,9351
TMS14F1223P0007,12.467,8.013,10.312,3.964,2,0.7,2017,AGO-OWO,10218
TMS14F1224P0004,11.75,0.599,13.438,8.867,4,0.6,2017,AGO-OWO,10673
TMS14F1262P0002,7.475,7.588,12.049,6.878,2,1.2,2017,AGO-OWO,9524
TMS14F1278P0003,12.114,8.044,8.09,4.87,NA,0.9,2017,AGO-OWO,10285
TMS14F1285P0006,11.536,9.389,9.375,3.763,7,1.2,2017,AGO-OWO,11588
TMS14F1285P0017,NA,8.397,9.375,3.472,1,1,2017,AGO-OWO,11933
TMS14F1287P0008,10.833,9.85,12.222,3.754,NA,1.2,2017,AGO-OWO,11164
TMS14F1288P0008,9.412,7.804,9.757,3.552,NA,0.7,2017,AGO-OWO,10346
TMS14F1291P0003,13.144,5.017,11.389,3.973,6,0.7,2017,AGO-OWO,10966
TMS14F1291P0011,7.752,7.534,12.986,3.395,3,0.9,2017,AGO-OWO,10601
TMS14F1291P0012,13.562,15.466,8.75,10.78,1,2,2017,AGO-OWO,11512
TMS14F1292P0012,11.493,7.078,13.889,3.324,4,0.7,2017,AGO-OWO,10410
TMS14F1295P0012,13.35,6.027,12.188,4.555,4,0.7,2017,AGO-OWO,9592
TMS14F1297P0019,16.638,12.257,14.271,5.352,NA,1.5,2017,AGO-OWO,10416
TMS14F1299P0007,12.724,5.787,12.118,4.169,4,0.7,2017,AGO-OWO,10588
TMS14F1300P0002,13.2,8.022,18.75,5.456,NA,1,2017,AGO-OWO,10443
TMS14F1300P0008,14.769,5.842,14.167,4.091,8,0.8,2017,AGO-OWO,10286
TMS14F1301P0004,13.397,8.65,14.062,3.341,8,0.8,2017,AGO-OWO,9902
TMS14F1301P0013,13.775,9.433,12.014,3.978,7,0.9,2017,AGO-OWO,9575
TMS14F1303P0012,14.854,7.43,11.458,3.623,3,1,2017,AGO-OWO,9861
TMS14F1306P0008,11.533,8.754,12.535,3.931,3,0.8,2017,AGO-OWO,10244
TMS14F1306P0015,12.931,9.754,10.729,4.151,5,1.1,2017,AGO-OWO,10078
TMS14F1306P0020,14.556,7.676,10.104,4.218,NA,0.9,2017,AGO-OWO,10451
TMS14F1310P0004,8.939,6.25,11.493,4.856,5,0.9,2017,AGO-OWO,9273
TMS14F1310P0015,8.899,7.965,13.229,4.393,4,0.8,2017,AGO-OWO,9280
TMS14F1311P0002,NA,6.322,NA,4.362,NA,0.7,2017,AGO-OWO,8860
TMS14F1312P0003,NA,6.322,NA,4.362,NA,0.7,2017,AGO-OWO,5401
IITA-TMS-IBA000070,10.693,10.597,11.823,5.174,5,0.8,2018,AGO-OWO,12227
IITA-TMS-IBA30572,8.251,8.506,8.594,9.84,3,1.6,2018,AGO-OWO,9141
IITA-TMS-IBA980581,8.259,14.459,11.892,6.388,4,1.2,2018,AGO-OWO,10073
IITA-TMS-IBA982101,6.68,11.416,9.948,7.188,3,1.1,2018,AGO-OWO,9484
TMEB419,8.603,18.251,8.941,5.225,3,1.6,2018,AGO-OWO,10314
TMS13F1021P0008,7.875,13.764,12.743,5.061,4,1,2018,AGO-OWO,11206
TMS13F1049P0001,9.826,8.811,8.021,3.439,1,1,2018,AGO-OWO,10322
TMS13F1114P0001,6.304,14.717,12.5,5.04,4,1.5,2018,AGO-OWO,10138
TMS13F1126P0003,11.825,7.734,10.833,4.732,3,0.8,2018,AGO-OWO,9611
TMS13F1182P0002,11.944,9.481,16.111,5.275,5,1.2,2018,AGO-OWO,11409
TMS13F1304P0003,8.654,12.55,15.347,4.378,2,0.9,2018,AGO-OWO,13306
TMS13F1315P0008,8.824,11.793,9.201,6.109,2,1,2018,AGO-OWO,9908
TMS13F1376P0018,8.353,10.654,17.5,4.553,NA,1,2018,AGO-OWO,12779
TMS13F1400P0001,9.093,11.293,8.507,4.839,4,1,2018,AGO-OWO,9936
TMS13F1461P0002,10.395,14.717,9.931,5.04,5,1.5,2018,AGO-OWO,11689
TMS13F2061P0005,7.032,11.755,13.993,4.961,3,0.9,2018,AGO-OWO,10276
TMS13F2207P0001,12.502,13.714,12.847,4.832,5,1,2018,AGO-OWO,12634
TMS14F1001P0004,7.088,11.33,10.382,4.876,3,1,2018,AGO-OWO,10561
TMS14F1013P0007,8.908,10.288,9.757,4.325,3,1,2018,AGO-OWO,9523
TMS14F1014P0016,9.461,10.441,9.826,4.402,2,1,2018,AGO-OWO,10223
TMS14F1014P0017,10.043,11.662,6.146,5.068,2,1,2018,AGO-OWO,10173
TMS14F1016P0006,10.836,11.923,12.361,5.234,13,1,2018,AGO-OWO,11269
TMS14F1019P0015,8.386,10.221,8.819,4.308,3,1,2018,AGO-OWO,11529
TMS14F1022P0003,11.411,10.63,10.59,4.515,2,1,2018,AGO-OWO,10660
TMS14F1022P0006,10.508,12.067,8.924,5.444,8,1,2018,AGO-OWO,12806
TMS14F1035P0004,14.228,16.738,8.75,7.67,5,1.9,2018,AGO-OWO,12932
TMS14F1035P0007,10.374,15.104,8.889,5.823,5,1.1,2018,AGO-OWO,10891
TMS14F1036P0007,12.897,12.79,11.667,7.755,5,1.1,2018,AGO-OWO,10008
TMS14F1049P0001,8.347,8.336,10.382,6.084,6,1.1,2018,AGO-OWO,10592
TMS14F1098P0013,11.653,11.585,10.694,4.883,4,0.9,2018,AGO-OWO,11532
TMS14F1120P0003,4.927,7.035,12.5,7.668,4,1.2,2018,AGO-OWO,10060
TMS14F1125P0010,5.822,11.672,11.736,4.922,3,0.9,2018,AGO-OWO,10855
TMS14F1131P0001,8.708,10.355,11.181,5.375,3,1,2018,AGO-OWO,10573
TMS14F1146P0002,11.944,10.595,10.104,5.318,NA,1.1,2018,AGO-OWO,10645
TMS14F1159P0003,8.519,9.209,9.861,4.17,3,1.1,2018,AGO-OWO,9878
TMS14F1194P0002,10.5,8.206,10.347,5.455,NA,0.9,2018,AGO-OWO,11299
TMS14F1195P0004,6.875,10.139,7.326,5.125,2,1,2018,AGO-OWO,10657
TMS14F1195P0005,6.667,13.426,9.931,7.248,4,1,2018,AGO-OWO,10320
TMS14F1196P0003,5.622,10.565,9.34,5.722,2,0.9,2018,AGO-OWO,10276
TMS14F1208P0007,8.662,6.516,8.785,6.065,6,0.8,2018,AGO-OWO,9351
TMS14F1223P0007,10.206,11.459,9.514,4.824,3,0.9,2018,AGO-OWO,10218
TMS14F1224P0004,8.215,3.351,10.312,10.424,2,0.7,2018,AGO-OWO,10673
TMS14F1262P0002,9.889,10.144,14.236,8.721,4,1.6,2018,AGO-OWO,9524
TMS14F1278P0003,11.138,10.568,11.806,6.07,2,1.2,2018,AGO-OWO,10285
TMS14F1285P0006,12.467,11.778,9.34,4.369,2,1.3,2018,AGO-OWO,11588
TMS14F1285P0017,10.643,10.812,10.417,4.285,NA,1.1,2018,AGO-OWO,11933
TMS14F1287P0008,7.879,13.034,11.562,4.446,7,1.3,2018,AGO-OWO,11164
TMS14F1288P0008,6.927,12.155,6.25,4.623,1,0.8,2018,AGO-OWO,10346
TMS14F1291P0003,8.065,7.449,11.458,5.342,NA,0.8,2018,AGO-OWO,10966
TMS14F1291P0011,11.158,10.692,8.368,4.616,NA,1,2018,AGO-OWO,10601
TMS14F1291P0012,7.656,23.232,10.312,14.044,6,2.8,2018,AGO-OWO,11512
TMS14F1292P0012,9.179,10.429,8.194,3.906,3,0.8,2018,AGO-OWO,10410
TMS14F1295P0012,8.282,9.093,12.986,6.261,1,1,2018,AGO-OWO,9592
TMS14F1297P0019,7.521,18.152,14.132,6.965,4,2,2018,AGO-OWO,10416
TMS14F1299P0007,12.852,8.286,10.417,5.485,4,1,2018,AGO-OWO,10588
TMS14F1300P0002,12.125,11.51,8.958,7.563,NA,1.4,2018,AGO-OWO,10443
TMS14F1300P0008,6.211,8.275,9.826,5.936,4,0.9,2018,AGO-OWO,10286
TMS14F1301P0004,9.939,11.688,9.028,3.934,NA,0.9,2018,AGO-OWO,9902
TMS14F1301P0013,7.282,13.816,10.972,4.657,8,1,2018,AGO-OWO,9575
TMS14F1303P0012,8.29,9.462,14.444,4.259,8,1.1,2018,AGO-OWO,9861
TMS14F1306P0008,10.372,13.345,9.514,4.939,7,0.9,2018,AGO-OWO,10244
TMS14F1306P0015,8.628,12.571,11.806,4.919,3,1.2,2018,AGO-OWO,10078
TMS14F1306P0020,7.726,10.401,9.132,5.187,3,1,2018,AGO-OWO,10451
TMS14F1310P0004,9.068,8.507,12.153,5.88,5,1,2018,AGO-OWO,9273
TMS14F1310P0015,8.242,11.803,13.438,5.154,NA,0.9,2018,AGO-OWO,9280
TMS14F1311P0002,6.414,9.514,11.667,5.103,5,0.8,2018,AGO-OWO,8860
TMS14F1312P0003,6.558,9.514,13.958,5.103,4,0.8,2018,AGO-OWO,5401
IITA-TMS-IBA000070,18.304,10.449,9.031,5.164,5,0.7,2019,AGO-OWO,12227
IITA-TMS-IBA30572,12.641,7.656,19.104,9.799,3,1.6,2019,AGO-OWO,9141
IITA-TMS-IBA980581,11.78,13.544,12.292,6.295,4,1.2,2019,AGO-OWO,10073
IITA-TMS-IBA982101,12.442,10.781,14.389,7.129,3,1.1,2019,AGO-OWO,9484
TMEB419,12.131,16.124,14.75,5.017,3,1.6,2019,AGO-OWO,10314
TMS13F1021P0008,18.096,13.082,15.062,5.009,4,1,2019,AGO-OWO,11206
TMS13F1049P0001,14.555,8.476,18.083,3.426,1,1,2019,AGO-OWO,10322
TMS13F1114P0001,13.61,14.083,9.719,4.975,4,1.5,2019,AGO-OWO,10138
TMS13F1126P0003,12.276,7.303,6.75,4.65,3,0.8,2019,AGO-OWO,9611
TMS13F1182P0002,17.438,8.819,14.99,5.221,5,1.2,2019,AGO-OWO,11409
TMS13F1304P0003,24.087,11.594,9.104,4.246,NA,0.9,2019,AGO-OWO,13306
TMS13F1315P0008,12.716,10.5,15.688,6.032,5,1,2019,AGO-OWO,9908
TMS13F1376P0018,14.419,9.833,13.719,4.49,3,1,2019,AGO-OWO,12779
TMS13F1400P0001,15.207,10.024,12.792,4.691,5,1,2019,AGO-OWO,9936
TMS13F1461P0002,17.138,14.083,12.479,4.975,3,1.5,2019,AGO-OWO,11689
TMS13F2061P0005,15.987,11.685,13.219,4.95,3,0.9,2019,AGO-OWO,10276
TMS13F2207P0001,12.592,12.999,8.458,4.765,2,1,2019,AGO-OWO,12634
TMS14F1001P0004,13.345,10.111,12.5,4.73,2,1,2019,AGO-OWO,10561
TMS14F1013P0007,10.837,9.539,12.875,4.271,13,1,2019,AGO-OWO,9523
TMS14F1014P0016,11.002,9.667,10.813,4.345,3,1,2019,AGO-OWO,10223
TMS14F1014P0017,12.131,10.558,7.458,4.961,2,1,2019,AGO-OWO,10173
TMS14F1016P0006,15.874,10.591,10.031,5.086,8,1,2019,AGO-OWO,11269
TMS14F1019P0015,15.736,9.491,NA,4.254,5,1,2019,AGO-OWO,11529
TMS14F1022P0003,11.024,9.799,8.781,4.452,5,1,2019,AGO-OWO,10660
TMS14F1022P0006,17.18,10.892,11.229,5.33,5,1,2019,AGO-OWO,12806
TMS14F1035P0004,12.554,14.642,9.125,7.248,6,1.7,2019,AGO-OWO,12932
TMS14F1035P0007,9.678,13.914,10.562,5.667,4,1.1,2019,AGO-OWO,10891
TMS14F1036P0007,8.021,11.757,13.802,7.607,4,1.1,2019,AGO-OWO,10008
TMS14F1049P0001,16.676,7.795,10.542,5.949,3,1,2019,AGO-OWO,10592
TMS14F1098P0013,15.153,11.456,10.333,4.867,NA,0.9,2019,AGO-OWO,11532
TMS14F1120P0003,19.305,6.557,13.229,7.541,2,1.1,2019,AGO-OWO,10060
TMS14F1125P0010,13.425,11.572,8.771,4.908,4,0.9,2019,AGO-OWO,10855
TMS14F1131P0001,9.632,9.743,6.542,5.277,2,1,2019,AGO-OWO,10573
TMS14F1146P0002,16.267,9.915,12.646,5.214,6,1.1,2019,AGO-OWO,10645
TMS14F1159P0003,11.571,8.564,6.896,4.115,2,1.1,2019,AGO-OWO,9878
TMS14F1194P0002,16.15,7.804,11.188,5.386,4,0.9,2019,AGO-OWO,11299
TMS14F1195P0004,9.124,8.949,NA,4.997,2,1,2019,AGO-OWO,10657
TMS14F1195P0005,15.216,11.862,7.729,7.123,2,1,2019,AGO-OWO,10320
TMS14F1196P0003,18.921,9.714,7.521,5.613,NA,0.9,2019,AGO-OWO,10276
TMS14F1208P0007,7.589,5.919,7.688,6.002,1,0.8,2019,AGO-OWO,9351
TMS14F1223P0007,15.991,11.274,8.604,4.803,NA,0.9,2019,AGO-OWO,10218
TMS14F1224P0004,22.347,2.869,16.396,10.381,6,0.7,2019,AGO-OWO,10673
TMS14F1262P0002,11.752,9.658,19.125,8.574,3,1.5,2019,AGO-OWO,9524
TMS14F1278P0003,14.67,10.132,9.594,5.976,1,1.1,2019,AGO-OWO,10285
TMS14F1285P0006,14.444,11.201,11.781,4.293,4,1.3,2019,AGO-OWO,11588
TMS14F1285P0017,13.127,10.3,11.812,4.238,4,1.1,2019,AGO-OWO,11933
TMS14F1287P0008,12.964,12.45,8.479,4.404,NA,1.3,2019,AGO-OWO,11164
TMS14F1288P0008,16.798,11.929,16.781,4.592,4,0.8,2019,AGO-OWO,10346
TMS14F1291P0003,16.538,6.71,13.167,5.29,8,0.8,2019,AGO-OWO,10966
TMS14F1291P0011,13.654,9.885,14.771,4.554,8,1,2019,AGO-OWO,10601
TMS14F1291P0012,16.088,21.124,17.062,13.65,7,2.7,2019,AGO-OWO,11512
TMS14F1292P0012,16.06,9.988,10.25,3.865,3,0.8,2019,AGO-OWO,10410
TMS14F1295P0012,12.511,8.37,7.854,6.073,5,1,2019,AGO-OWO,9592
TMS14F1297P0019,12.932,17.165,15.99,6.782,4,1.9,2019,AGO-OWO,10416
TMS14F1299P0007,NA,7.725,NA,5.358,NA,0.9,2019,AGO-OWO,10588
TMS14F1300P0002,NA,10.395,NA,7.375,NA,1.2,2019,AGO-OWO,10443
TMS14F1300P0008,NA,7.376,NA,5.74,NA,0.9,2019,AGO-OWO,10286
TMS14F1301P0004,NA,11.282,NA,3.896,NA,0.9,2019,AGO-OWO,9902
TMS14F1301P0013,NA,13.198,NA,4.604,NA,1,2019,AGO-OWO,9575
TMS14F1303P0012,NA,8.793,NA,4.206,NA,1.1,2019,AGO-OWO,9861
TMS14F1306P0008,NA,12.318,NA,4.831,NA,0.9,2019,AGO-OWO,10244
TMS14F1306P0015,NA,11.799,NA,4.809,NA,1.2,2019,AGO-OWO,10078
TMS14F1306P0020,NA,9.862,NA,5.152,NA,1,2019,AGO-OWO,10451
TMS14F1310P0004,NA,7.938,NA,5.831,NA,1,2019,AGO-OWO,9273
TMS14F1310P0015,NA,11.094,NA,5.094,NA,0.9,2019,AGO-OWO,9280
TMS14F1311P0002,NA,9.069,NA,5.057,NA,0.8,2019,AGO-OWO,8860
TMS14F1312P0003,NA,9.069,NA,5.057,NA,0.8,2019,AGO-OWO,5401
IITA-TMS-IBA000070,16.65,8.606,7.208,5.01,5,0.6,2017,IBADAN,12227
IITA-TMS-IBA30572,13.989,6.614,10.729,9.343,3,1.4,2017,IBADAN,9141
IITA-TMS-IBA980581,14.846,12.113,8.333,6.156,4,0.9,2017,IBADAN,10073
IITA-TMS-IBA982101,7.055,8.808,10.104,6.723,3,1,2017,IBADAN,9484
TMEB419,16.125,13.932,8.958,4.806,3,1.3,2017,IBADAN,10314
TMS13F1021P0008,19.392,11.345,9.375,4.804,4,0.8,2017,IBADAN,11206
TMS13F1114P0001,18.003,12.289,14.583,4.779,4,1.3,2017,IBADAN,10138
TMS13F1182P0002,14.939,7.404,9.271,4.982,5,1,2017,IBADAN,11409
TMS13F1461P0002,17.253,12.289,8.958,4.779,5,1.3,2017,IBADAN,11689
TMS13F2061P0005,14.43,9.587,8.875,4.67,3,0.7,2017,IBADAN,10276
TMS13F2207P0001,20.073,11.337,8.896,4.575,5,0.7,2017,IBADAN,12634
TMS14F1001P0004,13.062,8.879,7.292,4.258,3,0.9,2017,IBADAN,10561
TMS14F1016P0006,3.106,9.444,5.417,4.529,13,0.9,2017,IBADAN,11269
TMS14F1022P0006,15.1,9.769,4.375,4.722,5,0.9,2017,IBADAN,12806
TMS14F1035P0004,24.7,13.231,10.417,6.712,5,1.2,2017,IBADAN,12932
TMS14F1035P0007,14.516,12.798,8.125,5.264,6,1,2017,IBADAN,10891
TMS14F1036P0007,5.225,10.851,14.167,6.971,4,0.9,2017,IBADAN,10008
TMS14F1049P0001,11.48,5.956,14.583,5.513,NA,0.7,2017,IBADAN,10592
TMS14F1120P0003,17.476,4.72,11.875,7.033,4,0.8,2017,IBADAN,10060
TMS14F1194P0002,16.055,6.546,4,5.11,3,0.8,2017,IBADAN,11299
TMS14F1195P0005,12.776,11.525,5.014,6.49,NA,0.8,2017,IBADAN,10320
TMS14F1223P0007,5.25,9.486,7.792,4.578,4,0.7,2017,IBADAN,10218
TMS14F1262P0002,20.085,7.826,14.583,8.074,4,1.1,2017,IBADAN,9524
TMS14F1285P0017,14.5,8.832,7.042,3.991,8,0.9,2017,IBADAN,11933
TMS14F1291P0011,16.188,8.622,9.583,4.117,3,0.9,2017,IBADAN,10601
TMS14F1297P0019,12.3,14.772,5,6.261,5,1.3,2017,IBADAN,10416
TMS14F1300P0008,10.35,6.473,9.167,5.091,5,0.7,2017,IBADAN,10286
TMS14F1303P0012,17.475,7.587,9.229,3.985,4,0.9,2017,IBADAN,9861
TMS14F1306P0015,NA,10.293,NA,4.536,NA,1,2017,IBADAN,10078
TMS14F1306P0020,NA,7.836,NA,4.789,NA,0.9,2017,IBADAN,10451
TMS14F1310P0004,NA,6.534,NA,5.522,NA,0.8,2017,IBADAN,9273
TMS14F1311P0002,NA,7.728,NA,4.926,NA,0.6,2017,IBADAN,8860
TMS14F1312P0003,NA,7.728,NA,4.926,NA,0.6,2017,IBADAN,5401
IITA-TMS-IBA000070,19.598,9.339,6.726,5.137,5,0.7,2018,IBADAN,12227
IITA-TMS-IBA30572,13.945,6.969,9.823,9.454,3,1.5,2018,IBADAN,9141
IITA-TMS-IBA980581,13.473,13.375,8.441,6.33,4,1.1,2018,IBADAN,10073
IITA-TMS-IBA982101,12.288,9.377,9.094,6.849,3,1,2018,IBADAN,9484
TMEB419,12.326,14.855,8.828,4.895,3,1.5,2018,IBADAN,10314
TMS13F1021P0008,20.129,12.066,7.826,4.943,4,0.9,2018,IBADAN,11206
TMS13F1049P0001,13.441,7.167,6.681,3.27,1,0.9,2018,IBADAN,10322
TMS13F1114P0001,15.432,12.833,8.326,4.848,4,1.4,2018,IBADAN,10138
TMS13F1182P0002,14.316,7.832,9.674,5.075,5,1.1,2018,IBADAN,11409
TMS13F1304P0003,20.428,11.276,6.646,4.29,2,0.8,2018,IBADAN,13306
TMS13F1315P0008,15.883,10.176,9.514,5.604,2,1,2018,IBADAN,9908
TMS13F1376P0018,19.474,8.786,4.625,4.117,NA,1,2018,IBADAN,12779
TMS13F1400P0001,10.535,9.134,8.514,4.304,4,1,2018,IBADAN,9936
TMS13F1461P0002,11.315,12.833,7.792,4.848,5,1.4,2018,IBADAN,11689
TMS13F2061P0005,12.111,10.831,8.09,4.895,3,0.8,2018,IBADAN,10276
TMS13F2207P0001,20.434,12.096,9.271,4.706,5,0.9,2018,IBADAN,12634
TMS14F1001P0004,19.194,9.167,8.361,4.33,3,1,2018,IBADAN,10561
TMS14F1013P0007,13.33,8.435,6.59,3.954,3,1,2018,IBADAN,9523
TMS14F1016P0006,24.604,9.743,8.194,4.601,13,1,2018,IBADAN,11269
TMS14F1019P0015,18.476,8.385,9.823,3.942,3,1,2018,IBADAN,11529
TMS14F1022P0003,17.503,8.752,5.66,4.085,2,1,2018,IBADAN,10660
TMS14F1022P0006,22.827,10.117,7.59,4.806,8,1,2018,IBADAN,12806
TMS14F1035P0004,21.854,13.547,5.25,6.774,5,1.4,2018,IBADAN,12932
TMS14F1035P0007,20.441,12.967,6.868,5.277,5,1.1,2018,IBADAN,10891
TMS14F1036P0007,22.64,11.385,11.278,7.148,5,1,2018,IBADAN,10008
TMS14F1049P0001,13.785,6.421,7.25,5.68,6,0.8,2018,IBADAN,10592
TMS14F1120P0003,12.946,5.217,7.007,7.25,4,0.9,2018,IBADAN,10060
TMS14F1125P0010,17.841,10.778,7.368,4.86,3,0.8,2018,IBADAN,10855
TMS14F1146P0002,15.149,8.944,5.875,4.991,NA,1,2018,IBADAN,10645
TMS14F1159P0003,11.622,7.607,6.312,3.971,3,1.1,2018,IBADAN,9878
TMS14F1194P0002,11.635,6.951,8.562,5.211,NA,0.8,2018,IBADAN,11299
TMS14F1195P0004,10.86,8.181,7.188,4.75,2,0.9,2018,IBADAN,10657
TMS14F1195P0005,16.551,12.041,6.819,6.534,4,0.9,2018,IBADAN,10320
TMS14F1223P0007,18.802,10.637,4.861,4.774,3,0.8,2018,IBADAN,10218
TMS14F1262P0002,18.393,7.939,7.785,8.14,4,1.2,2018,IBADAN,9524
TMS14F1278P0003,14.786,8.827,5.507,5.685,2,0.9,2018,IBADAN,10285
TMS14F1285P0017,17.392,9.147,4.604,4.048,NA,1,2018,IBADAN,11933
TMS14F1287P0008,17.799,11.089,9.417,4.243,7,1.2,2018,IBADAN,11164
TMS14F1288P0008,13.304,10.948,9.865,4.603,1,0.8,2018,IBADAN,10346
TMS14F1291P0003,18.923,6.042,5.806,4.867,NA,0.7,2018,IBADAN,10966
TMS14F1291P0011,14.717,8.902,5.042,4.178,6,1,2018,IBADAN,10601
TMS14F1291P0012,16.071,22.206,7.792,12.438,1,1.9,2018,IBADAN,11512
TMS14F1295P0012,10.544,7.35,8.906,5.605,4,0.8,2018,IBADAN,9592
TMS14F1297P0019,13.983,15.086,9.16,6.301,4,1.5,2018,IBADAN,10416
TMS14F1299P0007,15.89,6.497,8.219,4.988,NA,0.8,2018,IBADAN,10588
TMS14F1300P0002,15.678,9.211,9.097,6.762,4,1,2018,IBADAN,10443
TMS14F1300P0008,17.95,6.787,8.944,5.234,NA,0.8,2018,IBADAN,10286
TMS14F1301P0004,16.455,11.066,7.646,3.91,8,0.8,2018,IBADAN,9902
TMS14F1301P0013,16.499,12.272,9.042,4.573,8,0.9,2018,IBADAN,9575
TMS14F1303P0012,14.478,7.878,8.427,4.047,7,1.1,2018,IBADAN,9861
TMS14F1306P0008,19.343,11.559,8.875,4.776,3,0.9,2018,IBADAN,10244
TMS14F1306P0015,16.77,10.95,8.583,4.625,3,1.1,2018,IBADAN,10078
TMS14F1306P0020,15.842,8.629,5.514,4.96,5,1,2018,IBADAN,10451
TMS14F1310P0004,19.443,6.952,7.521,5.609,NA,0.9,2018,IBADAN,9273
TMS14F1310P0015,18.289,10.524,9.243,5.104,5,0.8,2018,IBADAN,9280
TMS14F1311P0002,17.622,8.499,7.229,5.054,4,0.7,2018,IBADAN,8860
TMS14F1312P0003,NA,8.499,NA,5.054,NA,0.7,2018,IBADAN,5401
IITA-TMS-IBA000070,12.358,8.121,5.438,4.716,5,0.8,2019,IBADAN,12227
IITA-TMS-IBA30572,6.074,6.75,6.271,9.107,3,1.6,2019,IBADAN,9141
IITA-TMS-IBA980581,8.226,11.863,9.49,5.912,4,1.2,2019,IBADAN,10073
IITA-TMS-IBA982101,7.716,10.02,13.156,6.614,3,1.1,2019,IBADAN,9484
TMEB419,10.342,13.975,9.181,4.668,3,1.6,2019,IBADAN,10314
TMS13F1021P0008,6.99,11.253,7.542,4.5,4,1,2019,IBADAN,11206
TMS13F1049P0001,10.551,7.806,7.208,3.137,4,1,2019,IBADAN,10322
TMS13F1114P0001,8.82,12.958,6.938,4.714,5,1.5,2019,IBADAN,10138
TMS13F1126P0003,8.569,6.688,7.958,4.27,2,0.8,2019,IBADAN,9611
TMS13F1182P0002,9.611,8.055,14.01,4.92,2,1.2,2019,IBADAN,11409
TMS13F1304P0003,10.169,10.431,3.833,3.989,NA,0.9,2019,IBADAN,13306
TMS13F1315P0008,7.763,9.663,7.594,5.424,5,1,2019,IBADAN,9908
TMS13F1376P0018,7.05,8.813,5.312,3.922,3,1,2019,IBADAN,12779
TMS13F1400P0001,8.095,9.016,10.625,4.075,5,1,2019,IBADAN,9936
TMS13F1461P0002,10.166,12.958,7.417,4.714,3,1.5,2019,IBADAN,11689
TMS13F2061P0005,11.528,9.547,9.375,4.405,2,0.9,2019,IBADAN,10276
TMS13F2207P0001,9.123,11.04,8.375,4.271,2,1,2019,IBADAN,12634
TMS14F1001P0004,11.424,9.029,6.438,4.096,13,1,2019,IBADAN,10561
TMS14F1013P0007,10.616,8.556,6.833,3.749,2,1,2019,IBADAN,9523
TMS14F1014P0016,8.631,8.605,5.094,3.79,8,1,2019,IBADAN,10223
TMS14F1014P0017,11.789,9.2,5.958,4.206,5,1,2019,IBADAN,10173
TMS14F1016P0006,8.289,9.267,4.719,4.299,5,1,2019,IBADAN,11269
TMS14F1019P0015,11.243,8.552,8.312,3.755,5,1,2019,IBADAN,11529
TMS14F1022P0003,5.75,8.657,6.948,3.84,6,1,2019,IBADAN,10660
TMS14F1022P0006,8.61,9.398,10.792,4.453,4,1,2019,IBADAN,12806
TMS14F1035P0004,10.161,13.01,5.875,6.51,3,1.6,2019,IBADAN,12932
TMS14F1035P0007,8.463,12.5,5.021,5.164,3,1.1,2019,IBADAN,10891
TMS14F1036P0007,8.727,10.71,9.031,6.79,NA,1.1,2019,IBADAN,10008
TMS14F1049P0001,8.413,7.182,7.552,5.447,4,1,2019,IBADAN,10592
TMS14F1098P0013,10.014,9.543,4.562,4.384,2,0.9,2019,IBADAN,11532
TMS14F1120P0003,9.311,6.004,7.854,6.905,6,1,2019,IBADAN,10060
TMS14F1125P0010,8.834,9.545,3.708,4.394,3,0.9,2019,IBADAN,10855
TMS14F1131P0001,13.213,9.061,9.75,4.856,4,1,2019,IBADAN,10573
TMS14F1146P0002,8.072,9.119,3.854,4.846,NA,1.1,2019,IBADAN,10645
TMS14F1159P0003,7.142,7.959,13.812,3.861,1,1.1,2019,IBADAN,9878
TMS14F1194P0002,7.678,7.213,5.719,4.901,NA,0.9,2019,IBADAN,11299
TMS14F1195P0004,11.885,7.643,9.875,4.529,1,1,2019,IBADAN,10657
TMS14F1195P0005,5.717,10.996,10.542,6.343,4,0.9,2019,IBADAN,10320
TMS14F1196P0003,10.283,8.71,5.167,5.282,4,0.9,2019,IBADAN,10276
TMS14F1208P0007,10.631,5.395,10.417,5.44,4,0.8,2019,IBADAN,9351
TMS14F1223P0007,12.853,9.539,7.312,4.368,8,0.9,2019,IBADAN,10218
TMS14F1262P0002,9.121,8.969,7.979,7.862,8,1.4,2019,IBADAN,9524
TMS14F1278P0003,8.488,9.483,8.083,5.498,3,1,2019,IBADAN,10285
TMS14F1285P0006,8.938,10.365,7.792,4.016,3,1.3,2019,IBADAN,11588
TMS14F1285P0017,6.646,9.474,4.219,3.866,5,1.1,2019,IBADAN,11933
TMS14F1287P0008,8.632,11.536,6.812,4.134,5,1.3,2019,IBADAN,11164
TMS14F1288P0008,8.801,9.58,5.292,4.079,4,0.8,2019,IBADAN,10346
TMS14F1291P0003,NA,5.77,NA,4.544,NA,0.8,2019,IBADAN,10966
TMS14F1291P0011,NA,8.872,NA,3.973,NA,1,2019,IBADAN,10601
TMS14F1291P0012,NA,18.424,NA,11.847,NA,2.4,2019,IBADAN,11512
TMS14F1292P0012,NA,8.767,NA,3.6,NA,0.8,2019,IBADAN,10410
TMS14F1295P0012,NA,7.275,NA,5.296,NA,0.9,2019,IBADAN,9592
TMS14F1297P0019,NA,14.958,NA,6.069,NA,1.7,2019,IBADAN,10416
TMS14F1299P0007,NA,6.79,NA,4.758,NA,0.9,2019,IBADAN,10588
TMS14F1300P0002,NA,9.381,NA,6.417,NA,1.2,2019,IBADAN,10443
TMS14F1300P0008,NA,6.471,NA,4.797,NA,0.9,2019,IBADAN,10286
TMS14F1301P0004,NA,10.168,NA,3.656,NA,0.9,2019,IBADAN,9902
TMS14F1301P0013,NA,11.507,NA,4.26,NA,1,2019,IBADAN,9575
TMS14F1303P0012,NA,8.046,NA,3.921,NA,1.1,2019,IBADAN,9861
TMS14F1306P0008,NA,10.369,NA,4.311,NA,0.9,2019,IBADAN,10244
TMS14F1306P0015,NA,10.929,NA,4.444,NA,1.2,2019,IBADAN,10078
TMS14F1306P0020,NA,9.196,NA,4.769,NA,1,2019,IBADAN,10451
TMS14F1310P0004,NA,7.213,NA,5.364,NA,1,2019,IBADAN,9273
TMS14F1310P0015,NA,9.759,NA,4.761,NA,0.9,2019,IBADAN,9280
TMS14F1311P0002,NA,7.926,NA,4.749,NA,0.8,2019,IBADAN,8860
TMS14F1312P0003,NA,7.926,NA,4.749,NA,0.8,2019,IBADAN,5401
IITA-TMS-IBA000070,12.814,9.047,7.917,5.152,5,0.7,2017,IKENNE,12227
IITA-TMS-IBA30572,8.75,6.823,8.333,9.437,3,1.5,2017,IKENNE,9141
IITA-TMS-IBA980581,10.4,13.338,7.396,6.39,4,1.1,2017,IKENNE,10073
IITA-TMS-IBA982101,10.555,9.19,9.167,6.816,3,1.1,2017,IKENNE,9484
TMEB419,9.775,15.053,7.812,4.938,3,1.5,2017,IKENNE,10314
TMS13F1021P0008,12.969,12.328,9.549,4.993,4,0.9,2017,IKENNE,11206
TMS13F1049P0001,7.656,7.529,7.812,3.311,4,0.9,2017,IKENNE,10322
TMS13F1114P0001,9.623,13.591,8.333,4.925,5,1.4,2017,IKENNE,10138
TMS13F1126P0003,12.589,6.574,10.069,4.404,5,0.8,2017,IKENNE,9611
TMS13F1182P0002,12.142,8.074,7.812,5.126,3,1.1,2017,IKENNE,11409
TMS13F1304P0003,13.097,11.468,10.417,4.35,5,0.8,2017,IKENNE,13306
TMS13F1315P0008,13.023,10.163,7.465,5.482,3,0.9,2017,IKENNE,9908
TMS13F1376P0018,13.296,9.153,6.458,4.1,13,1,2017,IKENNE,12779
TMS13F1400P0001,14.116,9.434,7.656,4.257,8,1,2017,IKENNE,9936
TMS13F1461P0002,14.428,13.591,5.347,4.925,5,1.4,2017,IKENNE,11689
TMS13F2061P0005,6.491,10.664,4.688,4.874,5,0.8,2017,IKENNE,10276
TMS13F2207P0001,14.861,12.244,9.132,4.742,5,0.9,2017,IKENNE,12634
TMS14F1001P0004,8.532,9.45,5.26,4.278,6,1,2017,IKENNE,10561
TMS14F1013P0007,5.147,8.786,7.76,3.94,4,1,2017,IKENNE,9523
TMS14F1014P0016,13.38,8.895,7.604,3.982,NA,1,2017,IKENNE,10223
TMS14F1014P0017,12.712,9.705,9.028,4.398,4,1,2017,IKENNE,10173
TMS14F1016P0006,12.435,9.925,4.965,4.515,3,1,2017,IKENNE,11269
TMS14F1019P0015,15.638,8.797,7.222,3.944,2,1,2017,IKENNE,11529
TMS14F1022P0003,13.634,9.051,8.229,4.052,4,1,2017,IKENNE,10660
TMS14F1022P0006,11.531,10.282,4.792,4.708,NA,1,2017,IKENNE,12806
TMS14F1035P0004,14.473,13.851,4.167,6.796,NA,1.4,2017,IKENNE,12932
TMS14F1035P0007,8.27,13.384,7.448,5.255,4,1.1,2017,IKENNE,10891
TMS14F1036P0007,10.278,11.76,10.069,7.157,4,1,2017,IKENNE,10008
TMS14F1049P0001,12.29,6.344,11.215,5.702,8,0.8,2017,IKENNE,10592
TMS14F1098P0013,17.062,10.598,9.688,4.821,3,0.8,2017,IKENNE,11532
TMS14F1120P0003,12.129,5.415,8.125,7.356,3,0.9,2017,IKENNE,10060
TMS14F1125P0010,13.128,10.631,6.424,4.847,5,0.8,2017,IKENNE,10855
TMS14F1131P0001,7.488,8.86,8.924,5,5,0.9,2017,IKENNE,10573
TMS14F1146P0002,10.306,9.041,9.097,4.953,4,1,2017,IKENNE,10645
TMS14F1159P0003,NA,7.963,NA,4.023,NA,1.1,2017,IKENNE,9878
TMS14F1194P0002,NA,6.84,NA,5.081,NA,0.8,2017,IKENNE,11299
TMS14F1195P0004,NA,8.44,NA,4.778,NA,0.9,2017,IKENNE,10657
TMS14F1195P0005,NA,12.731,NA,6.538,NA,0.9,2017,IKENNE,10320
TMS14F1196P0003,NA,9.466,NA,5.697,NA,0.8,2017,IKENNE,10276
TMS14F1208P0007,NA,5.303,NA,5.689,NA,0.8,2017,IKENNE,9351
TMS14F1223P0007,NA,10.547,NA,4.781,NA,0.8,2017,IKENNE,10218
TMS14F1224P0004,NA,2.308,NA,10.787,NA,0.7,2017,IKENNE,10673
TMS14F1262P0002,NA,7.948,NA,8.207,NA,1.2,2017,IKENNE,9524
TMS14F1278P0003,NA,9.008,NA,5.729,NA,0.9,2017,IKENNE,10285
TMS14F1285P0006,NA,10.22,NA,4.113,NA,1.2,2017,IKENNE,11588
TMS14F1285P0017,NA,9.561,NA,4.086,NA,1,2017,IKENNE,11933
TMS14F1287P0008,NA,11.211,NA,4.278,NA,1.2,2017,IKENNE,11164
TMS14F1288P0008,NA,11.02,NA,4.594,NA,0.8,2017,IKENNE,10346
TMS14F1291P0003,NA,6.117,NA,4.771,NA,0.7,2017,IKENNE,10966
TMS14F1291P0011,NA,9.256,NA,4.155,NA,1,2017,IKENNE,10601
TMS14F1291P0012,NA,20.692,NA,11.948,NA,1.8,2017,IKENNE,11512
TMS14F1292P0012,NA,9.591,NA,3.92,NA,0.7,2017,IKENNE,10410
TMS14F1295P0012,NA,7.166,NA,5.569,NA,0.7,2017,IKENNE,9592
TMS14F1297P0019,NA,15.745,NA,6.375,NA,1.5,2017,IKENNE,10416
TMS14F1299P0007,NA,6.59,NA,5.02,NA,0.7,2017,IKENNE,10588
TMS14F1300P0002,NA,9,NA,6.695,NA,1,2017,IKENNE,10443
TMS14F1300P0008,NA,6.858,NA,5.093,NA,0.8,2017,IKENNE,10286
TMS14F1301P0004,NA,11.246,NA,3.974,NA,0.8,2017,IKENNE,9902
TMS14F1301P0013,NA,12.438,NA,4.63,NA,0.9,2017,IKENNE,9575
TMS14F1303P0012,NA,8.185,NA,4.089,NA,1.1,2017,IKENNE,9861
TMS14F1306P0008,NA,11.338,NA,4.737,NA,0.9,2017,IKENNE,10244
TMS14F1306P0015,NA,10.944,NA,4.569,NA,1.1,2017,IKENNE,10078
TMS14F1306P0020,NA,8.783,NA,4.985,NA,1,2017,IKENNE,10451
TMS14F1310P0004,NA,7.068,NA,5.634,NA,0.9,2017,IKENNE,9273
TMS14F1310P0015,NA,10.538,NA,5.16,NA,0.8,2017,IKENNE,9280
TMS14F1311P0002,NA,8.558,NA,5.119,NA,0.7,2017,IKENNE,8860
TMS14F1312P0003,NA,8.558,NA,5.119,NA,0.7,2017,IKENNE,5401
IITA-TMS-IBA000070,8.592,12.009,7.049,5.352,5,0.7,2018,IKENNE,12227
IITA-TMS-IBA30572,6.04,8.6,6.771,9.775,3,1.6,2018,IKENNE,9141
IITA-TMS-IBA980581,7.869,15.682,8.021,6.554,4,1.2,2018,IKENNE,10073
IITA-TMS-IBA982101,5.607,11.774,7.396,7.259,3,1.1,2018,IKENNE,9484
TMEB419,5.861,18.272,6.684,5.191,3,1.6,2018,IKENNE,10314
TMS13F1021P0008,7.925,15.109,6.042,5.31,4,1,2018,IKENNE,11206
TMS13F1049P0001,4.006,8.828,6.25,3.485,1,1,2018,IKENNE,10322
TMS13F1114P0001,4.4,15.125,5.66,5.072,4,1.5,2018,IKENNE,10138
TMS13F1126P0003,3.739,7.764,6.25,4.704,3,0.8,2018,IKENNE,9611
TMS13F1182P0002,5.688,9.556,8.646,5.291,5,1.2,2018,IKENNE,11409
TMS13F1304P0003,3.453,13.287,6.875,4.484,2,0.9,2018,IKENNE,13306
TMS13F1315P0008,3.427,11.72,4.931,5.965,2,1,2018,IKENNE,9908
TMS13F1376P0018,2.781,11.064,9.618,4.548,NA,1,2018,IKENNE,12779
TMS13F1400P0001,5.135,11.473,3.507,4.759,4,1,2018,IKENNE,9936
TMS13F1461P0002,4.215,15.125,6.771,5.072,5,1.5,2018,IKENNE,11689
TMS13F2061P0005,3.889,13.612,5,5.175,3,0.9,2018,IKENNE,10276
TMS13F2207P0001,7.814,14.682,6.319,4.987,5,0.9,2018,IKENNE,12634
TMS14F1001P0004,7.219,11.418,6.528,4.765,3,1,2018,IKENNE,10561
TMS14F1013P0007,5.086,10.57,8.073,4.325,3,1,2018,IKENNE,9523
TMS14F1014P0016,4.983,10.794,3.819,4.407,2,1,2018,IKENNE,10223
TMS14F1014P0017,4.033,11.821,5.625,4.949,2,1,2018,IKENNE,10173
TMS14F1016P0006,4.297,12.084,3.472,5.093,13,1,2018,IKENNE,11269
TMS14F1019P0015,4.109,10.515,5.451,4.312,3,1,2018,IKENNE,11529
TMS14F1022P0003,3.595,11.032,6.806,4.51,2,1,2018,IKENNE,10660
TMS14F1022P0006,4.419,12.697,3.125,5.377,8,1,2018,IKENNE,12806
TMS14F1035P0004,6.623,16.535,3.299,7.48,5,1.6,2018,IKENNE,12932
TMS14F1035P0007,5.908,15.485,4.618,5.638,5,1.1,2018,IKENNE,10891
TMS14F1036P0007,8.551,13.417,6.25,7.679,5,1.1,2018,IKENNE,10008
TMS14F1049P0001,4.961,8.16,5.625,6.143,6,1,2018,IKENNE,10592
TMS14F1098P0013,6.283,13.337,7.222,5.091,4,0.9,2018,IKENNE,11532
TMS14F1120P0003,4.409,6.994,6.84,7.754,4,1.1,2018,IKENNE,10060
TMS14F1125P0010,4.073,13.476,7.847,5.133,3,0.9,2018,IKENNE,10855
TMS14F1131P0001,7.333,10.638,3.542,5.375,3,1,2018,IKENNE,10573
TMS14F1146P0002,3.753,10.799,5.069,5.262,NA,1.1,2018,IKENNE,10645
TMS14F1159P0003,3.97,9.252,5.66,4.182,3,1.1,2018,IKENNE,9878
TMS14F1194P0002,6.165,8.362,4.722,5.511,NA,0.9,2018,IKENNE,11299
TMS14F1195P0004,3.264,10.214,5.625,5.025,2,1,2018,IKENNE,10657
TMS14F1195P0005,7.439,13.977,4.965,7.056,4,1,2018,IKENNE,10320
TMS14F1196P0003,2.812,11.36,6.181,5.908,2,0.9,2018,IKENNE,10276
TMS14F1208P0007,5.716,6.528,4.965,6.041,6,0.8,2018,IKENNE,9351
TMS14F1223P0007,6.286,13.12,3.819,5.028,3,0.9,2018,IKENNE,10218
TMS14F1224P0004,4.56,4.249,3.993,10.742,2,0.7,2018,IKENNE,10673
TMS14F1262P0002,8.247,10.212,4.792,8.859,4,1.4,2018,IKENNE,9524
TMS14F1278P0003,2.486,10.952,5.764,6.18,2,1.1,2018,IKENNE,10285
TMS14F1285P0006,4.757,12.068,6.215,4.355,2,1.3,2018,IKENNE,11588
TMS14F1285P0017,8.594,11.047,4.722,4.339,NA,1.1,2018,IKENNE,11933
TMS14F1287P0008,6.694,13.57,7.812,4.524,7,1.3,2018,IKENNE,11164
TMS14F1288P0008,2.688,13.976,3.75,4.846,1,0.8,2018,IKENNE,10346
TMS14F1291P0003,3.09,7.704,6.389,5.245,NA,0.8,2018,IKENNE,10966
TMS14F1291P0011,5.147,11.122,3.229,4.602,NA,1,2018,IKENNE,10601
TMS14F1291P0012,4.538,25.631,7.743,13.271,6,2.5,2018,IKENNE,11512
TMS14F1292P0012,6.875,11.367,8.75,4.064,3,0.8,2018,IKENNE,10410
TMS14F1295P0012,4.193,9.138,5.868,6.194,1,0.9,2018,IKENNE,9592
TMS14F1297P0019,5.438,18.875,7.361,6.901,4,1.8,2018,IKENNE,10416
TMS14F1299P0007,5.26,8.153,8.576,5.446,4,0.9,2018,IKENNE,10588
TMS14F1300P0002,5.172,11.349,4.896,7.563,NA,1.2,2018,IKENNE,10443
TMS14F1300P0008,5.875,8.402,6.562,5.757,4,0.9,2018,IKENNE,10286
TMS14F1301P0004,6.632,12.979,8.16,4.109,NA,0.9,2018,IKENNE,9902
TMS14F1301P0013,5.536,14.707,7.257,4.793,8,1,2018,IKENNE,9575
TMS14F1303P0012,6.265,9.522,6.493,4.262,8,1.1,2018,IKENNE,9861
TMS14F1306P0008,5.444,14.269,6.458,5.054,7,0.9,2018,IKENNE,10244
TMS14F1306P0015,8.993,12.874,7.812,4.876,3,1.2,2018,IKENNE,10078
TMS14F1306P0020,7.687,10.659,6.736,5.266,3,1,2018,IKENNE,10451
TMS14F1310P0004,4.867,8.649,4.722,5.914,5,1,2018,IKENNE,9273
TMS14F1310P0015,4.184,12.516,7.153,5.289,NA,0.9,2018,IKENNE,9280
TMS14F1311P0002,6.698,10.466,5.833,5.263,5,0.8,2018,IKENNE,8860
TMS14F1312P0003,6.541,10.467,6.181,5.262,4,0.8,2018,IKENNE,5401
IITA-TMS-IBA000070,16.143,10.917,14.444,5.344,5,0.7,2019,IKENNE,12227
IITA-TMS-IBA30572,10.164,7.688,16.597,9.876,3,1.6,2019,IKENNE,9141
IITA-TMS-IBA980581,12.693,14.482,15.844,6.547,4,1.2,2019,IKENNE,10073
IITA-TMS-IBA982101,12.538,11.09,19.125,7.34,3,1.1,2019,IKENNE,9484
TMEB419,14.173,16.802,16.135,5.113,3,1.5,2019,IKENNE,10314
TMS13F1021P0008,10.998,14.711,12.667,5.365,4,1,2019,IKENNE,11206
TMS13F1049P0001,11.915,8.377,16.396,3.487,1,1,2019,IKENNE,10322
TMS13F1114P0001,9.189,14.598,14.135,5.075,4,1.5,2019,IKENNE,10138
TMS13F1126P0003,14.468,7.114,16.771,4.674,3,0.8,2019,IKENNE,9611
TMS13F1182P0002,9.945,8.949,22.875,5.315,5,1.2,2019,IKENNE,11409
TMS13F1304P0003,25.83,12.586,17.208,4.487,2,0.9,2019,IKENNE,13306
TMS13F1315P0008,11.129,10.844,18.438,6.006,2,1,2019,IKENNE,9908
TMS13F1376P0018,23.523,10.024,15.188,4.511,NA,1,2019,IKENNE,12779
TMS13F1400P0001,9.201,10.304,23.646,4.713,4,1,2019,IKENNE,9936
TMS13F1461P0002,12.305,14.598,18.25,5.075,5,1.5,2019,IKENNE,11689
TMS13F2061P0005,9.47,12.325,17.604,5.14,3,0.9,2019,IKENNE,10276
TMS13F2207P0001,14.417,14.77,12.938,5.083,5,0.9,2019,IKENNE,12634
TMS14F1001P0004,12.462,10.366,17.042,4.744,3,1,2019,IKENNE,10561
TMS14F1013P0007,12.798,9.528,21.292,4.274,2,1,2019,IKENNE,9523
TMS14F1014P0016,12.251,9.71,13.167,4.349,13,1,2019,IKENNE,10223
TMS14F1014P0017,10.403,10.697,14.333,4.912,3,1,2019,IKENNE,10173
TMS14F1016P0006,12.26,10.793,15.344,5.032,8,1,2019,IKENNE,11269
TMS14F1019P0015,16.182,9.635,10.75,4.294,5,1,2019,IKENNE,11529
TMS14F1022P0003,14.823,10.073,14.417,4.484,5,1,2019,IKENNE,10660
TMS14F1022P0006,21.21,11.12,21.156,5.263,5,1,2019,IKENNE,12806
TMS14F1035P0004,11.236,14.866,17.844,7.305,6,1.6,2019,IKENNE,12932
TMS14F1035P0007,6.925,14.697,13.167,5.628,4,1.1,2019,IKENNE,10891
TMS14F1036P0007,4.096,12.112,21.438,7.785,4,1.1,2019,IKENNE,10008
TMS14F1049P0001,15.516,7.238,15.667,6.08,3,0.9,2019,IKENNE,10592
TMS14F1098P0013,18.655,12.099,16.333,5.058,3,0.9,2019,IKENNE,11532
TMS14F1120P0003,9.599,6.127,15.667,7.732,NA,1.1,2019,IKENNE,10060
TMS14F1125P0010,10.931,12.212,14.042,5.099,NA,0.9,2019,IKENNE,10855
TMS14F1131P0001,14.554,9.693,14.667,5.34,2,1,2019,IKENNE,10573
TMS14F1146P0002,12.718,10.054,18,5.239,4,1.1,2019,IKENNE,10645
TMS14F1159P0003,11.319,8.712,14.417,4.198,2,1.1,2019,IKENNE,9878
TMS14F1194P0002,13.041,7.644,13.125,5.483,6,0.9,2019,IKENNE,11299
TMS14F1195P0004,13.558,9.284,12.583,5.031,3,1,2019,IKENNE,10657
TMS14F1195P0005,11.915,12.846,9.302,7.182,2,0.9,2019,IKENNE,10320
TMS14F1196P0003,14.505,10.675,15.688,5.959,4,0.9,2019,IKENNE,10276
TMS14F1208P0007,10.367,5.855,11.104,6.082,2,0.8,2019,IKENNE,9351
TMS14F1223P0007,16.138,11.92,16.292,4.996,2,0.9,2019,IKENNE,10218
TMS14F1224P0004,19.085,4.433,11.542,11.139,NA,0.7,2019,IKENNE,10673
TMS14F1262P0002,5.332,9.056,4.688,8.793,1,1.3,2019,IKENNE,9524
TMS14F1278P0003,14.628,10.259,10.281,6.133,NA,1,2019,IKENNE,10285
TMS14F1285P0006,13.887,11.396,13.625,4.334,6,1.3,2019,IKENNE,11588
TMS14F1285P0017,15.337,10.246,12.646,4.314,1,1.1,2019,IKENNE,11933
TMS14F1287P0008,14.079,12.65,20.021,4.494,4,1.3,2019,IKENNE,11164
TMS14F1288P0008,17.297,12.571,23.354,4.778,4,0.8,2019,IKENNE,10346
TMS14F1291P0003,13.899,6.924,19.167,5.28,NA,0.8,2019,IKENNE,10966
TMS14F1291P0011,10.248,10.186,17.229,4.588,4,1,2019,IKENNE,10601
TMS14F1291P0012,18.891,24.012,20.583,13.191,NA,2.3,2019,IKENNE,11512
TMS14F1292P0012,12.946,10.442,19.104,4.017,8,0.8,2019,IKENNE,10410
TMS14F1295P0012,16.268,8.317,16.604,6.14,3,0.9,2019,IKENNE,9592
TMS14F1297P0019,19.672,17.127,16.75,6.782,3,1.7,2019,IKENNE,10416
TMS14F1299P0007,12.884,7.423,19.073,5.401,5,0.8,2019,IKENNE,10588
TMS14F1300P0002,13.627,10.238,15.938,7.471,5,1.1,2019,IKENNE,10443
TMS14F1300P0008,10.312,7.533,19.125,5.798,4,0.9,2019,IKENNE,10286
TMS14F1301P0004,NA,12.282,NA,4.11,NA,0.9,2019,IKENNE,9902
TMS14F1301P0013,NA,13.952,NA,4.78,NA,1,2019,IKENNE,9575
TMS14F1303P0012,NA,8.93,NA,4.274,NA,1.1,2019,IKENNE,9861
TMS14F1306P0008,NA,13.77,NA,5.081,NA,0.9,2019,IKENNE,10244
TMS14F1306P0015,NA,12.017,NA,4.829,NA,1.2,2019,IKENNE,10078
TMS14F1306P0020,NA,9.955,NA,5.276,NA,1,2019,IKENNE,10451
TMS14F1310P0004,NA,7.936,NA,5.932,NA,1,2019,IKENNE,9273
TMS14F1310P0015,NA,11.729,NA,5.296,NA,0.9,2019,IKENNE,9280
TMS14F1311P0002,NA,9.477,NA,5.259,NA,0.8,2019,IKENNE,8860
TMS14F1312P0003,NA,9.477,NA,5.259,NA,0.8,2019,IKENNE,5401
IITA-TMS-IBA000070,6.379,1.703,8.438,3.909,5,0.7,2018,KANO,12227
IITA-TMS-IBA30572,4.106,0.234,7.986,8.437,3,1.6,2018,KANO,9141
IITA-TMS-IBA980581,7.247,3.296,12.014,4.993,4,1.1,2018,KANO,10073
IITA-TMS-IBA982101,5.262,1.674,7.396,5.784,3,1.1,2018,KANO,9484
TMEB419,5.821,6.4,7.438,3.896,3,1.5,2018,KANO,10314
TMS13F1021P0008,4.001,3.177,9.34,3.566,4,0.8,2018,KANO,11206
TMS13F1049P0001,5.297,3.566,7.865,2.663,1,1,2018,KANO,10322
TMS13F1114P0001,8.072,5.276,9.062,3.953,4,1.5,2018,KANO,10138
TMS13F1126P0003,5.537,1.922,10.903,3.739,5,0.8,2018,KANO,9611
TMS13F1182P0002,8.005,2.945,6.771,4.4,2,1.2,2018,KANO,11409
TMS13F1304P0003,3.644,3.055,8.333,3.186,2,0.8,2018,KANO,13306
TMS13F1315P0008,5.836,2.503,4.549,4.683,NA,1,2018,KANO,9908
TMS13F1376P0018,6.835,3.697,9.271,3.311,5,1,2018,KANO,12779
TMS13F1400P0001,8.758,3.7,7.986,3.432,3,1,2018,KANO,9936
TMS13F1461P0002,5.552,5.276,8.854,3.953,5,1.5,2018,KANO,11689
TMS13F2061P0005,5.007,2.862,9.792,3.562,3,0.8,2018,KANO,10276
TMS13F2207P0001,6.562,3.392,10.625,3.422,3,0.8,2018,KANO,12634
TMS14F1001P0004,6.615,3.695,7.865,3.456,2,1,2018,KANO,10561
TMS14F1013P0007,5.568,3.624,9.479,3.199,2,1,2018,KANO,9523
TMS14F1014P0016,6.234,3.688,7.188,3.221,13,1,2018,KANO,10223
TMS14F1014P0017,4.256,3.733,6.771,3.532,3,1,2018,KANO,10173
TMS14F1016P0006,6.416,3.739,7.812,3.641,2,1,2018,KANO,11269
TMS14F1019P0015,3.094,3.618,3.927,3.212,8,1,2018,KANO,11529
TMS14F1022P0003,7.13,3.737,5.542,3.279,5,1,2018,KANO,10660
TMS14F1022P0006,6.662,3.797,6.458,3.79,5,1,2018,KANO,12806
TMS14F1035P0004,13.607,4.324,10.417,5.681,5,1.6,2018,KANO,12932
TMS14F1035P0007,6.033,3.913,6.771,4.284,6,1.1,2018,KANO,10891
TMS14F1036P0007,4.826,2.154,9.479,5.928,4,1.1,2018,KANO,10008
TMS14F1049P0001,2.558,0.89,6.146,4.864,4,0.9,2018,KANO,10592
TMS14F1098P0013,6.453,2.862,7.196,3.562,3,0.8,2018,KANO,11532
TMS14F1120P0003,2.914,0.03,5.26,6.257,3,1,2018,KANO,10060
TMS14F1125P0010,4.81,2.862,7.292,3.562,NA,0.8,2018,KANO,10855
TMS14F1131P0001,6.358,2.508,8.333,4.161,3,1,2018,KANO,10573
TMS14F1146P0002,5.02,2.965,4.115,4.201,NA,1.1,2018,KANO,10645
TMS14F1159P0003,10.992,3.534,11.458,3.406,4,1.1,2018,KANO,9878
TMS14F1194P0002,5.342,1.556,7.865,4.28,2,0.8,2018,KANO,11299
TMS14F1195P0004,10.542,2.956,11.458,4.017,6,1,2018,KANO,10657
TMS14F1195P0005,4.928,2.308,5.729,5.423,3,0.9,2018,KANO,10320
TMS14F1196P0003,5.111,1.595,7.292,4.455,2,0.8,2018,KANO,10276
TMS14F1208P0007,7.062,0.284,9.375,4.915,4,0.8,2018,KANO,9351
TMS14F1223P0007,4.499,2.862,7.5,3.562,2,0.8,2018,KANO,10218
TMS14F1224P0004,4.535,0,5.469,2.529,2,0.4,2018,KANO,10673
TMS14F1262P0002,4.95,0.491,5.729,7.106,7,1.3,2018,KANO,9524
TMS14F1278P0003,5.691,1.972,6.979,4.76,NA,1,2018,KANO,10285
TMS14F1285P0006,5.85,4.533,6.667,3.405,NA,1.2,2018,KANO,11588
TMS14F1285P0017,5.67,3.764,6.875,3.276,6,1.1,2018,KANO,11933
TMS14F1287P0008,5.904,4.489,8.333,3.431,3,1.2,2018,KANO,11164
TMS14F1288P0008,3.194,2.821,15.417,3.173,1,0.7,2018,KANO,10346
TMS14F1291P0003,4.27,1.48,6.875,4.049,4,0.7,2018,KANO,10966
TMS14F1291P0011,5.765,3.699,9.115,3.342,4,1,2018,KANO,10601
TMS14F1291P0012,4.317,2.54,8.542,10.455,NA,2.1,2018,KANO,11512
TMS14F1292P0012,4.335,2.615,8.438,2.93,4,0.7,2018,KANO,10410
TMS14F1295P0012,4.722,1.697,9.427,4.724,NA,0.9,2018,KANO,9592
TMS14F1297P0019,2.624,5.71,5.938,5.138,8,1.7,2018,KANO,10416
TMS14F1299P0007,6.329,1.72,7.552,4.254,8,0.8,2018,KANO,10588
TMS14F1300P0002,7.205,2.462,12.344,5.647,3,1.2,2018,KANO,10443
TMS14F1300P0008,9.313,1.954,10.139,4.256,3,0.8,2018,KANO,10286
TMS14F1301P0004,8.034,3.616,10.208,2.925,5,0.8,2018,KANO,9902
TMS14F1301P0013,6.781,3.423,7.639,3.381,NA,0.9,2018,KANO,9575
TMS14F1303P0012,3.396,3.545,5.625,3.465,5,1.1,2018,KANO,9861
TMS14F1306P0008,2.201,3.175,4.531,3.412,4,0.8,2018,KANO,10244
TMS14F1306P0015,NA,3.73,NA,3.694,NA,1.1,2018,KANO,10078
TMS14F1306P0020,NA,2.532,NA,4.111,NA,1,2018,KANO,10451
TMS14F1310P0004,NA,1.361,NA,4.74,NA,0.9,2018,KANO,9273
TMS14F1310P0015,NA,2.228,NA,3.918,NA,0.8,2018,KANO,9280
TMS14F1311P0002,NA,1.597,NA,4.017,NA,0.7,2018,KANO,8860
TMS14F1312P0003,NA,1.597,NA,4.017,NA,0.7,2018,KANO,5401
IITA-TMS-IBA000070,6.706,1.647,13.542,4.383,1,0.6,2017,MOKWA,12227
IITA-TMS-IBA30572,9.375,0.001,11.854,5.018,4,1.4,2017,MOKWA,9141
IITA-TMS-IBA980581,13.528,3.219,10.458,5.485,5,1,2017,MOKWA,10073
IITA-TMS-IBA982101,5.375,0.125,11.917,5.828,4,1,2017,MOKWA,9484
TMEB419,12.45,5.254,12.639,3.961,5,1.4,2017,MOKWA,10314
TMS13F1021P0008,12.706,3.217,12.917,4.057,3,0.8,2017,MOKWA,11206
TMS13F1049P0001,11.25,1.729,10,2.788,NA,0.9,2017,MOKWA,10322
TMS13F1114P0001,19.5,3.599,14.479,3.975,4,1.3,2017,MOKWA,10138
TMS13F1182P0002,7.838,1.355,13.542,4.482,4,1,2017,MOKWA,11409
TMS13F1304P0003,14.737,3.32,14.667,3.595,8,0.8,2017,MOKWA,13306
TMS13F1315P0008,12.256,2.02,14.375,4.621,3,0.9,2017,MOKWA,9908
TMS13F1376P0018,NA,2.542,NA,3.339,NA,0.9,2017,MOKWA,12779
TMS13F1400P0001,NA,2.663,NA,3.457,NA,0.9,2017,MOKWA,9936
TMS13F1461P0002,NA,3.599,NA,3.975,NA,1.3,2017,MOKWA,11689
TMS13F2061P0005,NA,2.686,NA,3.998,NA,0.7,2017,MOKWA,10276
TMS13F2207P0001,NA,3.361,NA,3.812,NA,0.8,2017,MOKWA,12634
TMS14F1001P0004,NA,2.719,NA,3.479,NA,0.9,2017,MOKWA,10561
TMS14F1013P0007,NA,2.372,NA,3.249,NA,0.9,2017,MOKWA,9523
TMS14F1014P0016,NA,2.413,NA,3.26,NA,0.9,2017,MOKWA,10223
TMS14F1016P0006,NA,2.82,NA,3.605,NA,0.9,2017,MOKWA,11269
TMS14F1019P0015,NA,2.331,NA,3.254,NA,0.9,2017,MOKWA,11529
TMS14F1022P0003,NA,2.508,NA,3.299,NA,0.9,2017,MOKWA,10660
TMS14F1022P0006,NA,2.975,NA,3.721,NA,0.9,2017,MOKWA,12806
TMS14F1035P0004,NA,3.214,NA,5.48,NA,1.1,2017,MOKWA,12932
TMS14F1035P0007,NA,3.429,NA,4.151,NA,1,2017,MOKWA,10891
TMS14F1036P0007,NA,1.593,NA,6.023,NA,1,2017,MOKWA,10008
TMS14F1049P0001,NA,0.002,NA,3.705,NA,0.7,2017,MOKWA,10592
TMS14F1098P0013,NA,2.69,NA,3.989,NA,0.7,2017,MOKWA,11532
TMS14F1120P0003,NA,0,NA,3.717,NA,0.8,2017,MOKWA,10060
TMS14F1125P0010,NA,2.688,NA,3.993,NA,0.7,2017,MOKWA,10855
TMS14F1131P0001,NA,1.138,NA,4.254,NA,0.9,2017,MOKWA,10573
TMS14F1146P0002,NA,1.64,NA,4.185,NA,1,2017,MOKWA,10645
TMS14F1159P0003,NA,1.89,NA,3.462,NA,1,2017,MOKWA,9878
TMS14F1194P0002,NA,0.214,NA,4.513,NA,0.8,2017,MOKWA,11299
TMS14F1195P0004,NA,1.874,NA,4.025,NA,0.9,2017,MOKWA,10657
TMS14F1195P0005,NA,2.449,NA,5.324,NA,0.8,2017,MOKWA,10320
TMS14F1196P0003,NA,1.503,NA,4.94,NA,0.7,2017,MOKWA,10276
TMS14F1208P0007,NA,0.002,NA,3.539,NA,0.7,2017,MOKWA,9351
TMS14F1223P0007,NA,2.693,NA,3.983,NA,0.7,2017,MOKWA,10218
TMS14F1224P0004,NA,0.001,NA,1.373,NA,0.2,2017,MOKWA,10673
TMS14F1262P0002,NA,0.002,NA,4.731,NA,1,2017,MOKWA,9524
TMS14F1278P0003,NA,0.516,NA,4.864,NA,0.8,2017,MOKWA,10285
TMS14F1285P0017,NA,2.196,NA,3.448,NA,1,2017,MOKWA,11933
TMS14F1287P0008,NA,2.918,NA,3.475,NA,1.1,2017,MOKWA,11164
TMS14F1291P0003,NA,0.657,NA,4.065,NA,0.7,2017,MOKWA,10966
TMS14F1291P0011,NA,2.625,NA,3.386,NA,0.9,2017,MOKWA,10601
TMS14F1291P0012,NA,4.474,NA,9.275,NA,1.5,2017,MOKWA,11512
TMS14F1292P0012,NA,2.601,NA,3.286,NA,0.7,2017,MOKWA,10410
TMS14F1295P0012,NA,0.283,NA,4.631,NA,0.7,2017,MOKWA,9592
TMS14F1297P0019,NA,3.912,NA,5.01,NA,1.3,2017,MOKWA,10416
TMS14F1299P0007,NA,0.197,NA,4.277,NA,0.7,2017,MOKWA,10588
TMS14F1300P0002,NA,0.721,NA,5.678,NA,0.9,2017,MOKWA,10443
TMS14F1300P0008,NA,1.18,NA,4.335,NA,0.8,2017,MOKWA,10286
TMS14F1301P0004,NA,3.551,NA,3.276,NA,0.7,2017,MOKWA,9902
TMS14F1301P0013,NA,3.64,NA,3.817,NA,0.9,2017,MOKWA,9575
TMS14F1303P0012,NA,2.021,NA,3.503,NA,1,2017,MOKWA,9861
TMS14F1306P0008,NA,3.302,NA,3.89,NA,0.8,2017,MOKWA,10244
TMS14F1306P0015,NA,2.546,NA,3.701,NA,1,2017,MOKWA,10078
TMS14F1306P0020,NA,1.01,NA,4.236,NA,0.9,2017,MOKWA,10451
TMS14F1310P0004,NA,0.024,NA,4.925,NA,0.9,2017,MOKWA,9273
TMS14F1310P0015,NA,2.284,NA,4.419,NA,0.8,2017,MOKWA,9280
TMS14F1311P0002,NA,1.37,NA,4.465,NA,0.7,2017,MOKWA,8860
TMS14F1312P0003,NA,1.37,NA,4.465,NA,0.7,2017,MOKWA,5401
IITA-TMS-IBA000070,10.789,4.294,12.24,4.417,5,0.7,2018,MOKWA,12227
IITA-TMS-IBA30572,6.129,3.12,9.885,8.999,3,1.6,2018,MOKWA,9141
IITA-TMS-IBA980581,4.499,7.026,11.12,5.656,4,1.2,2018,MOKWA,10073
IITA-TMS-IBA982101,4.113,5.105,6.667,6.326,3,1.1,2018,MOKWA,9484
TMEB419,8.618,9.472,8.212,4.235,3,1.5,2018,MOKWA,10314
TMS13F1021P0008,2.441,6.583,9.375,4.117,4,0.9,2018,MOKWA,11206
TMS13F1049P0001,8.594,6.039,8.403,3.136,1,1,2018,MOKWA,10322
TMS13F1114P0001,3.754,8.895,5.868,4.41,4,1.5,2018,MOKWA,10138
TMS13F1126P0003,6.064,4.02,5.139,4.136,3,0.8,2018,MOKWA,9611
TMS13F1182P0002,4.785,5.516,9.097,4.818,5,1.2,2018,MOKWA,11409
TMS13F1304P0003,9.967,6.355,8.889,3.69,2,0.9,2018,MOKWA,13306
TMS13F1315P0008,3.847,5.281,7.604,4.836,2,1,2018,MOKWA,9908
TMS13F1376P0018,14.171,5.979,9.028,3.737,NA,1,2018,MOKWA,12779
TMS13F1400P0001,5.897,5.954,11.389,3.846,4,1,2018,MOKWA,9936
TMS13F1461P0002,4.913,8.895,7.656,4.41,5,1.5,2018,MOKWA,11689
TMS13F2061P0005,5.083,5.814,9.306,4.107,3,0.9,2018,MOKWA,10276
TMS13F2207P0001,8.278,6.811,8.958,3.957,5,0.9,2018,MOKWA,12634
TMS14F1001P0004,4.271,5.946,7.986,3.86,3,1,2018,MOKWA,10561
TMS14F1013P0007,5.991,6.012,8.611,3.634,3,1,2018,MOKWA,9523
TMS14F1014P0016,5.769,6.026,11.562,3.668,2,1,2018,MOKWA,10223
TMS14F1014P0017,7.849,6.021,7.882,3.988,2,1,2018,MOKWA,10173
TMS14F1016P0006,4.966,6.019,9.41,4.069,13,1,2018,MOKWA,11269
TMS14F1019P0015,7.16,6.029,8.194,3.634,3,1,2018,MOKWA,11529
TMS14F1022P0003,6.502,6.035,10.799,3.716,2,1,2018,MOKWA,10660
TMS14F1022P0006,7.656,5.986,6.354,4.182,8,1,2018,MOKWA,12806
TMS14F1035P0004,9.9,7.717,9.062,6.091,5,1.4,2018,MOKWA,12932
TMS14F1035P0007,8.344,7.359,5.854,4.483,5,1.1,2018,MOKWA,10891
TMS14F1036P0007,5.219,5.448,8.257,6.195,5,1.1,2018,MOKWA,10008
TMS14F1049P0001,4.428,3.569,5,5.409,6,0.9,2018,MOKWA,10592
TMS14F1098P0013,3.917,5.814,7.847,4.107,4,0.9,2018,MOKWA,11532
TMS14F1120P0003,3.047,2.67,9.34,7.02,4,1,2018,MOKWA,10060
TMS14F1125P0010,6.433,5.814,10.069,4.107,3,0.9,2018,MOKWA,10855
TMS14F1131P0001,4.404,5.485,6.25,4.626,3,1,2018,MOKWA,10573
TMS14F1146P0002,4.249,5.828,6.146,4.583,NA,1.1,2018,MOKWA,10645
TMS14F1159P0003,8.324,5.879,10.556,3.793,3,1.1,2018,MOKWA,9878
TMS14F1194P0002,6.142,4.066,11.042,4.811,NA,0.9,2018,MOKWA,11299
TMS14F1195P0004,8.388,4.85,8.646,4.318,2,1,2018,MOKWA,10657
TMS14F1195P0005,3.603,5.443,10.729,5.444,4,0.9,2018,MOKWA,10320
TMS14F1196P0003,10.041,4.61,9.896,5.09,2,0.9,2018,MOKWA,10276
TMS14F1208P0007,5.377,2.624,8.958,5.283,6,0.8,2018,MOKWA,9351
TMS14F1223P0007,6.413,5.814,8.646,4.107,3,0.9,2018,MOKWA,10218
TMS14F1224P0004,3.071,0,5.99,5.966,2,0.6,2018,MOKWA,10673
TMS14F1262P0002,2.994,3.967,8.618,7.807,4,1.2,2018,MOKWA,9524
TMS14F1278P0003,6.242,5.186,9.792,5.325,2,1,2018,MOKWA,10285
TMS14F1285P0006,8.174,7.379,6.91,3.796,2,1.2,2018,MOKWA,11588
TMS14F1285P0017,9.972,6.632,10.972,3.719,NA,1.1,2018,MOKWA,11933
TMS14F1287P0008,15.641,8.136,13.333,3.906,7,1.3,2018,MOKWA,11164
TMS14F1288P0008,6.461,5.804,6.719,3.712,1,0.8,2018,MOKWA,10346
TMS14F1291P0003,10.291,3.286,8.681,4.45,NA,0.7,2018,MOKWA,10966
TMS14F1291P0011,7.148,5.959,9.625,3.763,NA,1,2018,MOKWA,10601
TMS14F1291P0012,9.545,8.231,9.635,9.8,6,2,2018,MOKWA,11512
TMS14F1292P0012,6.52,5.461,12.361,3.395,3,0.8,2018,MOKWA,10410
TMS14F1295P0012,5.714,3.883,9.965,5.246,1,0.8,2018,MOKWA,9592
TMS14F1297P0019,5.531,9.535,13.646,5.634,4,1.6,2018,MOKWA,10416
TMS14F1299P0007,6.868,3.961,8.819,4.765,4,0.8,2018,MOKWA,10588
TMS14F1300P0002,6.709,4.996,7.865,6.347,NA,1,2018,MOKWA,10443
TMS14F1300P0008,4.814,3.661,10.104,4.79,4,0.8,2018,MOKWA,10286
TMS14F1301P0004,5.157,6.61,8.125,3.439,NA,0.8,2018,MOKWA,9902
TMS14F1301P0013,5.814,7.139,7.014,3.951,8,1,2018,MOKWA,9575
TMS14F1303P0012,6.791,5.901,8.681,3.834,8,1.1,2018,MOKWA,9861
TMS14F1306P0008,6.91,6.377,8.924,3.932,7,0.9,2018,MOKWA,10244
TMS14F1306P0015,6.474,7.114,9.688,4.102,3,1.1,2018,MOKWA,10078
TMS14F1306P0020,4.503,5.666,6.667,4.602,3,1,2018,MOKWA,10451
TMS14F1310P0004,5.573,4.217,8.438,5.218,5,0.9,2018,MOKWA,9273
TMS14F1310P0015,10.689,5.49,10.278,4.504,NA,0.9,2018,MOKWA,9280
TMS14F1311P0002,6.219,4.36,8.993,4.6,5,0.8,2018,MOKWA,8860
TMS14F1312P0003,5.071,4.36,11.701,4.6,4,0.8,2018,MOKWA,5401
IITA-TMS-IBA000070,4.433,4.737,7,4.573,1,0.7,2019,MOKWA,12227
IITA-TMS-IBA30572,NA,2.793,NA,8.979,NA,1.5,2019,MOKWA,9141
IITA-TMS-IBA980581,NA,7.224,NA,5.701,NA,1.1,2019,MOKWA,10073
IITA-TMS-IBA982101,NA,4.979,NA,6.356,NA,1.1,2019,MOKWA,9484
TMEB419,NA,9.684,NA,4.275,NA,1.4,2019,MOKWA,10314
TMS13F1021P0008,NA,6.836,NA,4.216,NA,0.9,2019,MOKWA,11206
TMS13F1049P0001,NA,5.787,NA,3.141,NA,0.9,2019,MOKWA,10322
TMS13F1114P0001,NA,8.6,NA,4.375,NA,1.4,2019,MOKWA,10138
TMS13F1126P0003,NA,3.742,NA,4.029,NA,0.8,2019,MOKWA,9611
TMS13F1182P0002,NA,5.18,NA,4.8,NA,1.1,2019,MOKWA,11409
TMS13F1304P0003,NA,6.583,NA,3.767,NA,0.9,2019,MOKWA,13306
TMS13F1315P0008,NA,5.102,NA,4.768,NA,0.9,2019,MOKWA,9908
TMS13F1376P0018,NA,5.97,NA,3.811,NA,1,2019,MOKWA,12779
TMS13F1400P0001,NA,5.996,NA,3.939,NA,1,2019,MOKWA,9936
TMS13F1461P0002,NA,8.6,NA,4.375,NA,1.4,2019,MOKWA,11689
TMS13F2061P0005,NA,5.925,NA,4.185,NA,0.8,2019,MOKWA,10276
TMS13F2207P0001,NA,6.954,NA,4.023,NA,0.9,2019,MOKWA,12634
TMS14F1001P0004,NA,5.999,NA,3.958,NA,1,2019,MOKWA,10561
TMS14F1013P0007,NA,5.878,NA,3.672,NA,1,2019,MOKWA,9523
TMS14F1014P0016,NA,5.995,NA,3.741,NA,1,2019,MOKWA,10223
TMS14F1014P0017,NA,6.034,NA,4.07,NA,1,2019,MOKWA,10173
TMS14F1016P0006,NA,6.032,NA,4.148,NA,1,2019,MOKWA,11269
TMS14F1019P0015,NA,5.853,NA,3.662,NA,1,2019,MOKWA,11529
TMS14F1022P0003,NA,5.978,NA,3.791,NA,1,2019,MOKWA,10660
TMS14F1022P0006,NA,6.081,NA,4.303,NA,1,2019,MOKWA,12806
TMS14F1035P0004,NA,7.752,NA,6.042,NA,1.3,2019,MOKWA,12932
TMS14F1035P0007,NA,7.331,NA,4.407,NA,1.1,2019,MOKWA,10891
TMS14F1036P0007,NA,5.302,NA,6.101,NA,1,2019,MOKWA,10008
TMS14F1049P0001,NA,3.322,NA,5.299,NA,0.8,2019,MOKWA,10592
TMS14F1098P0013,NA,5.93,NA,4.176,NA,0.8,2019,MOKWA,11532
TMS14F1120P0003,NA,2.289,NA,6.907,NA,0.9,2019,MOKWA,10060
TMS14F1125P0010,NA,5.928,NA,4.18,NA,0.8,2019,MOKWA,10855
TMS14F1131P0001,NA,5.103,NA,4.536,NA,0.9,2019,MOKWA,10573
TMS14F1146P0002,NA,5.504,NA,4.484,NA,1,2019,MOKWA,10645
TMS14F1159P0003,NA,5.518,NA,3.767,NA,1,2019,MOKWA,9878
TMS14F1194P0002,NA,3.829,NA,4.759,NA,0.8,2019,MOKWA,11299
TMS14F1195P0004,NA,4.946,NA,4.364,NA,0.9,2019,MOKWA,10657
TMS14F1195P0005,NA,5.375,NA,5.341,NA,0.9,2019,MOKWA,10320
TMS14F1196P0003,NA,4.802,NA,5.16,NA,0.8,2019,MOKWA,10276
TMS14F1208P0007,NA,2.439,NA,5.241,NA,0.8,2019,MOKWA,9351
TMS14F1223P0007,NA,5.933,NA,4.169,NA,0.8,2019,MOKWA,10218
TMS14F1224P0004,NA,0.001,NA,5.552,NA,0.6,2019,MOKWA,10673
TMS14F1262P0002,NA,3.724,NA,7.647,NA,1.1,2019,MOKWA,9524
TMS14F1278P0003,NA,4.784,NA,5.158,NA,0.9,2019,MOKWA,10285
TMS14F1285P0006,NA,7.013,NA,3.727,NA,1.2,2019,MOKWA,11588
TMS14F1285P0017,NA,6.356,NA,3.711,NA,1,2019,MOKWA,11933
TMS14F1287P0008,NA,7.822,NA,3.894,NA,1.2,2019,MOKWA,11164
TMS14F1288P0008,NA,5.988,NA,3.851,NA,0.8,2019,MOKWA,10346
TMS14F1291P0003,NA,3.217,NA,4.508,NA,0.7,2019,MOKWA,10966
TMS14F1291P0011,NA,5.974,NA,3.855,NA,1,2019,MOKWA,10601
TMS14F1291P0012,NA,9.015,NA,9.489,NA,1.7,2019,MOKWA,11512
TMS14F1292P0012,NA,5.624,NA,3.449,NA,0.7,2019,MOKWA,10410
TMS14F1295P0012,NA,3.82,NA,5.187,NA,0.7,2019,MOKWA,9592
TMS14F1297P0019,NA,9.712,NA,5.597,NA,1.4,2019,MOKWA,10416
TMS14F1299P0007,NA,3.76,NA,4.693,NA,0.7,2019,MOKWA,10588
TMS14F1300P0002,NA,4.994,NA,6.309,NA,1,2019,MOKWA,10443
TMS14F1300P0008,NA,3.596,NA,4.922,NA,0.8,2019,MOKWA,10286
TMS14F1301P0004,NA,6.764,NA,3.481,NA,0.8,2019,MOKWA,9902
TMS14F1301P0013,NA,7.366,NA,4.017,NA,1,2019,MOKWA,9575
TMS14F1303P0012,NA,5.548,NA,3.807,NA,1,2019,MOKWA,9861
TMS14F1306P0008,NA,6.682,NA,4.072,NA,0.9,2019,MOKWA,10244
TMS14F1306P0015,NA,6.822,NA,4.019,NA,1.1,2019,MOKWA,10078
TMS14F1306P0020,NA,5.487,NA,4.617,NA,1,2019,MOKWA,10451
TMS14F1310P0004,NA,3.95,NA,5.208,NA,0.9,2019,MOKWA,9273
TMS14F1310P0015,NA,5.718,NA,4.586,NA,0.9,2019,MOKWA,9280
TMS14F1311P0002,NA,4.445,NA,4.643,NA,0.8,2019,MOKWA,8860
TMS14F1312P0003,NA,4.445,NA,4.643,NA,0.8,2019,MOKWA,5401
IITA-TMS-IBA000070,8.146,4.648,4.542,2.128,5,0.3,2018,UYON1801CS,12227
IITA-TMS-IBA30572,3.831,3.473,2.76,3.927,3,0.6,2018,UYON1801CS,9141
IITA-TMS-IBA980581,6.387,6.355,3.715,2.639,4,0.5,2018,UYON1801CS,10073
IITA-TMS-IBA982101,7.93,4.689,5.573,2.932,3,0.4,2018,UYON1801CS,9484
TMEB419,6.076,6.944,3.993,2.037,3,0.6,2018,UYON1801CS,10314
TMS13F1021P0008,3.896,6.171,3.75,2.152,4,0.4,2018,UYON1801CS,11206
TMS13F1049P0001,7.059,3.169,4.028,1.361,1,0.4,2018,UYON1801CS,10322
TMS13F1114P0001,4.295,5.999,3.125,2.019,4,0.6,2018,UYON1801CS,10138
TMS13F1126P0003,7.184,2.807,3.403,1.814,3,0.3,2018,UYON1801CS,9611
TMS13F1182P0002,4.644,3.545,4.688,2.092,5,0.5,2018,UYON1801CS,11409
TMS13F1304P0003,5.57,5.242,3.958,1.808,2,0.4,2018,UYON1801CS,13306
TMS13F1315P0008,6.235,4.47,4.514,2.298,2,0.4,2018,UYON1801CS,9908
TMS13F1376P0018,10.772,3.891,4.653,1.738,NA,0.4,2018,UYON1801CS,12779
TMS13F1400P0001,7.081,4.043,6.458,1.817,4,0.4,2018,UYON1801CS,9936
TMS13F1461P0002,6.315,5.999,4.236,2.019,5,0.6,2018,UYON1801CS,11689
TMS13F2061P0005,6.893,5.497,4.948,2.071,3,0.3,2018,UYON1801CS,10276
TMS13F2207P0001,6.576,6.097,4.444,2.03,5,0.4,2018,UYON1801CS,12634
TMS14F1001P0004,4.156,4.058,2.969,1.828,3,0.4,2018,UYON1801CS,10561
TMS14F1013P0007,4.578,3.725,5.417,1.66,3,0.4,2018,UYON1801CS,9523
TMS14F1014P0016,5.005,3.789,4.01,1.685,2,0.4,2018,UYON1801CS,10223
TMS14F1014P0017,6.759,4.198,4.306,1.891,2,0.4,2018,UYON1801CS,10173
TMS14F1016P0006,6.57,4.301,3.75,1.947,13,0.4,2018,UYON1801CS,11269
TMS14F1019P0015,6.015,3.71,3.698,1.658,3,0.4,2018,UYON1801CS,11529
TMS14F1022P0003,6.968,3.871,2.917,1.722,2,0.4,2018,UYON1801CS,10660
TMS14F1022P0006,5.721,4.487,2.569,2.04,8,0.4,2018,UYON1801CS,12806
TMS14F1035P0004,6.234,6.42,2.847,2.869,5,0.6,2018,UYON1801CS,12932
TMS14F1035P0007,4.41,6.113,3.125,2.187,5,0.4,2018,UYON1801CS,10891
TMS14F1036P0007,6.534,5.118,3.333,3.028,5,0.4,2018,UYON1801CS,10008
TMS14F1049P0001,3.359,3.035,2.569,2.366,6,0.4,2018,UYON1801CS,10592
TMS14F1098P0013,5.043,5.335,5.66,2.035,4,0.3,2018,UYON1801CS,11532
TMS14F1120P0003,4.506,2.53,3.681,3.013,4,0.4,2018,UYON1801CS,10060
TMS14F1125P0010,7.74,5.417,4.653,2.053,3,0.3,2018,UYON1801CS,10855
TMS14F1131P0001,6.564,3.892,3.229,2.086,3,0.4,2018,UYON1801CS,10573
TMS14F1146P0002,7.34,4.011,4.097,2.041,NA,0.4,2018,UYON1801CS,10645
TMS14F1159P0003,7.989,3.385,4.688,1.645,3,0.4,2018,UYON1801CS,9878
TMS14F1194P0002,7.103,3.108,3.785,2.145,NA,0.3,2018,UYON1801CS,11299
TMS14F1195P0004,6.329,3.605,3.264,1.948,2,0.4,2018,UYON1801CS,10657
TMS14F1195P0005,5.451,5.424,2.917,2.765,4,0.4,2018,UYON1801CS,10320
TMS14F1196P0003,5.316,4.464,3.229,2.382,2,0.3,2018,UYON1801CS,10276
TMS14F1208P0007,6.379,2.322,2.222,2.359,6,0.3,2018,UYON1801CS,9351
TMS14F1223P0007,6.143,5.212,2.969,2.007,3,0.3,2018,UYON1801CS,10218
TMS14F1224P0004,4.549,2.563,2.049,4.813,2,0.3,2018,UYON1801CS,10673
TMS14F1262P0002,5.773,4.12,2.778,3.456,4,0.5,2018,UYON1801CS,9524
TMS14F1278P0003,8.525,4.1,3.854,2.372,2,0.4,2018,UYON1801CS,10285
TMS14F1285P0006,8.452,4.523,3.785,1.696,2,0.5,2018,UYON1801CS,11588
TMS14F1285P0017,7.416,4.016,3.056,1.692,NA,0.4,2018,UYON1801CS,11933
TMS14F1287P0008,8.619,5.179,5.903,1.791,7,0.5,2018,UYON1801CS,11164
TMS14F1288P0008,2.441,5.581,2.969,1.936,1,0.3,2018,UYON1801CS,10346
TMS14F1291P0003,5.557,2.606,3.49,2.017,NA,0.3,2018,UYON1801CS,10966
TMS14F1291P0011,4.542,3.942,2.569,1.765,NA,0.4,2018,UYON1801CS,10601
TMS14F1291P0012,6.043,12.356,3.681,5.234,6,0.8,2018,UYON1801CS,11512
TMS14F1292P0012,5.662,4.31,7.431,1.606,3,0.3,2018,UYON1801CS,10410
TMS14F1295P0012,5.261,3.231,3.333,2.353,1,0.3,2018,UYON1801CS,9592
TMS14F1297P0019,4.801,7.518,4.236,2.685,4,0.6,2018,UYON1801CS,10416
TMS14F1299P0007,6.183,2.905,4.549,2.086,4,0.3,2018,UYON1801CS,10588
TMS14F1300P0002,6.724,4.294,3.75,2.899,NA,0.4,2018,UYON1801CS,10443
TMS14F1300P0008,5.87,2.933,3.681,2.213,4,0.3,2018,UYON1801CS,10286
TMS14F1301P0004,8.143,5.038,5.972,1.634,NA,0.3,2018,UYON1801CS,9902
TMS14F1301P0013,11.954,5.85,5,1.922,8,0.4,2018,UYON1801CS,9575
TMS14F1303P0012,5.445,3.484,4.062,1.675,8,0.4,2018,UYON1801CS,9861
TMS14F1306P0008,8.528,5.727,5.833,2.013,7,0.4,2018,UYON1801CS,10244
TMS14F1306P0015,5.368,4.87,3.889,1.888,3,0.5,2018,UYON1801CS,10078
TMS14F1306P0020,5.9,3.963,3.056,2.092,3,0.4,2018,UYON1801CS,10451
TMS14F1310P0004,4.315,3.185,2.222,2.332,5,0.4,2018,UYON1801CS,9273
TMS14F1310P0015,7.757,4.966,4.167,2.124,NA,0.4,2018,UYON1801CS,9280
TMS14F1311P0002,2.276,3.956,3.299,2.09,5,0.3,2018,UYON1801CS,8860
TMS14F1312P0003,3.433,3.956,3.264,2.089,4,0.3,2018,UYON1801CS,5401
IITA-TMS-IBA000070,24.227,3.959,7.229,4.227,5,0.5,2018,OTOBI,12227
IITA-TMS-IBA30572,19.723,2.854,9.839,8.507,3,1.2,2018,OTOBI,9141
IITA-TMS-IBA980581,22.444,7.17,11.656,5.515,4,0.8,2018,OTOBI,10073
IITA-TMS-IBA982101,26.118,4.356,12.986,5.971,3,0.9,2018,OTOBI,9484
TMEB419,14.302,8.829,10.094,4.089,3,1.1,2018,OTOBI,10314
TMS13F1021P0008,24.571,6.692,10.278,4.046,4,0.7,2018,OTOBI,11206
TMS13F1049P0001,19.085,4.499,7.979,2.799,4,0.7,2018,OTOBI,10322
TMS13F1114P0001,17.262,7.892,7.115,4.202,3,1.1,2018,OTOBI,10138
TMS13F1126P0003,17.05,3.251,11.347,3.813,5,0.5,2018,OTOBI,9611
TMS13F1182P0002,23.086,4.381,6.812,4.503,2,0.8,2018,OTOBI,11409
TMS13F1304P0003,21.126,6.274,9.854,3.625,2,0.6,2018,OTOBI,13306
TMS13F1315P0008,20.475,5.344,3.958,4.594,NA,0.7,2018,OTOBI,9908
TMS13F1376P0018,13.816,5.174,6.354,3.281,4,0.7,2018,OTOBI,12779
TMS13F1400P0001,16.511,5.284,9.417,3.373,5,0.7,2018,OTOBI,9936
TMS13F1461P0002,29.042,7.892,11.583,4.202,3,1.1,2018,OTOBI,11689
TMS13F2061P0005,30.12,5.577,9.854,3.95,5,0.6,2018,OTOBI,10276
TMS13F2207P0001,20.598,6.671,8.156,3.845,3,0.7,2018,OTOBI,12634
TMS14F1001P0004,13.512,5.304,4.875,3.391,2,0.7,2018,OTOBI,10561
TMS14F1013P0007,17.763,5.05,7.25,3.2,2,0.7,2018,OTOBI,9523
TMS14F1014P0016,26.472,5.092,8.944,3.216,13,0.7,2018,OTOBI,10223
TMS14F1014P0017,25.545,5.386,8.781,3.446,2,0.7,2018,OTOBI,10173
TMS14F1016P0006,21.946,5.47,9.646,3.51,8,0.7,2018,OTOBI,11269
TMS14F1019P0015,22.524,5.061,4.646,3.21,5,0.7,2018,OTOBI,11529
TMS14F1022P0003,23.534,5.143,9.694,3.247,5,0.7,2018,OTOBI,10660
TMS14F1022P0006,22.417,5.593,8.99,3.605,6,0.7,2018,OTOBI,12806
TMS14F1035P0004,20.389,6.79,7.906,5.559,4,0.9,2018,OTOBI,12932
TMS14F1035P0007,20.085,7.296,10.073,4.273,4,0.8,2018,OTOBI,10891
TMS14F1036P0007,22.87,5.73,7.208,5.751,NA,0.8,2018,OTOBI,10008
TMS14F1049P0001,28.069,2.394,8.198,4.981,NA,0.6,2018,OTOBI,10592
TMS14F1098P0013,23.352,5.577,9.792,3.95,2,0.6,2018,OTOBI,11532
TMS14F1120P0003,17.844,1.294,9.938,6.529,4,0.6,2018,OTOBI,10060
TMS14F1125P0010,20.375,5.577,4.271,3.95,2,0.6,2018,OTOBI,10855
TMS14F1131P0001,23.358,4.606,8.156,4.312,6,0.7,2018,OTOBI,10573
TMS14F1146P0002,16.282,4.98,4.785,4.295,3,0.8,2018,OTOBI,10645
TMS14F1159P0003,11.289,4.8,3.062,3.499,2,0.8,2018,OTOBI,9878
TMS14F1194P0002,24.421,3.219,10.278,4.454,4,0.6,2018,OTOBI,11299
TMS14F1195P0004,26.517,4.354,9.521,4.003,2,0.7,2018,OTOBI,10657
TMS14F1195P0005,16.892,6.125,3.938,5.13,2,0.7,2018,OTOBI,10320
TMS14F1196P0003,18.09,4.518,6.271,4.929,NA,0.6,2018,OTOBI,10276
TMS14F1208P0007,17.717,2.006,7.167,5,1,0.6,2018,OTOBI,9351
TMS14F1223P0007,9.585,5.577,3.458,3.95,NA,0.6,2018,OTOBI,10218
TMS14F1224P0004,15.542,0.002,9.271,1.642,6,0.2,2018,OTOBI,10673
TMS14F1262P0002,12.403,2.586,8.646,7.255,4,0.8,2018,OTOBI,9524
TMS14F1278P0003,16.629,4.145,8.542,4.833,4,0.6,2018,OTOBI,10285
TMS14F1285P0006,27.134,6.214,7.521,3.53,NA,0.9,2018,OTOBI,11588
TMS14F1285P0017,28.726,5.535,14.312,3.429,4,0.8,2018,OTOBI,11933
TMS14F1287P0008,22.167,6.699,9.417,3.609,NA,0.9,2018,OTOBI,11164
TMS14F1288P0008,26.625,5.494,10.521,3.544,8,0.6,2018,OTOBI,10346
TMS14F1291P0003,19.679,2.803,10.16,3.913,8,0.5,2018,OTOBI,10966
TMS14F1291P0011,19.012,5.215,6.25,3.312,7,0.7,2018,OTOBI,10601
TMS14F1291P0012,21.596,9.978,8.333,9.524,3,1.5,2018,OTOBI,11512
TMS14F1292P0012,18.174,5.222,10.819,3.295,3,0.5,2018,OTOBI,10410
TMS14F1295P0012,18.895,2.999,6.75,4.63,5,0.5,2018,OTOBI,9592
TMS14F1297P0019,13.86,8.579,8.667,5.23,5,1.1,2018,OTOBI,10416
TMS14F1299P0007,16.047,2.855,12.569,4.243,4,0.5,2018,OTOBI,10588
TMS14F1300P0002,NA,3.972,NA,5.576,NA,0.7,2018,OTOBI,10443
TMS14F1300P0008,NA,3.467,NA,4.104,NA,0.6,2018,OTOBI,10286
TMS14F1301P0004,NA,6.137,NA,3.282,NA,0.6,2018,OTOBI,9902
TMS14F1301P0013,NA,6.986,NA,3.876,NA,0.7,2018,OTOBI,9575
TMS14F1303P0012,NA,4.917,NA,3.541,NA,0.8,2018,OTOBI,9861
TMS14F1306P0008,NA,6.279,NA,3.837,NA,0.7,2018,OTOBI,10244
TMS14F1306P0015,NA,6.297,NA,3.859,NA,0.8,2018,OTOBI,10078
TMS14F1306P0020,NA,4.502,NA,4.229,NA,0.8,2018,OTOBI,10451
TMS14F1310P0004,NA,3.27,NA,4.958,NA,0.7,2018,OTOBI,9273
TMS14F1310P0015,NA,5.392,NA,4.389,NA,0.6,2018,OTOBI,9280
TMS14F1311P0002,NA,4.149,NA,4.435,NA,0.5,2018,OTOBI,8860
TMS14F1312P0003,NA,4.149,NA,4.435,NA,0.5,2018,OTOBI,5401
IITA-TMS-IBA000070,7.102,10.517,3.188,5.174,5,0.8,2019,UBIAJA,12227
IITA-TMS-IBA30572,10.791,7.52,4.917,9.714,4,1.6,2019,UBIAJA,9141
IITA-TMS-IBA980581,4.032,13.781,3.521,6.34,1,1.2,2019,UBIAJA,10073
IITA-TMS-IBA982101,7.087,10.736,2.198,7.113,2,1.1,2019,UBIAJA,9484
TMEB419,7.569,16.087,2.771,4.984,NA,1.6,2019,UBIAJA,10314
TMS13F1021P0008,5.057,13.387,1.958,5.07,2,1,2019,UBIAJA,11206
TMS13F1049P0001,8.273,8.371,6.833,3.429,3,1,2019,UBIAJA,10322
TMS13F1114P0001,7.383,13.983,2.396,4.955,NA,1.5,2019,UBIAJA,10138
TMS13F1126P0003,NA,7.207,NA,4.599,NA,0.8,2019,UBIAJA,9611
TMS13F1182P0002,NA,8.708,NA,5.205,NA,1.2,2019,UBIAJA,11409
TMS13F1304P0003,NA,11.798,NA,4.282,NA,0.9,2019,UBIAJA,13306
TMS13F1315P0008,NA,10.445,NA,5.86,NA,1,2019,UBIAJA,9908
TMS13F1376P0018,NA,9.853,NA,4.446,NA,1,2019,UBIAJA,12779
TMS13F1400P0001,NA,10.038,NA,4.637,NA,1,2019,UBIAJA,9936
TMS13F1461P0002,NA,13.983,NA,4.955,NA,1.5,2019,UBIAJA,11689
TMS13F2061P0005,NA,12.24,NA,5.01,NA,0.9,2019,UBIAJA,10276
TMS13F2207P0001,NA,12.991,NA,4.765,NA,1,2019,UBIAJA,12634
TMS14F1001P0004,NA,10.107,NA,4.664,NA,1,2019,UBIAJA,10561
TMS14F1013P0007,NA,9.393,NA,4.209,NA,1,2019,UBIAJA,9523
TMS14F1014P0016,NA,9.552,NA,4.291,NA,1,2019,UBIAJA,10223
TMS14F1014P0017,NA,10.291,NA,4.821,NA,1,2019,UBIAJA,10173
TMS14F1016P0006,NA,10.395,NA,4.954,NA,1,2019,UBIAJA,11269
TMS14F1019P0015,NA,9.379,NA,4.197,NA,1,2019,UBIAJA,11529
TMS14F1022P0003,NA,9.733,NA,4.394,NA,1,2019,UBIAJA,10660
TMS14F1022P0006,NA,10.746,NA,5.197,NA,1,2019,UBIAJA,12806
TMS14F1035P0004,NA,14.317,NA,7.131,NA,1.6,2019,UBIAJA,12932
TMS14F1035P0007,NA,13.636,NA,5.503,NA,1.1,2019,UBIAJA,10891
TMS14F1036P0007,NA,11.48,NA,7.482,NA,1.1,2019,UBIAJA,10008
TMS14F1049P0001,NA,7.538,NA,5.92,NA,1,2019,UBIAJA,10592
TMS14F1098P0013,NA,11.967,NA,4.926,NA,0.9,2019,UBIAJA,11532
TMS14F1120P0003,NA,6.296,NA,7.508,NA,1.1,2019,UBIAJA,10060
TMS14F1125P0010,NA,12.105,NA,4.97,NA,0.9,2019,UBIAJA,10855
TMS14F1131P0001,NA,9.69,NA,5.241,NA,1,2019,UBIAJA,10573
TMS14F1146P0002,NA,9.769,NA,5.153,NA,1.1,2019,UBIAJA,10645
TMS14F1159P0003,NA,8.53,NA,4.109,NA,1.1,2019,UBIAJA,9878
TMS14F1194P0002,NA,7.633,NA,5.342,NA,0.9,2019,UBIAJA,11299
TMS14F1195P0004,NA,8.994,NA,4.953,NA,1,2019,UBIAJA,10657
TMS14F1195P0005,NA,11.956,NA,6.933,NA,1,2019,UBIAJA,10320
TMS14F1196P0003,NA,9.955,NA,5.686,NA,0.9,2019,UBIAJA,10276
TMS14F1208P0007,NA,5.929,NA,5.95,NA,0.8,2019,UBIAJA,9351
TMS14F1223P0007,NA,11.759,NA,4.863,NA,0.9,2019,UBIAJA,10218
TMS14F1224P0004,NA,2.795,NA,10.413,NA,0.7,2019,UBIAJA,10673
TMS14F1262P0002,NA,9.373,NA,8.534,NA,1.4,2019,UBIAJA,9524
TMS14F1278P0003,NA,10.077,NA,5.938,NA,1.1,2019,UBIAJA,10285
TMS14F1285P0006,NA,11.11,NA,4.252,NA,1.3,2019,UBIAJA,11588
TMS14F1285P0017,NA,10.159,NA,4.217,NA,1.1,2019,UBIAJA,11933
TMS14F1287P0008,NA,12.48,NA,4.406,NA,1.3,2019,UBIAJA,11164
TMS14F1288P0008,NA,12.583,NA,4.675,NA,0.9,2019,UBIAJA,10346
TMS14F1291P0003,NA,6.672,NA,5.237,NA,0.8,2019,UBIAJA,10966
TMS14F1291P0011,NA,9.958,NA,4.517,NA,1,2019,UBIAJA,10601
TMS14F1291P0012,NA,20.27,NA,12.763,NA,2.4,2019,UBIAJA,11512
TMS14F1292P0012,NA,10.098,NA,3.893,NA,0.8,2019,UBIAJA,10410
TMS14F1295P0012,NA,8.156,NA,5.988,NA,0.9,2019,UBIAJA,9592
TMS14F1297P0019,NA,16.601,NA,6.64,NA,1.7,2019,UBIAJA,10416
TMS14F1299P0007,NA,7.426,NA,5.279,NA,0.9,2019,UBIAJA,10588
TMS14F1300P0002,NA,10.077,NA,7.276,NA,1.2,2019,UBIAJA,10443
TMS14F1300P0008,NA,7.481,NA,5.724,NA,0.9,2019,UBIAJA,10286
TMS14F1301P0004,NA,11.689,NA,3.957,NA,0.9,2019,UBIAJA,9902
TMS14F1301P0013,NA,13.059,NA,4.593,NA,1,2019,UBIAJA,9575
TMS14F1303P0012,NA,8.738,NA,4.191,NA,1.1,2019,UBIAJA,9861
TMS14F1306P0008,NA,12.782,NA,4.87,NA,0.9,2019,UBIAJA,10244
TMS14F1306P0015,NA,11.718,NA,4.753,NA,1.2,2019,UBIAJA,10078
TMS14F1306P0020,NA,9.852,NA,5.15,NA,1,2019,UBIAJA,10451
TMS14F1310P0004,NA,7.947,NA,5.817,NA,1,2019,UBIAJA,9273
TMS14F1310P0015,NA,11.091,NA,5.111,NA,0.9,2019,UBIAJA,9280
TMS14F1311P0002,NA,9.12,NA,5.092,NA,0.8,2019,UBIAJA,8860
TMS14F1312P0003,NA,9.12,NA,5.092,NA,0.8,2019,UBIAJA,5401
IITA-TMS-IBA000070,14.462,9.062,5.951,5.116,5,0.7,2018,UMUDIKE,12227
IITA-TMS-IBA30572,8.286,7.395,4.792,9.617,3,1.6,2018,UMUDIKE,9141
IITA-TMS-IBA980581,7.246,12.363,5.75,6.264,4,1.2,2018,UMUDIKE,10073
IITA-TMS-IBA982101,11.48,9.606,6.057,6.892,3,1.1,2018,UMUDIKE,9484
TMEB419,10.559,15.006,5.867,4.927,3,1.5,2018,UMUDIKE,10314
TMS13F1021P0008,12.816,11.417,5.562,4.816,4,0.9,2018,UMUDIKE,11206
TMS13F1049P0001,7.662,7.911,5.385,3.347,1,1,2018,UMUDIKE,10322
TMS13F1114P0001,9.406,13.412,6.097,4.896,4,1.5,2018,UMUDIKE,10138
TMS13F1126P0003,8.247,6.727,1.667,4.459,3,0.8,2018,UMUDIKE,9611
TMS13F1182P0002,14.105,8.44,8.264,5.163,5,1.2,2018,UMUDIKE,11409
TMS13F1304P0003,13.071,10.823,6.073,4.258,2,0.9,2018,UMUDIKE,13306
TMS13F1315P0008,9.765,10.21,5.542,5.643,2,1,2018,UMUDIKE,9908
TMS13F1376P0018,18.144,9.331,4.729,4.215,NA,1,2018,UMUDIKE,12779
TMS13F1400P0001,9.691,9.535,5.972,4.376,5,1,2018,UMUDIKE,9936
TMS13F1461P0002,11.64,13.412,5.194,4.896,3,1.5,2018,UMUDIKE,11689
TMS13F2061P0005,11.014,9.986,5.698,4.727,5,0.8,2018,UMUDIKE,10276
TMS13F2207P0001,12.16,11.503,5.368,4.596,3,0.9,2018,UMUDIKE,12634
TMS14F1001P0004,15.761,9.537,4.302,4.397,3,1,2018,UMUDIKE,10561
TMS14F1013P0007,8.363,9.02,4.167,4.044,2,1,2018,UMUDIKE,9523
TMS14F1014P0016,9.764,9.139,6.458,4.096,2,1,2018,UMUDIKE,10223
TMS14F1014P0017,10.177,9.845,4.215,4.539,13,1,2018,UMUDIKE,10173
TMS14F1016P0006,13.922,10.053,6.521,4.674,3,1,2018,UMUDIKE,11269
TMS14F1019P0015,11.612,9.002,6.5,4.04,2,1,2018,UMUDIKE,11529
TMS14F1022P0003,8.804,9.3,2.167,4.176,8,1,2018,UMUDIKE,10660
TMS14F1022P0006,13.321,10.369,3.84,4.868,5,1,2018,UMUDIKE,12806
TMS14F1035P0004,8.89,13.364,3.833,6.849,5,1.6,2018,UMUDIKE,12932
TMS14F1035P0007,17.93,12.911,8.264,5.302,5,1.1,2018,UMUDIKE,10891
TMS14F1036P0007,10.14,10.85,5.25,7.058,6,1.1,2018,UMUDIKE,10008
TMS14F1049P0001,8.26,6.481,6.125,5.793,4,0.9,2018,UMUDIKE,10592
TMS14F1098P0013,9.982,9.96,10.201,4.691,4,0.8,2018,UMUDIKE,11532
TMS14F1120P0003,13.858,5.552,5.344,7.401,3,1,2018,UMUDIKE,10060
TMS14F1125P0010,16.573,9.973,3.896,4.709,3,0.8,2018,UMUDIKE,10855
TMS14F1131P0001,11.267,8.955,4.854,5.062,NA,1,2018,UMUDIKE,10573
TMS14F1146P0002,12.048,9.406,4.854,5.022,3,1.1,2018,UMUDIKE,10645
TMS14F1159P0003,12.323,8.453,4.486,4.091,NA,1.1,2018,UMUDIKE,9878
TMS14F1194P0002,13.009,7.047,5.083,5.163,2,0.9,2018,UMUDIKE,11299
TMS14F1195P0004,15.091,8.731,5.118,4.83,4,1,2018,UMUDIKE,10657
TMS14F1195P0005,15.671,11.545,3.979,6.541,2,0.9,2018,UMUDIKE,10320
TMS14F1196P0003,11.089,8.834,3.757,5.611,6,0.8,2018,UMUDIKE,10276
TMS14F1208P0007,12.291,5.465,3.077,5.726,3,0.8,2018,UMUDIKE,9351
TMS14F1223P0007,8.205,9.939,2.5,4.664,2,0.8,2018,UMUDIKE,10218
TMS14F1224P0004,13.963,1.806,5.722,10.539,4,0.7,2018,UMUDIKE,10673
TMS14F1262P0002,10.586,8.194,3.948,8.4,2,1.3,2018,UMUDIKE,9524
TMS14F1278P0003,7.119,8.992,5.5,5.805,2,1,2018,UMUDIKE,10285
TMS14F1285P0006,15.644,10.731,4.347,4.176,NA,1.2,2018,UMUDIKE,11588
TMS14F1285P0017,7.134,9.685,4.635,4.097,7,1.1,2018,UMUDIKE,11933
TMS14F1287P0008,6.043,11.587,4.583,4.307,1,1.3,2018,UMUDIKE,11164
TMS14F1288P0008,12.474,10.005,4.156,4.396,NA,0.8,2018,UMUDIKE,10346
TMS14F1291P0003,10.902,6.358,2.542,4.965,NA,0.7,2018,UMUDIKE,10966
TMS14F1291P0011,12.67,9.383,6.125,4.267,6,1,2018,UMUDIKE,10601
TMS14F1291P0012,11.968,19.838,8.719,12.248,3,2.3,2018,UMUDIKE,11512
TMS14F1292P0012,10.475,9.172,4.438,3.856,1,0.7,2018,UMUDIKE,10410
TMS14F1295P0012,10.161,7.447,5.049,5.752,4,0.9,2018,UMUDIKE,9592
TMS14F1297P0019,9.751,15.863,4.74,6.483,4,1.7,2018,UMUDIKE,10416
TMS14F1299P0007,11.465,6.809,5.125,5.14,NA,0.8,2018,UMUDIKE,10588
TMS14F1300P0002,12.127,9.136,7.604,6.775,4,1.1,2018,UMUDIKE,10443
TMS14F1300P0008,17.391,7.075,10.375,5.368,NA,0.8,2018,UMUDIKE,10286
TMS14F1301P0004,11.459,10.593,6.552,3.887,8,0.8,2018,UMUDIKE,9902
TMS14F1301P0013,8.958,12.091,4.688,4.57,8,1,2018,UMUDIKE,9575
TMS14F1303P0012,11.755,8.66,5.885,4.162,7,1.1,2018,UMUDIKE,9861
TMS14F1306P0008,17.624,10.686,4.677,4.606,3,0.9,2018,UMUDIKE,10244
TMS14F1306P0015,11.382,11.21,4.41,4.619,3,1.1,2018,UMUDIKE,10078
TMS14F1306P0020,16.94,9.097,6.924,5.025,5,1,2018,UMUDIKE,10451
TMS14F1310P0004,12.707,7.329,4.531,5.648,NA,1,2018,UMUDIKE,9273
TMS14F1310P0015,6.898,10.079,5.569,5.082,5,0.9,2018,UMUDIKE,9280
TMS14F1311P0002,13.933,8.319,8.292,5.072,4,0.8,2018,UMUDIKE,8860
TMS14F1312P0003,NA,8.319,NA,5.072,NA,0.8,2018,UMUDIKE,5401
IITA-TMS-IBA000070,10.118,3.646,6.083,4.679,5,0.7,2019,ZARIA,12227
IITA-TMS-IBA30572,4.202,1.017,4.833,9.262,1,1.6,2019,ZARIA,9141
IITA-TMS-IBA980581,6.588,5.096,6.292,5.695,5,1.1,2019,ZARIA,10073
IITA-TMS-IBA982101,8.302,2.486,5.625,6.435,1,1.1,2019,ZARIA,9484
TMEB419,NA,8.027,NA,4.283,NA,1.5,2019,ZARIA,10314
TMS13F1021P0008,NA,4.683,NA,4.197,NA,0.9,2019,ZARIA,11206
TMS13F1049P0001,NA,4.639,NA,3.156,NA,1,2019,ZARIA,10322
TMS13F1114P0001,NA,6.917,NA,4.342,NA,1.5,2019,ZARIA,10138
TMS13F1126P0003,NA,2.702,NA,4.179,NA,0.8,2019,ZARIA,9611
TMS13F1182P0002,NA,3.871,NA,4.857,NA,1.2,2019,ZARIA,11409
TMS13F1304P0003,NA,4.619,NA,3.714,NA,0.9,2019,ZARIA,13306
TMS13F1315P0008,NA,3.684,NA,5.007,NA,1,2019,ZARIA,9908
TMS13F1376P0018,NA,4.358,NA,3.976,NA,1,2019,ZARIA,12779
TMS13F1400P0001,NA,4.336,NA,4.136,NA,1,2019,ZARIA,9936
TMS13F1461P0002,NA,6.917,NA,4.342,NA,1.5,2019,ZARIA,11689
TMS13F2061P0005,NA,4.373,NA,4.257,NA,0.8,2019,ZARIA,10276
TMS13F2207P0001,NA,4.99,NA,4.009,NA,0.9,2019,ZARIA,12634
TMS14F1001P0004,NA,4.379,NA,4.168,NA,1,2019,ZARIA,10561
TMS14F1013P0007,NA,4.384,NA,3.801,NA,1,2019,ZARIA,9523
TMS14F1014P0016,NA,4.401,NA,3.874,NA,1,2019,ZARIA,10223
TMS14F1014P0017,NA,4.293,NA,4.285,NA,1,2019,ZARIA,10173
TMS14F1016P0006,NA,4.231,NA,4.397,NA,1,2019,ZARIA,11269
TMS14F1019P0015,NA,4.392,NA,3.79,NA,1,2019,ZARIA,11529
TMS14F1022P0003,NA,4.429,NA,3.964,NA,1,2019,ZARIA,10660
TMS14F1022P0006,NA,4.383,NA,4.624,NA,1,2019,ZARIA,12806
TMS14F1035P0004,NA,5.343,NA,6.372,NA,1.5,2019,ZARIA,12932
TMS14F1035P0007,NA,5.479,NA,4.513,NA,1.1,2019,ZARIA,10891
TMS14F1036P0007,NA,3.469,NA,6.409,NA,1.1,2019,ZARIA,10008
TMS14F1049P0001,NA,1.604,NA,5.582,NA,0.9,2019,ZARIA,10592
TMS14F1098P0013,NA,4.355,NA,4.231,NA,0.8,2019,ZARIA,11532
TMS14F1120P0003,NA,0.507,NA,7.279,NA,1,2019,ZARIA,10060
TMS14F1125P0010,NA,4.364,NA,4.244,NA,0.8,2019,ZARIA,10855
TMS14F1131P0001,NA,3.668,NA,4.665,NA,1,2019,ZARIA,10573
TMS14F1146P0002,NA,4.141,NA,4.596,NA,1,2019,ZARIA,10645
TMS14F1159P0003,NA,4.368,NA,3.801,NA,1.1,2019,ZARIA,9878
TMS14F1194P0002,NA,2.399,NA,4.913,NA,0.9,2019,ZARIA,11299
TMS14F1195P0004,NA,3.65,NA,4.496,NA,1,2019,ZARIA,10657
TMS14F1195P0005,NA,3.608,NA,5.697,NA,0.9,2019,ZARIA,10320
TMS14F1196P0003,NA,2.957,NA,5.188,NA,0.8,2019,ZARIA,10276
TMS14F1208P0007,NA,1.037,NA,5.483,NA,0.8,2019,ZARIA,9351
TMS14F1223P0007,NA,4.34,NA,4.211,NA,0.8,2019,ZARIA,10218
TMS14F1224P0004,NA,0,NA,3.836,NA,0.6,2019,ZARIA,10673
TMS14F1262P0002,NA,1.362,NA,8.082,NA,1.3,2019,ZARIA,9524
TMS14F1278P0003,NA,2.955,NA,5.39,NA,1,2019,ZARIA,10285
TMS14F1285P0006,NA,5.794,NA,3.768,NA,1.2,2019,ZARIA,11588
TMS14F1285P0017,NA,4.849,NA,3.746,NA,1.1,2019,ZARIA,11933
TMS14F1287P0008,NA,5.705,NA,3.821,NA,1.3,2019,ZARIA,11164
TMS14F1288P0008,NA,4.568,NA,3.927,NA,0.8,2019,ZARIA,10346
TMS14F1291P0003,NA,1.75,NA,4.782,NA,0.7,2019,ZARIA,10966
TMS14F1291P0011,NA,4.404,NA,4.041,NA,1,2019,ZARIA,10601
TMS14F1291P0012,NA,5.862,NA,10.581,NA,2.1,2019,ZARIA,11512
TMS14F1292P0012,NA,3.994,NA,3.43,NA,0.7,2019,ZARIA,10410
TMS14F1295P0012,NA,2.126,NA,5.587,NA,0.8,2019,ZARIA,9592
TMS14F1297P0019,NA,7.313,NA,5.797,NA,1.6,2019,ZARIA,10416
TMS14F1299P0007,NA,2.237,NA,4.964,NA,0.8,2019,ZARIA,10588
TMS14F1300P0002,NA,2.933,NA,6.753,NA,1.1,2019,ZARIA,10443
TMS14F1300P0008,NA,1.933,NA,5.283,NA,0.8,2019,ZARIA,10286
TMS14F1301P0004,NA,5.15,NA,3.449,NA,0.8,2019,ZARIA,9902
TMS14F1301P0013,NA,5.263,NA,3.975,NA,1,2019,ZARIA,9575
TMS14F1303P0012,NA,4.411,NA,3.853,NA,1.1,2019,ZARIA,9861
TMS14F1306P0008,NA,4.815,NA,4.086,NA,0.9,2019,ZARIA,10244
TMS14F1306P0015,NA,5.213,NA,4.084,NA,1.1,2019,ZARIA,10078
TMS14F1306P0020,NA,3.38,NA,4.623,NA,1,2019,ZARIA,10451
TMS14F1310P0004,NA,2.345,NA,5.31,NA,0.9,2019,ZARIA,9273
TMS14F1310P0015,NA,3.721,NA,4.568,NA,0.9,2019,ZARIA,9280
TMS14F1311P0002,NA,2.865,NA,4.682,NA,0.8,2019,ZARIA,8860
TMS14F1312P0003,NA,2.865,NA,4.682,NA,0.8,2019,ZARIA,5401
