"accession_name","rep_number","plant_number","stem_nu","NODLT","Total_nod","B1D","B2D","B3D","B4D","LAIm","LAIX","BR#S","L#SX","L#IR"
"TMS14F1223P0007",1,1,3,NA,NA,50,NA,NA,NA,145.0014,NA,3,NA,NA
"TMS14F1223P0007",1,2,2,2.14285714285714,160,60,105,NA,NA,236.2575,4.72515,2,80,NA
"TMS14F1223P0007",1,3,NA,NA,NA,NA,NA,NA,NA,NA,NA,NA,NA,NA
"TMS14F1223P0007",1,4,2,2.8125,122.666666666667,60,105,NA,NA,219.6955,3.36866433333333,2,61.3333333333333,NA
"TMS14F1223P0007",1,5,4,NA,NA,100,NA,NA,NA,178.154,NA,4,NA,NA
"TMS14F1194P0002",1,1,4,NA,NA,135,NA,NA,NA,302.7525,NA,4,NA,NA
"TMS14F1194P0002",1,2,3,NA,NA,100,NA,NA,NA,183.4775,NA,3,NA,NA
"TMS14F1194P0002",1,3,4,NA,NA,115,NA,NA,NA,292.9245,NA,4,NA,NA
"TMS14F1194P0002",1,4,4,NA,NA,NA,NA,NA,NA,163.685,NA,4,NA,NA
"TMS14F1194P0002",1,5,4,NA,NA,145,NA,NA,NA,175.2875,NA,4,NA,NA
"TMS14F1195P0005",1,1,1,3.82352941176471,70.5384615384615,25,90,NA,NA,253.086,2.23153713461538,1,70.5384615384615,NA
"TMS14F1195P0005",1,2,1,14.6428571428571,81.7073170731707,25,85,160,NA,155.677,1.58999375,1,81.7073170731707,NA
"TMS14F1195P0005",1,3,2,2.85714285714286,229,70,150,NA,NA,234.132,6.7020285,2,114.5,NA
"TMS14F1195P0005",1,4,3,3.33333333333333,315,60,140,NA,NA,256.245,10.089646875,3,105,NA
"TMS14F1195P0005",1,5,1,1.66666666666667,126,20,50,NA,NA,234.366,3.6912645,1,126,NA
"TMS14F1303P0012",1,1,5,4.31818181818182,464.210526315789,90,185,NA,NA,218.558,12.6821155263158,5,92.8421052631579,NA
"TMS14F1303P0012",1,2,4,5,356,95,205,NA,NA,226.748,10.090286,4,89,NA
"TMS14F1303P0012",1,3,2,4.375,153.714285714286,100,205,NA,NA,411.27,7.90225928571429,2,76.8571428571429,NA
"TMS14F1303P0012",1,4,3,NA,NA,160,NA,NA,NA,268.2622,NA,3,NA,NA
"TMS14F1303P0012",1,5,5,NA,NA,165,NA,NA,NA,262.8295,NA,5,NA,NA
"TMS13F2207P0001",1,1,4,NA,NA,140,NA,NA,NA,188.2095,NA,4,NA,NA
"TMS13F2207P0001",1,2,3,5.3125,164.294117647059,105,190,NA,NA,180.975,3.71664099264706,3,54.7647058823529,NA
"TMS13F2207P0001",1,3,1,NA,NA,125,NA,NA,NA,197.446,NA,1,NA,NA
"TMS13F2207P0001",1,4,2,3.5,198,105,175,NA,NA,305.9115,7.571309625,2,99,NA
"TMS13F2207P0001",1,5,2,1.95652173913043,262.444444444444,110,155,NA,NA,191.713,6.28925147222222,2,131.222222222222,NA
"TMS14F1285P0017",1,1,5,NA,NA,NA,NA,NA,NA,208.366,NA,5,NA,NA
"TMS14F1285P0017",1,2,3,NA,NA,NA,NA,NA,NA,195.08,NA,3,NA,NA
"TMS14F1285P0017",1,3,3,NA,NA,NA,NA,NA,NA,221.015,NA,3,NA,NA
"TMS14F1285P0017",1,4,5,NA,NA,NA,NA,NA,NA,198.811,NA,5,NA,NA
"TMS14F1285P0017",1,5,4,NA,NA,NA,NA,NA,NA,185.434,NA,4,NA,NA
"TMS14F1224P0004",1,1,2,10.2083333333333,153.877551020408,30,100,170,NA,192.623,3.70504443877551,2,76.9387755102041,NA
"TMS14F1224P0004",1,2,1,3.16666666666667,87.0526315789474,35,60,75,NA,175.606,1.91087055263158,1,87.0526315789474,NA
"TMS14F1224P0004",1,3,3,3.92857142857143,192.818181818182,60,115,NA,NA,149.853,3.611797875,3,64.2727272727273,NA
"TMS14F1224P0004",1,4,2,8.64285714285714,188.099173553719,35,100,140,NA,153.22,3.6025694214876,2,94.0495867768595,NA
"TMS14F1224P0004",1,5,NA,NA,NA,NA,NA,NA,NA,NA,NA,NA,NA,NA
"IITA-TMS-IBA980581",1,1,3,NA,NA,135,NA,NA,NA,341.9085,NA,3,NA,NA
"IITA-TMS-IBA980581",1,2,2,NA,NA,95,NA,NA,NA,410.1,NA,2,NA,NA
"IITA-TMS-IBA980581",1,3,4,NA,NA,NA,NA,NA,NA,316.6105,NA,4,NA,NA
"IITA-TMS-IBA980581",1,4,1,NA,NA,NA,NA,NA,NA,309.194,NA,1,NA,NA
"IITA-TMS-IBA980581",1,5,1,4.33333333333333,157.153846153846,70,135,NA,NA,282.44,5.54831653846154,1,157.153846153846,NA
"TMS14F1016P0006",1,1,1,NA,NA,75,NA,NA,NA,192.714,NA,1,NA,NA
"TMS14F1016P0006",1,2,2,NA,NA,90,NA,NA,NA,258.819,NA,2,NA,NA
"TMS14F1016P0006",1,3,4,NA,NA,105,NA,NA,NA,191.44,NA,4,NA,NA
"TMS14F1016P0006",1,4,1,NA,NA,100,NA,NA,NA,318.255,NA,1,NA,NA
"TMS14F1016P0006",1,5,3,NA,NA,95,NA,NA,NA,146.07,NA,3,NA,NA
"TMS14F1300P0008",1,1,2,NA,NA,90,NA,NA,NA,303.9225,NA,2,NA,NA
"TMS14F1300P0008",1,2,3,NA,NA,100,NA,NA,NA,160.5,NA,3,NA,NA
"TMS14F1300P0008",1,3,3,NA,NA,70,NA,NA,NA,286.782,NA,3,NA,NA
"TMS14F1300P0008",1,4,2,NA,NA,110,NA,NA,NA,289.005,NA,2,NA,NA
"TMS14F1300P0008",1,5,2,3.82352941176471,135.384615384615,60,125,NA,NA,243.9925,4.12910384615385,2,67.6923076923077,NA
"TMS13F2061P0005",1,1,3,NA,NA,110,NA,NA,NA,181.43,NA,3,NA,NA
"TMS13F2061P0005",1,2,3,NA,NA,105,NA,NA,NA,140.935,NA,3,NA,NA
"TMS13F2061P0005",1,3,3,2.75,310.636363636364,95,150,NA,NA,189.347,7.35225794318182,3,103.545454545455,NA
"TMS13F2061P0005",1,4,1,2.82608695652174,113.384615384615,100,165,NA,NA,193.8788,2.74785914615385,1,113.384615384615,NA
"TMS13F2061P0005",1,5,6,NA,NA,130,NA,NA,NA,171.42,NA,6,NA,NA
"TMS13F1461P0002",1,1,3,NA,NA,105,NA,NA,NA,192.1316,NA,3,NA,NA
"TMS13F1461P0002",1,2,2,3.33333333333333,126,70,140,NA,NA,176.516,2.780127,2,63,NA
"TMS13F1461P0002",1,3,2,NA,NA,85,NA,NA,NA,171.693,NA,2,NA,NA
"TMS13F1461P0002",1,4,3,3.69565217391304,315.882352941176,75,160,NA,NA,115.936,4.57776705882353,3,105.294117647059,NA
"TMS13F1461P0002",1,5,4,3.94736842105263,317.066666666667,80,155,NA,NA,220.7875,8.75054458333333,4,79.2666666666667,NA
"TMS14F1001P0004",1,1,2,NA,NA,115,NA,NA,NA,198.265,NA,2,NA,NA
"TMS14F1001P0004",1,2,1,3.33333333333333,99,90,150,NA,NA,156.314,1.93438575,1,99,NA
"TMS14F1001P0004",1,3,2,4.44444444444444,132.5,90,170,NA,NA,175.1055,2.90018484375,2,66.25,NA
"TMS14F1001P0004",1,4,1,4.28571428571429,108.666666666667,80,170,NA,NA,213.462,2.8995255,1,108.666666666667,NA
"TMS14F1001P0004",1,5,3,NA,NA,120,NA,NA,NA,165.0045,NA,3,NA,NA
"TMS14F1049P0001",1,1,5,NA,NA,120,NA,NA,NA,191.167,NA,5,NA,NA
"TMS14F1049P0001",1,2,7,NA,NA,120,NA,NA,NA,206.455,NA,7,NA,NA
"TMS14F1049P0001",1,3,3,4.34782608695652,305.1,90,190,NA,NA,269.8365,10.29088951875,3,101.7,NA
"TMS14F1049P0001",1,4,5,NA,NA,105,NA,NA,NA,194.989,NA,5,NA,NA
"TMS14F1049P0001",1,5,2,3.86363636363636,201.764705882353,100,185,NA,NA,213.098,5.3744569117647,2,100.882352941176,NA
"TMS14F1022P0006",1,1,4,NA,NA,NA,NA,NA,NA,250.3365,NA,4,NA,NA
"TMS14F1022P0006",1,2,4,NA,NA,120,NA,NA,NA,276.252,NA,4,NA,NA
"TMS14F1022P0006",1,3,3,4.03846153846154,364.571428571429,95,200,NA,NA,333.4065,15.1938105,3,121.52380952381,NA
"TMS14F1022P0006",1,4,3,NA,NA,155,NA,NA,NA,222.1395,NA,3,NA,NA
"TMS14F1022P0006",1,5,1,3.33333333333333,117,90,180,NA,NA,292.632,4.279743,1,117,NA
"TMS14F1262P0002",1,1,3,4.35897435897436,311.294117647059,60,130,140,NA,227.58,8.85553941176471,3,103.764705882353,NA
"TMS14F1262P0002",1,2,2,3.75,120,90,135,NA,NA,198.3833,2.9757495,2,60,NA
"TMS14F1262P0002",1,3,3,12.1739130434783,239.785714285714,60,110,140,NA,143.665,4.30610183035714,3,79.9285714285714,NA
"TMS14F1262P0002",1,4,2,5.30769230769231,234.840579710145,50,110,140,NA,157.7245,4.6300141268116,2,117.420289855072,NA
"TMS14F1262P0002",1,5,3,3.57142857142857,151.2,105,130,NA,NA,194.352,3.6732528,3,50.4,NA
"TMS14F1297P0019",1,1,3,3.5,96,98,105,NA,NA,125.6015,1.507218,3,32,NA
"TMS14F1297P0019",1,2,3,2.5,216,80,130,NA,NA,213.306,5.759262,3,72,NA
"TMS14F1297P0019",1,3,3,NA,NA,NA,NA,NA,NA,146.6225,NA,3,NA,NA
"TMS14F1297P0019",1,4,2,NA,NA,NA,NA,NA,NA,166.324,NA,2,NA,NA
"TMS14F1297P0019",1,5,2,2.5,114.4,113,128,NA,NA,171.147,2.4474021,2,57.2,NA
"TMS14F1131P0001",1,1,2,7.78947368421053,138.689189189189,65,137,145,NA,158.68,2.75090006756757,2,69.3445945945946,NA
"TMS14F1131P0001",1,2,1,15.5789473684211,62.8513513513514,60,128,140,NA,156.1684,1.2269243722973,1,62.8513513513514,NA
"TMS14F1131P0001",1,3,1,5.68421052631579,76.6759259259259,55,125,135,NA,175.879,1.68571064699074,1,76.6759259259259,NA
"TMS14F1131P0001",1,4,1,19.047619047619,68.4125,65,150,165,NA,162.957,1.3935369703125,1,68.4125,NA
"TMS14F1131P0001",1,5,1,8.09090909090909,61.8988764044944,72,140,155,NA,202.36,1.56573207865169,1,61.8988764044944,NA
"IITA-TMS-IBA000070",1,1,2,1.75,154.285714285714,65,100,NA,NA,136.294,2.62852714285714,2,77.1428571428571,NA
"IITA-TMS-IBA000070",1,2,2,1.92307692307692,234,75,125,NA,NA,111.815,3.27058875,2,117,NA
"IITA-TMS-IBA000070",1,3,1,1.66666666666667,138,80,130,NA,NA,214.372,3.697917,1,138,NA
"IITA-TMS-IBA000070",1,4,3,1.94444444444444,208.285714285714,65,100,NA,NA,122.189,3.18127789285714,3,69.4285714285714,NA
"IITA-TMS-IBA000070",1,5,1,1.60714285714286,108.888888888889,85,130,NA,NA,201.905,2.74815138888889,1,108.888888888889,NA
"IITA-TMS-IBA982101",1,1,2,2.30769230769231,169,105,135,NA,NA,211.434,4.46654325,2,84.5,NA
"IITA-TMS-IBA982101",1,2,2,2.5,152,90,140,NA,NA,293.919,5.584461,2,76,NA
"IITA-TMS-IBA982101",1,3,1,NA,NA,NA,NA,NA,NA,228.633,NA,1,NA,NA
"IITA-TMS-IBA982101",1,4,2,3,146.666666666667,70,145,NA,NA,202.659,3.715415,2,73.3333333333333,NA
"IITA-TMS-IBA982101",1,5,3,18.1818181818182,217.2,80,150,165,NA,267.243,7.25564745,3,72.4,NA
"IITA-TMS-IBA30572",1,1,2,1.6,243.75,75,115,NA,NA,156.86,4.779328125,2,121.875,NA
"IITA-TMS-IBA30572",1,2,3,3.88888888888889,162,105,140,NA,NA,125.647,2.54435175,3,54,NA
"IITA-TMS-IBA30572",1,3,2,3.94736842105263,159.6,90,165,NA,NA,146.486,2.9223957,2,79.8,NA
"IITA-TMS-IBA30572",1,4,1,9.62121212121212,62.8740157480315,95,160,180,NA,220.105,1.72986065452756,1,62.8740157480315,NA
"IITA-TMS-IBA30572",1,5,1,3.07692307692308,84.5,100,140,NA,NA,161.7285,1.70825728125,1,84.5,NA
"TMS13F1114P0001",1,1,6,8.69565217391304,588.3,70,155,190,NA,167.234,12.297970275,6,98.05,NA
"TMS13F1114P0001",1,2,5,8.45238095238095,297.323943661972,80,155,185,NA,164.049,6.09696195422535,5,59.4647887323944,NA
"TMS13F1114P0001",1,3,4,13.4782608695652,233.225806451613,85,165,185,NA,217.921,6.35310012096774,4,58.3064516129032,NA
"TMS13F1114P0001",1,4,4,11.8055555555556,287.717647058824,70,170,195,NA,166.1875,5.97688455882353,4,71.9294117647059,NA
"TMS13F1114P0001",1,5,3,13.0882352941176,188.191011235955,75,170,185,NA,151.1725,3.55616320575843,3,62.7303370786517,NA
"TMEB419",1,1,2,3.33333333333333,138,140,170,NA,NA,275.8425,4.758283125,2,69,NA
"TMEB419",1,2,2,3.5,140,140,175,NA,NA,232.845,4.0747875,2,70,NA
"TMEB419",1,3,2,7.5,48,150,165,NA,NA,181.43,1.08858,2,24,NA
"TMEB419",1,4,1,12.9722222222222,120.770877944325,10,95,160,200,382.02,5.7671113490364,1,120.770877944325,NA
"TMEB419",1,5,3,NA,NA,NA,NA,NA,NA,299.73,NA,3,NA,NA
"TMS14F1036P0007",1,1,3,5.90579710144928,212.098159509202,75,115,140,NA,198.265,5.2564551993865,3,70.6993865030675,NA
"TMS14F1036P0007",1,2,3,8.66666666666667,173.423076923077,85,162,177,NA,237.395,5.14622141826923,3,57.8076923076923,NA
"TMS14F1036P0007",1,3,3,11.1111111111111,213.3,90,165,190,NA,160.955,4.2914626875,3,71.1,NA
"TMS14F1036P0007",1,4,3,3.84615384615385,167.7,115,165,NA,NA,190.257,3.9882623625,3,55.9,NA
"TMS14F1036P0007",1,5,2,3.40909090909091,134.933333333333,80,155,NA,NA,176.88,2.983376,2,67.4666666666667,NA
"TMS14F1312P0003",1,1,3,2.94117647058824,214.2,110,160,NA,NA,166.1875,4.4496703125,3,71.4,NA
"TMS14F1312P0003",1,2,3,25,28.8,90,165,NA,NA,176.88,0.636768,3,9.6,NA
"TMS14F1312P0003",1,3,3,3.75,142.4,118,148,NA,NA,195.899,3.4870022,3,47.4666666666667,NA
"TMS14F1312P0003",1,4,4,2.8125,291.555555555556,115,160,NA,NA,232.39,8.46932444444444,4,72.8888888888889,NA
"TMS14F1312P0003",1,5,4,4.28571428571429,177.333333333333,130,160,NA,NA,195.626,4.33637633333333,4,44.3333333333333,NA
"TMS14F1035P0004",1,1,6,10.3846153846154,220.444444444444,70,140,150,NA,124.191,3.422152,6,36.7407407407407,NA
"TMS14F1035P0004",1,2,2,6.58119658119658,201.194805194805,50,120,155,NA,164.4,4.13455324675325,2,100.597402597403,NA
"TMS14F1035P0004",1,3,2,7.53205128205128,165.931914893617,60,120,155,NA,160.30435,3.32495097015957,2,82.9659574468085,NA
"TMS14F1035P0004",1,4,3,9.0625,211.551724137931,50,115,170,NA,151.4,4.00361637931034,3,70.5172413793103,NA
"TMS14F1035P0004",1,5,2,4.5,77.7777777777778,85,130,NA,NA,202.36,1.96738888888889,2,38.8888888888889,NA
"TMS14F1120P0003",1,1,1,6.71497584541063,105.679856115108,65,130,165,NA,181.43,2.3966870368705,1,105.679856115108,NA
"TMS14F1120P0003",1,2,2,10.2777777777778,93.7297297297297,50,115,135,NA,154.494,1.81008510810811,2,46.8648648648649,NA
"TMS14F1120P0003",1,3,3,12.7777777777778,132.913043478261,55,105,125,NA,127.558,2.11926525,3,44.304347826087,NA
"TMS14F1120P0003",1,4,5,6.08333333333333,484.315068493151,60,115,145,NA,187.345,11.3417508133562,5,96.8630136986301,NA
"TMS14F1120P0003",1,5,NA,NA,NA,NA,NA,NA,NA,NA,NA,NA,NA,NA
"TMS14F1306P0015",1,1,1,2.60869565217391,101.583333333333,85,145,NA,NA,286.0982,3.63285110208333,1,101.583333333333,NA
"TMS14F1306P0015",1,2,1,2.59259259259259,115.714285714286,90,160,NA,NA,344.697,4.98579589285714,1,115.714285714286,NA
"TMS14F1306P0015",1,3,3,NA,NA,NA,NA,NA,NA,196.445,NA,3,NA,NA
"TMS14F1306P0015",1,4,3,NA,NA,NA,NA,NA,NA,260.5545,NA,3,NA,NA
"TMS14F1306P0015",1,5,2,NA,NA,NA,NA,NA,NA,158.953,NA,2,NA,NA
"TMS14F1306P0020",1,1,2,NA,NA,135,NA,NA,NA,255.959,NA,2,NA,NA
"TMS14F1306P0020",1,2,1,NA,NA,120,NA,NA,NA,276.707,NA,1,NA,NA
"TMS14F1306P0020",1,3,3,4.28571428571429,129.5,125,155,NA,NA,322.207,5.2157258125,3,43.1666666666667,NA
"TMS14F1306P0020",1,4,4,NA,NA,NA,NA,NA,NA,267.425,NA,4,NA,NA
"TMS14F1306P0020",1,5,4,15,49.3333333333333,155,170,NA,NA,404.835,2.4964825,4,12.3333333333333,NA
"TMS13F1021P0008",1,1,2,8.75,132.571428571429,55,145,175,NA,254.958,4.22501828571429,2,66.2857142857143,NA
"TMS13F1021P0008",1,2,2,6.36363636363636,99,105,175,NA,NA,215.191,2.662988625,2,49.5,NA
"TMS13F1021P0008",1,3,5,15.2941176470588,227.788461538462,85,175,195,NA,257.6425,7.33599858774039,5,45.5576923076923,NA
"TMS13F1021P0008",1,4,3,5.66666666666667,140.294117647059,95,180,NA,NA,201.3954,3.53182374264706,3,46.7647058823529,NA
"TMS13F1021P0008",1,5,4,6.25,121.6,140,165,NA,NA,225.1555,3.4223636,4,30.4,NA
"TMS13F1182P0002",1,1,3,3.18181818181818,323.142857142857,120,190,NA,NA,205.8635,8.31541494642857,3,107.714285714286,NA
"TMS13F1182P0002",1,2,2,4.1304347826087,166.105263157895,120,215,NA,NA,234.665,4.87238644736842,2,83.0526315789474,NA
"TMS13F1182P0002",1,3,2,3.26086956521739,211.333333333333,100,175,NA,NA,157.679,4.16535358333333,2,105.666666666667,NA
"TMS13F1182P0002",1,4,2,4.04761904761905,167.294117647059,120,205,NA,NA,276.798,5.78833464705882,2,83.6470588235294,NA
"TMS13F1182P0002",1,5,3,3.66666666666667,211.909090909091,105,182,NA,NA,174.605,4.62504835227273,3,70.6363636363636,NA
"TMS14F1035P0007",1,1,6,NA,NA,150,NA,NA,NA,172.421,NA,6,NA,NA
"TMS14F1035P0007",1,2,1,2.5,132,100,170,NA,NA,135.2475,2.23158375,1,132,NA
"TMS14F1035P0007",1,3,4,3.26086956521739,410.933333333333,110,185,NA,NA,246.066,12.6395902,4,102.733333333333,NA
"TMS14F1035P0007",1,4,5,NA,NA,120,NA,NA,NA,141.845,NA,5,NA,NA
"TMS14F1035P0007",1,5,3,3.33333333333333,283.5,105,175,NA,NA,141.208,5.0040585,3,94.5,NA
"TMS14F1310P0004",1,1,1,33.3333333333333,61.5,50,100,225,NA,214.463,1.6486843125,1,61.5,NA
"TMS14F1310P0004",1,2,2,2.77777777777778,258,50,125,NA,133,243.856,7.864356,2,129,NA
"TMS14F1310P0004",1,3,3,3,253,55,115,NA,NA,261.055,8.255864375,3,84.3333333333333,NA
"TMS14F1310P0004",1,4,2,2.39130434782609,212.363636363636,65,120,NA,NA,267.945,7.11272181818182,2,106.181818181818,NA
"TMS14F1310P0004",1,5,NA,NA,NA,NA,NA,NA,NA,NA,NA,NA,NA,NA
"TMS14F1291P0011",1,1,4,NA,NA,NA,NA,NA,NA,225.11,NA,4,NA,NA
"TMS14F1291P0011",1,2,4,NA,NA,90,NA,NA,NA,169.8275,NA,4,NA,NA
"TMS14F1291P0011",1,3,2,NA,NA,90,NA,NA,NA,259.9305,NA,2,NA,NA
"TMS14F1291P0011",1,4,3,NA,NA,NA,NA,NA,NA,199.084,NA,3,NA,NA
"TMS14F1291P0011",1,5,5,NA,NA,NA,NA,NA,NA,213.28,NA,5,NA,NA
"TMS14F1311P0002",1,1,1,4.94553376906318,124.055066079295,25,65,135,NA,194.118,3.01016516464758,1,124.055066079295,NA
"TMS14F1311P0002",1,2,3,NA,NA,65,NA,NA,NA,157.0238,NA,3,NA,NA
"TMS14F1311P0002",1,3,4,NA,NA,65,NA,NA,NA,108.63,NA,4,NA,NA
"TMS14F1311P0002",1,4,4,NA,NA,95,NA,NA,NA,195.756,NA,4,NA,NA
"TMS14F1311P0002",1,5,3,5.38126361655773,293.14979757085,20,80,130,NA,163.5225,5.99207347165992,3,97.7165991902834,NA
"TMS14F1208P0007",1,1,1,3.05555555555556,77.7272727272727,45,100,NA,NA,169.145,1.64339744318182,1,77.7272727272727,NA
"TMS14F1208P0007",1,2,2,NA,NA,90,NA,NA,NA,187.0811,NA,2,NA,NA
"TMS14F1208P0007",1,3,3,3.92857142857143,210.272727272727,75,130,NA,NA,140.3435,3.6888013125,3,70.0909090909091,NA
"TMS14F1208P0007",1,4,2,3.4375,144,55,110,NA,NA,192.168,3.459024,2,72,NA
"TMS14F1208P0007",1,5,2,NA,NA,80,NA,NA,NA,278.4165,NA,2,NA,NA
"TMS14F1224P0004",2,1,NA,NA,NA,40,105,155,NA,NA,NA,NA,NA,0.238095238095238
"TMS14F1224P0004",2,2,2,6.94852941176471,11.5132275132275,40,105,155,NA,174.9144,0.25172866031746,2,5.75661375661376,0.19047619047619
"TMS14F1224P0004",2,3,1,15,58.3333333333333,35,105,165,NA,223.8815,1.63246927083333,1,58.3333333333333,NA
"TMS14F1224P0004",2,4,1,9.23076923076923,92.7083333333333,25,100,155,NA,148.8247,1.72466123697917,1,92.7083333333333,NA
"TMS14F1224P0004",2,5,1,8.92857142857143,77.92,35,110,160,NA,167.4797,1.631252278,1,77.92,0.19047619047619
"TMS13F1114P0001",2,1,5,NA,NA,85,NA,NA,NA,152.9925,NA,5,NA,0.380952380952381
"TMS13F1114P0001",2,2,2,3.92857142857143,111.272727272727,85,140,NA,NA,185.9163,2.58592671818182,2,55.6363636363636,0.333333333333333
"TMS13F1114P0001",2,3,2,3.61111111111111,161.538461538462,75,140,NA,NA,201.0041,4.05873663461538,2,80.7692307692308,0.380952380952381
"TMS13F1114P0001",2,4,3,3.41176470588235,178.913793103448,67,125,NA,NA,166.4696,3.72296344655172,3,59.6379310344828,0.428571428571429
"TMS13F1114P0001",2,5,3,3.75,188,70,130,NA,NA,186.4987,4.38271945,3,62.6666666666667,0.428571428571429
"TMS14F1035P0004",2,1,4,4,357,65,145,NA,NA,231.5528,10.3330437,4,89.25,NA
"TMS14F1035P0004",2,2,2,3.33333333333333,252,60,140,NA,NA,213.8715,6.73695225,2,126,NA
"TMS14F1035P0004",2,3,2,3.57142857142857,213.2,70,145,NA,NA,198.0544,5.27814976,2,106.6,0.142857142857143
"TMS14F1035P0004",2,4,3,8.44444444444444,386.763157894737,50,130,190,NA,214.0626,10.3489408953947,3,128.921052631579,0.285714285714286
"TMS14F1035P0004",2,5,4,4.16666666666667,355.2,95,170,NA,NA,179.3188,7.96175472,4,88.8,0.333333333333333
"TMS14F1194P0002",2,1,3,NA,NA,160,NA,NA,NA,11271.7365,NA,3,NA,0.523809523809524
"TMS14F1194P0002",2,2,3,NA,NA,125,NA,NA,NA,311.1869,NA,3,NA,0.523809523809524
"TMS14F1194P0002",2,3,2,NA,NA,160,NA,NA,NA,284.3055,NA,2,NA,0.571428571428571
"TMS14F1194P0002",2,4,4,NA,NA,150,NA,NA,NA,375.6149,NA,4,NA,0.380952380952381
"TMS14F1194P0002",2,5,3,NA,NA,130,NA,NA,NA,320.9057,NA,3,NA,0.666666666666667
"TMS14F1036P0007",2,1,3,2.5,366,80,155,NA,NA,263.33,12.0473475,3,122,0.476190476190476
"TMS14F1036P0007",2,2,3,7.35576923076923,301.549019607843,70,145,200,NA,294.634,11.1058242303922,3,100.516339869281,0.571428571428571
"TMS14F1036P0007",2,3,4,4.64285714285714,287.384615384615,120,185,NA,NA,193.16263,6.93899601615384,4,71.8461538461538,0.476190476190476
"TMS14F1036P0007",2,4,2,4.21052631578947,207.125,95,175,NA,NA,240.6801,6.2313582140625,2,103.5625,0.285714285714286
"TMS14F1036P0007",2,5,3,4.73684210526316,296.833333333333,85,175,NA,NA,253.2745,9.39753926041667,3,98.9444444444444,0.571428571428571
"TMS14F1208P0007",2,1,2,3.57142857142857,236.8,80,155,NA,NA,557.1235,16.4908556,2,118.4,NA
"TMS14F1208P0007",2,2,1,7.68571428571429,124.806691449814,60,145,205,NA,251.7093,3.92687561751859,1,124.806691449814,0.238095238095238
"TMS14F1208P0007",2,3,4,4.5625,491.890410958904,82,155,NA,NA,235.0199,14.4505043993151,4,122.972602739726,NA
"TMS14F1208P0007",2,4,2,4.70588235294118,184.375,95,175,NA,NA,238.8965,5.5058177734375,2,92.1875,0.238095238095238
"TMS14F1208P0007",2,5,3,6.33333333333333,229.263157894737,85,180,NA,NA,235.6205,6.7523874868421,3,76.4210526315789,0.142857142857143
"TMS14F1022P0006",2,1,2,3.68421052631579,186.285714285714,100,170,NA,NA,222.2617,5.17552244285714,2,93.1428571428571,0.380952380952381
"TMS14F1022P0006",2,2,1,NA,NA,115,NA,NA,NA,261.5984,NA,1,NA,0.285714285714286
"TMS14F1022P0006",2,3,3,NA,NA,110.5,NA,NA,NA,304.4984,NA,3,NA,0.571428571428571
"TMS14F1022P0006",2,4,3,NA,NA,105,NA,NA,NA,166.2421,NA,3,NA,NA
"TMS14F1022P0006",2,5,4,3.0952380952381,410.769230769231,95,160,NA,NA,318.1016,16.3332936923077,4,102.692307692308,0.285714285714286
"TMS14F1001P0004",2,1,1,2.77777777777778,98.4,90,140,NA,NA,190.4663,2.34273549,1,98.4,0.380952380952381
"TMS14F1001P0004",2,2,1,2.94117647058824,85.6,90,140,NA,NA,251.2179,2.68803153,1,85.6,0.333333333333333
"TMS14F1001P0004",2,3,1,2.61904761904762,111.545454545455,80,135,NA,NA,222.9988,3.10931281363636,1,111.545454545455,0.19047619047619
"TMS14F1001P0004",2,4,4,2.515,327.284294234592,75,125.3,NA,NA,247.3322,10.1184930648111,4,81.8210735586481,0.333333333333333
"TMS14F1001P0004",2,5,2,2.72727272727273,230.666666666667,80,140,NA,NA,204.1527,5.88640285,2,115.333333333333,NA
"TMS14F1297P0019",2,1,2,NA,NA,110,NA,NA,NA,282.8313,NA,2,NA,0.333333333333333
"TMS14F1297P0019",2,2,1,NA,NA,125,NA,NA,NA,262.4837,NA,1,NA,0.428571428571429
"TMS14F1297P0019",2,3,6,NA,NA,NA,NA,NA,NA,185.2793,NA,6,NA,0.476190476190476
"TMS14F1297P0019",2,4,3,NA,NA,115,NA,NA,NA,285.1154,NA,3,NA,0.333333333333333
"TMS14F1297P0019",2,5,2,2.30769230769231,238.333333333333,95,155,NA,NA,302.7603,9.0197339375,2,119.166666666667,0.285714285714286
"TMS14F1291P0011",2,1,3,NA,NA,NA,NA,NA,NA,183.3072,NA,3,NA,0.380952380952381
"TMS14F1291P0011",2,2,5,NA,NA,80,NA,NA,NA,196.5269,NA,5,NA,0.428571428571429
"TMS14F1291P0011",2,3,2,NA,NA,NA,NA,NA,NA,219.8411,NA,2,NA,0.476190476190476
"TMS14F1291P0011",2,4,4,NA,NA,NA,NA,NA,NA,229.1049,NA,4,NA,0.571428571428571
"TMS14F1291P0011",2,5,2,NA,NA,NA,NA,NA,NA,202.6967,NA,2,NA,0.476190476190476
"TMS14F1120P0003",2,1,2,2.5,154,70,120,NA,NA,136.0119,2.618229075,2,77,0.476190476190476
"TMS14F1120P0003",2,2,2,2.4,261.833333333333,55,115,NA,NA,216.92,7.09961083333333,2,130.916666666667,0.142857142857143
"TMS14F1120P0003",2,3,3,3,210,60,120,NA,NA,187.8182,4.93022775,3,70,0.476190476190476
"TMS14F1120P0003",2,4,NA,NA,NA,NA,NA,NA,NA,NA,NA,NA,NA,NA
"TMS14F1120P0003",2,5,NA,NA,NA,NA,NA,NA,NA,NA,NA,NA,NA,NA
"TMS14F1306P0015",2,1,3,NA,NA,125,NA,NA,NA,345.1624,NA,3,NA,0.476190476190476
"TMS14F1306P0015",2,2,2,NA,NA,105,NA,NA,NA,268.9928,NA,2,NA,0.476190476190476
"TMS14F1306P0015",2,3,3,NA,NA,NA,NA,NA,NA,312.2776,NA,3,NA,0.714285714285714
"TMS14F1306P0015",2,4,4,NA,NA,95,NA,NA,NA,315.4288,NA,4,NA,0.0952380952380952
"TMS14F1306P0015",2,5,NA,NA,NA,NA,NA,NA,NA,NA,NA,NA,NA,NA
"TMS14F1016P0006",2,1,3,2.75,350.454545454545,115,170,NA,NA,359.0256,15.7277691818182,3,116.818181818182,0.238095238095238
"TMS14F1016P0006",2,2,3,NA,NA,115,NA,NA,NA,317.5023,NA,3,NA,0.333333333333333
"TMS14F1016P0006",2,3,1,NA,NA,95,NA,NA,NA,276.1792,NA,1,NA,NA
"TMS14F1016P0006",2,4,2,NA,NA,115,NA,NA,NA,227.5579,NA,2,NA,0.285714285714286
"TMS14F1016P0006",2,5,3,NA,NA,125,NA,NA,NA,248.3878,NA,3,NA,0.19047619047619
"TMS14F1312P0003",2,1,3,NA,NA,140.3,NA,NA,NA,172.512,NA,3,NA,0.428571428571429
"TMS14F1312P0003",2,2,4,3.07692307692308,354,100,180,NA,NA,234.0644,10.3573497,4,88.5,0.380952380952381
"TMS14F1312P0003",2,3,7,NA,NA,140,NA,NA,NA,246.3312,NA,7,NA,0.285714285714286
"TMS14F1312P0003",2,4,2,3.125,178.4,110,185,NA,NA,262.4928,5.85358944,2,89.2,0.571428571428571
"TMS14F1312P0003",2,5,2,NA,NA,115,NA,NA,NA,203.4611,NA,2,NA,0.142857142857143
"TMS14F1262P0002",2,1,2,2,269,75,125,NA,NA,310.156,10.4289955,2,134.5,0.476190476190476
"TMS14F1262P0002",2,2,1,NA,NA,80,NA,NA,NA,190.257,NA,1,NA,0.285714285714286
"TMS14F1262P0002",2,3,1,2.30769230769231,112.333333333333,70,130,NA,NA,231.1576,3.24583796666667,1,112.333333333333,0.476190476190476
"TMS14F1262P0002",2,4,NA,NA,NA,NA,NA,NA,NA,NA,NA,NA,NA,NA
"TMS14F1262P0002",2,5,NA,NA,NA,NA,NA,NA,NA,NA,NA,NA,NA,NA
"TMS14F1131P0001",2,1,2,3.96315789473684,186.895086321381,85,160.3,NA,NA,249.407,5.82661784926959,2,93.4475431606906,0.285714285714286
"TMS14F1131P0001",2,2,1,3.95833333333333,128.421052631579,65,160,NA,NA,337.8317,5.42308781578947,1,128.421052631579,0.142857142857143
"TMS14F1131P0001",2,3,2,3.40909090909091,221.066666666667,70,145,NA,NA,240.2797,6.63972904333333,2,110.533333333333,0.19047619047619
"TMS14F1131P0001",2,4,2,5,172,70,160,NA,NA,215.1728,4.6262152,2,86,0.285714285714286
"TMS14F1131P0001",2,5,3,NA,NA,120,NA,NA,NA,NA,NA,3,NA,0.142857142857143
"TMS14F1049P0001",2,1,4,NA,NA,100,NA,NA,NA,204.95168,NA,4,NA,0.238095238095238
"TMS14F1049P0001",2,2,3,2.64736842105263,233.65407554672,95,145.3,NA,NA,192.1771,5.61287033021869,3,77.8846918489066,0.238095238095238
"TMS14F1049P0001",2,3,3,NA,NA,115,NA,NA,NA,210.8958,NA,3,NA,NA
"TMS14F1049P0001",2,4,5,NA,NA,130,NA,NA,NA,173.6768,NA,5,NA,0.333333333333333
"TMS14F1049P0001",2,5,6,NA,NA,140,NA,NA,NA,169.236,NA,6,NA,0.333333333333333
"TMS13F1461P0002",2,1,3,NA,NA,100,NA,NA,NA,136.6489,NA,3,NA,0.333333333333333
"TMS13F1461P0002",2,2,4,NA,NA,75,NA,NA,NA,196.9546,NA,4,NA,0.380952380952381
"TMS13F1461P0002",2,3,1,NA,NA,65,NA,NA,NA,174.3411,NA,1,NA,NA
"TMS13F1461P0002",2,4,3,2.5,264,100,155,NA,NA,234.0098,7.7223234,3,88,0.285714285714286
"TMS13F1461P0002",2,5,2,2.82608695652174,213.692307692308,90,155,NA,NA,189.0376,5.04948512307692,2,106.846153846154,0.380952380952381
"TMS14F1300P0008",2,1,2,4.15,150.963855421687,85,168,NA,NA,372.309,7.0256502560241,2,75.4819277108434,0.285714285714286
"TMS14F1300P0008",2,2,1,NA,NA,110,NA,NA,NA,200.4243,NA,1,NA,0.333333333333333
"TMS14F1300P0008",2,3,2,4.21052631578947,167,40,120,NA,NA,231.8505,4.8398791875,2,83.5,NA
"TMS14F1300P0008",2,4,NA,NA,NA,NA,NA,NA,NA,NA,NA,NA,NA,NA
"TMS14F1300P0008",2,5,NA,NA,NA,NA,NA,NA,NA,NA,NA,NA,NA,NA
"TMS14F1303P0012",2,1,2,NA,NA,80,NA,NA,NA,258.2496,NA,2,NA,0.428571428571429
"TMS14F1303P0012",2,2,5,NA,NA,85,NA,NA,NA,242.2908,NA,5,NA,NA
"TMS14F1303P0012",2,3,2,NA,NA,85,NA,NA,NA,210.5864,NA,2,NA,0.0476190476190476
"TMS14F1303P0012",2,4,3,NA,NA,98,NA,NA,NA,202.815,NA,3,NA,0.0952380952380952
"TMS14F1303P0012",2,5,2,NA,NA,85,NA,NA,NA,230.7429,NA,2,NA,0.142857142857143
"TMS13F2061P0005",2,1,1,2.70833333333333,125.307692307692,55,120,NA,NA,271.5018,4.25265800192308,1,125.307692307692,0.19047619047619
"TMS13F2061P0005",2,2,1,4.44444444444444,77.25,50,130,NA,NA,273.7833,2.643719990625,1,77.25,0.333333333333333
"TMS13F2061P0005",2,3,1,4.04761904761905,84.3529411764706,50,135,NA,NA,204.7442,2.15884693235294,1,84.3529411764706,0.285714285714286
"TMS13F2061P0005",2,4,1,3.42105263157895,115.153846153846,45,110,NA,NA,333.3246,4.79795121346154,1,115.153846153846,NA
"TMS13F2061P0005",2,5,2,3.42105263157895,200.153846153846,55,120,NA,NA,248.5932,6.21961063846154,2,100.076923076923,0.238095238095238
"TMS13F1182P0002",2,1,1,3.08,125.311688311688,118,195,NA,NA,281.4026,4.40787936266234,1,125.311688311688,0.523809523809524
"TMS13F1182P0002",2,2,2,2.60869565217391,197.666666666667,130,190,NA,NA,301.5955,7.45192214583333,2,98.8333333333333,0.142857142857143
"TMS13F1182P0002",2,3,4,3.68421052631579,268.571428571429,100,170,NA,NA,228.841,7.68251928571429,4,67.1428571428571,0.333333333333333
"TMS13F1182P0002",2,4,2,3.69565217391304,158,85,170,NA,NA,254.8579,5.033443525,2,79,0.380952380952381
"TMS13F1182P0002",2,5,4,NA,NA,173,NA,NA,NA,231.0432,NA,4,NA,0.380952380952381
"TMS14F1223P0007",2,1,2,4,126.5,45,105,NA,NA,213.0889,3.36946823125,2,63.25,0.428571428571429
"TMS14F1223P0007",2,2,2,4.66666666666667,120,70,140,NA,NA,235.0017,3.5250255,2,60,0.19047619047619
"TMS14F1223P0007",2,3,3,5.83333333333333,156.857142857143,60,130,NA,NA,256.232,5.02397742857143,3,52.2857142857143,0.19047619047619
"TMS14F1223P0007",2,4,1,3.94117647058824,84.2238805970149,60,127,NA,NA,238.9329,2.51548200503731,1,84.2238805970149,0.19047619047619
"TMS14F1223P0007",2,5,3,NA,NA,125,NA,NA,NA,238.9056,NA,3,NA,0.238095238095238
"TMS14F1311P0002",2,1,3,NA,NA,125,NA,NA,NA,274.9182,NA,3,NA,0.571428571428571
"TMS14F1311P0002",2,2,3,3.40909090909091,273,75,150,NA,NA,216.1023,7.3744909875,3,91,0.380952380952381
"TMS14F1311P0002",2,3,3,NA,NA,80,NA,NA,NA,233.9916,NA,3,NA,0.571428571428571
"TMS14F1311P0002",2,4,2,3.04347826086957,217.857142857143,85,155,NA,NA,231.0315,6.2914828125,2,108.928571428571,0.476190476190476
"TMS14F1311P0002",2,5,1,NA,NA,124,NA,NA,NA,238.7652,NA,1,NA,0.571428571428571
"IITA-TMS-IBA000070",2,1,1,NA,NA,105,NA,NA,NA,216.1829,NA,1,NA,0.523809523809524
"IITA-TMS-IBA000070",2,2,3,NA,NA,110,NA,NA,NA,183.5867,NA,3,NA,0.285714285714286
"IITA-TMS-IBA000070",2,3,2,2.61904761904762,153.272727272727,75,130,NA,NA,190.7939,3.655437675,2,76.6363636363636,0.428571428571429
"IITA-TMS-IBA000070",2,4,6,3.5,435.428571428571,65,135,NA,NA,205.6542,11.1934643142857,6,72.5714285714286,0.333333333333333
"IITA-TMS-IBA000070",2,5,4,2,568,108,160,NA,NA,271.6838,19.2895498,4,142,0.523809523809524
"IITA-TMS-IBA982101",2,1,2,NA,NA,100,NA,NA,NA,246.651,NA,2,NA,0.428571428571429
"IITA-TMS-IBA982101",2,2,1,NA,NA,95,NA,NA,NA,344.112,NA,1,NA,0.19047619047619
"IITA-TMS-IBA982101",2,3,1,NA,NA,98,NA,NA,NA,355.5078,NA,1,NA,0.476190476190476
"IITA-TMS-IBA982101",2,4,2,NA,NA,92,NA,NA,NA,334.7754,NA,2,NA,0.428571428571429
"IITA-TMS-IBA982101",2,5,2,NA,NA,95,NA,NA,NA,303.4662,NA,2,NA,0.380952380952381
"TMS14F1306P0020",2,1,2,NA,NA,140,NA,NA,NA,406.4028,NA,2,NA,0.428571428571429
"TMS14F1306P0020",2,2,4,NA,NA,160,NA,NA,NA,413.6802,NA,4,NA,0.476190476190476
"TMS14F1306P0020",2,3,2,NA,NA,NA,NA,NA,NA,329.7145,NA,2,NA,0.428571428571429
"TMS14F1306P0020",2,4,3,NA,NA,110,NA,NA,NA,414.1599,NA,3,NA,0.285714285714286
"TMS14F1306P0020",2,5,2,NA,NA,NA,NA,NA,NA,357.918,NA,2,NA,0.428571428571429
"TMS13F1021P0008",2,1,2,NA,NA,118,NA,NA,NA,231.6256,NA,2,NA,0.428571428571429
"TMS13F1021P0008",2,2,1,4,91.5,90,170,NA,NA,442.8951,5.06561270625,1,91.5,0.333333333333333
"TMS13F1021P0008",2,3,1,3.80952380952381,72.9375,95,175,NA,NA,394.1295,3.59335255078125,1,72.9375,0.428571428571429
"TMS13F1021P0008",2,4,2,4.28571428571429,132.333333333333,95,185,NA,NA,332.3704,5.49796036666667,2,66.1666666666667,0.428571428571429
"TMS13F1021P0008",2,5,5,4.70588235294118,370,80,160,NA,NA,214.9544,9.941641,5,74,0.238095238095238
"TMS14F1310P0004",2,1,3,NA,NA,100,NA,NA,NA,524.5182,NA,3,NA,0.285714285714286
"TMS14F1310P0004",2,2,2,NA,NA,130,NA,NA,NA,202.4601,NA,2,NA,0.523809523809524
"TMS14F1310P0004",2,3,2,3.18181818181818,165.142857142857,110,180,NA,NA,243.8924,5.03463597142857,2,82.5714285714286,0.428571428571429
"TMS14F1310P0004",2,4,3,NA,NA,110,NA,NA,NA,198.5653,NA,3,NA,NA
"TMS14F1310P0004",2,5,2,NA,NA,90,NA,NA,NA,228.8501,NA,2,NA,0.0952380952380952
"TMEB419",2,1,3,NA,NA,NA,NA,NA,NA,344.6385,NA,3,NA,0.142857142857143
"TMEB419",2,2,2,NA,NA,NA,NA,NA,NA,300.3124,NA,2,NA,0.619047619047619
"TMEB419",2,3,2,NA,NA,NA,NA,NA,NA,228.1312,NA,2,NA,0.523809523809524
"TMEB419",2,4,NA,NA,NA,NA,NA,NA,NA,NA,NA,NA,NA,NA
"TMEB419",2,5,NA,NA,NA,NA,NA,NA,NA,NA,NA,NA,NA,NA
"TMS14F1195P0005",2,1,2,3.61111111111111,156.461538461538,55,120,NA,NA,206.5187,4.03902919038461,2,78.2307692307692,0.333333333333333
"TMS14F1195P0005",2,2,2,3.4375,158.181818181818,45,100,NA,NA,237.876,4.70345727272727,2,79.0909090909091,0.19047619047619
"TMS14F1195P0005",2,3,2,3.75,171.333333333333,40,100,NA,NA,266.9856,5.7179416,2,85.6666666666667,0.285714285714286
"TMS14F1195P0005",2,4,2,3.15789473684211,137.666666666667,50,110,NA,NA,254.4666,4.378946075,2,68.8333333333333,0.380952380952381
"TMS14F1195P0005",2,5,1,3.23529411764706,93.4545454545455,50,105,NA,NA,260.5623,3.04384141363636,1,93.4545454545455,0.142857142857143
"IITA-TMS-IBA980581",2,1,NA,NA,NA,NA,NA,NA,NA,NA,NA,NA,NA,0.571428571428571
"IITA-TMS-IBA980581",2,2,3,NA,NA,NA,NA,NA,NA,364.9731,NA,3,NA,0.714285714285714
"IITA-TMS-IBA980581",2,3,2,NA,NA,NA,NA,NA,NA,441.9708,NA,2,NA,0.666666666666667
"IITA-TMS-IBA980581",2,4,NA,NA,NA,NA,NA,NA,NA,NA,NA,NA,NA,NA
"IITA-TMS-IBA980581",2,5,NA,NA,NA,NA,NA,NA,NA,NA,NA,NA,NA,NA
"TMS14F1035P0007",2,1,1,NA,NA,NA,NA,NA,NA,213.2358,NA,1,NA,0.571428571428571
"TMS14F1035P0007",2,2,2,NA,NA,NA,NA,NA,NA,219.6006,NA,2,NA,0.571428571428571
"TMS14F1035P0007",2,3,3,NA,NA,NA,NA,NA,NA,238.9173,NA,3,NA,0.571428571428571
"TMS14F1035P0007",2,4,1,NA,NA,NA,NA,NA,NA,298.1895,NA,1,NA,0.666666666666667
"TMS14F1035P0007",2,5,3,NA,NA,NA,NA,NA,NA,250.512,NA,3,NA,NA
"TMS14F1285P0017",2,1,2,NA,NA,NA,NA,NA,NA,249.888,NA,2,NA,0.523809523809524
"TMS14F1285P0017",2,2,2,NA,NA,NA,NA,NA,NA,245.676,NA,2,NA,0.523809523809524
"TMS14F1285P0017",2,3,1,NA,NA,NA,NA,NA,NA,208.0111,NA,1,NA,0.333333333333333
"TMS14F1285P0017",2,4,2,NA,NA,NA,NA,NA,NA,184.797,NA,2,NA,0.380952380952381
"TMS14F1285P0017",2,5,3,NA,NA,NA,NA,NA,NA,216.4923,NA,3,NA,0.619047619047619
"IITA-TMS-IBA30572",2,1,2,NA,NA,95,NA,NA,NA,167.3744,NA,2,NA,0.380952380952381
"IITA-TMS-IBA30572",2,2,2,NA,NA,85,NA,NA,NA,161.1825,NA,2,NA,0.523809523809524
"IITA-TMS-IBA30572",2,3,1,NA,NA,90,NA,NA,NA,154.8216,NA,1,NA,0.285714285714286
"IITA-TMS-IBA30572",2,4,2,3.52941176470588,174.166666666667,85,145,NA,NA,314.68,6.85084583333334,2,87.0833333333333,0.380952380952381
"IITA-TMS-IBA30572",2,5,NA,NA,NA,NA,NA,NA,NA,NA,NA,NA,NA,NA
"TMS13F2207P0001",2,1,4,NA,NA,126,NA,NA,NA,196.081,NA,4,NA,0.428571428571429
"TMS13F2207P0001",2,2,4,NA,NA,125,NA,NA,NA,206.8645,NA,4,NA,0.476190476190476
"TMS13F2207P0001",2,3,3,NA,NA,105,NA,NA,NA,205.7543,NA,3,NA,0.19047619047619
"TMS13F2207P0001",2,4,3,2.25,298,120,165,NA,NA,246.04,9.16499,3,99.3333333333333,0.380952380952381
"TMS13F2207P0001",2,5,2,2.71428571428571,168.210526315789,98,155,NA,NA,208.73,4.38882289473684,2,84.1052631578947,0.380952380952381
"TMS14F1288P0008",1,1,2,NA,NA,135,NA,NA,NA,323.4147,NA,2,NA,0.19047619047619
"TMS14F1288P0008",1,2,3,NA,NA,NA,NA,NA,NA,269.8352,NA,3,NA,NA
"TMS14F1288P0008",1,3,2,NA,NA,150,NA,NA,NA,233.2064,NA,2,NA,0.285714285714286
"TMS14F1288P0008",1,4,2,NA,NA,130,NA,NA,NA,287.0277,NA,2,NA,0.380952380952381
"TMS14F1288P0008",1,5,1,NA,NA,100,NA,NA,NA,223.0053,NA,1,NA,0.333333333333333
"TMS14F1125P0010",1,1,2,NA,NA,85,NA,NA,NA,174.059,NA,2,NA,0.238095238095238
"TMS14F1125P0010",1,2,2,4.16666666666667,139.2,90,140,NA,NA,162.3291,2.82452634,2,69.6,0.0952380952380952
"TMS14F1125P0010",1,3,2,3.42105263157895,169.846153846154,75,140,NA,NA,181.157,3.84610246153846,2,84.9230769230769,0.142857142857143
"TMS14F1125P0010",1,4,1,4,79.25,65,125,NA,NA,186.7535,1.850026859375,1,79.25,NA
"TMS14F1125P0010",1,5,2,3.75,163.333333333333,70,130,NA,NA,218.1667,4.45423679166667,2,81.6666666666667,0.0476190476190476
"TMS14F1278P0003",1,1,2,3.33333333333333,159,45,95,NA,NA,269.908,5.3644215,2,79.5,NA
"TMS14F1278P0003",1,2,1,3.21428571428571,81.5555555555556,50,95,NA,NA,240.6073,2.45285775277778,1,81.5555555555556,0.0476190476190476
"TMS14F1278P0003",1,3,1,2.36842105263158,102.111111111111,50,95,NA,NA,192.1225,2.45223024305556,1,102.111111111111,NA
"TMS14F1278P0003",1,4,NA,NA,NA,NA,NA,NA,NA,NA,NA,NA,NA,0.0476190476190476
"TMS14F1278P0003",1,5,1,2.85714285714286,75.75,45,85,NA,NA,200.9768,1.902999075,1,75.75,0.0952380952380952
"TMS14F1195P0004",1,1,1,4.9375,72.1518987341772,60,139,NA,NA,219.7956,1.98233373417722,1,72.1518987341772,0.238095238095238
"TMS14F1195P0004",1,2,1,3.18181818181818,131.142857142857,45,115,NA,NA,281.5027,4.61463354642857,1,131.142857142857,NA
"TMS14F1195P0004",1,3,2,NA,NA,120,NA,NA,NA,290.6313,NA,2,NA,0.285714285714286
"TMS14F1195P0004",1,4,NA,NA,NA,NA,NA,NA,NA,NA,NA,NA,NA,NA
"TMS14F1195P0004",1,5,NA,NA,NA,NA,NA,NA,NA,NA,NA,NA,NA,NA
"TMS13F1304P0003",1,1,2,NA,NA,114,NA,NA,NA,249.6345,NA,2,NA,0.428571428571429
"TMS13F1304P0003",1,2,1,3.42105263157895,75.0769230769231,120,185,NA,NA,312.7092,2.93465556923077,1,75.0769230769231,0.285714285714286
"TMS13F1304P0003",1,3,2,NA,NA,130,NA,NA,NA,317.9625,NA,2,NA,0.238095238095238
"TMS13F1304P0003",1,4,NA,NA,NA,NA,NA,NA,NA,NA,NA,NA,NA,NA
"TMS13F1304P0003",1,5,NA,NA,NA,NA,NA,NA,NA,NA,NA,NA,NA,NA
"TMS14F1022P0003",1,1,1,3.42105263157895,99.2307692307692,35,100,NA,NA,298.82,3.70651730769231,1,99.2307692307692,0.333333333333333
"TMS14F1022P0003",1,2,1,3.63636363636364,100.25,30,110,NA,NA,301.9413,3.783701915625,1,100.25,0.0476190476190476
"TMS14F1022P0003",1,3,1,4.5,57.1111111111111,50,140,NA,NA,279.7152,1.99685573333333,1,57.1111111111111,0.380952380952381
"TMS14F1022P0003",1,4,2,NA,NA,73,NA,NA,NA,188.437,NA,2,NA,NA
"TMS14F1022P0003",1,5,2,3.25,134.615384615385,40,105,NA,NA,241.399,4.06200240384615,2,67.3076923076923,0.238095238095238
"TMS14F1146P0002",1,1,2,NA,NA,NA,NA,NA,NA,252.15,NA,2,NA,0.476190476190476
"TMS14F1146P0002",1,2,2,NA,NA,75,NA,NA,NA,259.2285,NA,2,NA,0.285714285714286
"TMS14F1146P0002",1,3,1,NA,NA,NA,NA,NA,NA,208.4505,NA,1,NA,0.619047619047619
"TMS14F1146P0002",1,4,3,NA,NA,85,NA,NA,NA,291.5205,NA,3,NA,0.238095238095238
"TMS14F1146P0002",1,5,3,NA,NA,85,NA,NA,NA,283.7985,NA,3,NA,0.19047619047619
"IITA-TMS-IBA980581",1,1,2,NA,NA,NA,NA,NA,NA,291.3125,NA,2,NA,0.619047619047619
"IITA-TMS-IBA980581",1,2,2,NA,NA,NA,NA,NA,NA,263.33,NA,2,NA,0.476190476190476
"IITA-TMS-IBA980581",1,3,2,NA,NA,NA,NA,NA,NA,378.861,NA,2,NA,0.619047619047619
"IITA-TMS-IBA980581",1,4,2,NA,NA,145,NA,NA,NA,383.723,NA,2,NA,0.428571428571429
"IITA-TMS-IBA980581",1,5,2,NA,NA,160,NA,NA,NA,290.266,NA,2,NA,0.476190476190476
"TMS14F1291P0003",1,1,2,NA,NA,NA,NA,NA,NA,248.315,NA,2,NA,0.523809523809524
"TMS14F1291P0003",1,2,2,NA,NA,NA,NA,NA,NA,237.2585,NA,2,NA,0.476190476190476
"TMS14F1291P0003",1,3,2,NA,NA,120,NA,NA,NA,299.535,NA,2,NA,0.428571428571429
"TMS14F1291P0003",1,4,2,NA,NA,115,NA,NA,NA,294.27,NA,2,NA,0.476190476190476
"TMS14F1291P0003",1,5,NA,NA,NA,NA,NA,NA,NA,NA,NA,NA,NA,NA
"TMS14F1301P0013",1,1,5,NA,NA,152,NA,NA,NA,180.2015,NA,5,NA,0.142857142857143
"TMS14F1301P0013",1,2,2,NA,NA,118,NA,NA,NA,190.985,NA,2,NA,0.333333333333333
"TMS14F1301P0013",1,3,4,2.27272727272727,455.2,95,145,NA,NA,183.8415,10.46058135,4,113.8,0.333333333333333
"TMS14F1301P0013",1,4,4,NA,NA,NA,NA,NA,NA,124.6005,NA,4,NA,0.238095238095238
"TMS14F1301P0013",1,5,NA,NA,NA,NA,NA,NA,NA,NA,NA,NA,NA,NA
"TMS13F1400P0001",1,1,1,NA,NA,85,NA,NA,NA,148.176,NA,1,NA,0.19047619047619
"TMS13F1400P0001",1,2,1,NA,NA,80,NA,NA,NA,125.79,NA,1,NA,0.428571428571429
"TMS13F1400P0001",1,3,3,3.5,216.857142857143,85,155,NA,NA,219.195,5.94175017857143,3,72.2857142857143,0.285714285714286
"TMS13F1400P0001",1,4,1,3.75,99.3333333333333,80,155,NA,NA,184.329,2.28875175,1,99.3333333333333,0.238095238095238
"TMS13F1400P0001",1,5,1,NA,NA,90,NA,NA,NA,117.366,NA,1,NA,0.19047619047619
"TMS13F1376P0018",1,1,2,NA,NA,NA,NA,NA,NA,198.4925,NA,2,NA,0.428571428571429
"TMS13F1376P0018",1,2,2,NA,NA,132,NA,NA,NA,232.6175,NA,2,NA,0.476190476190476
"TMS13F1376P0018",1,3,3,NA,NA,NA,NA,NA,NA,186.162,NA,3,NA,0.0476190476190476
"TMS13F1376P0018",1,4,4,NA,NA,NA,NA,NA,NA,181.3026,NA,4,NA,0.428571428571429
"TMS13F1376P0018",1,5,2,NA,NA,NA,NA,NA,NA,175.788,NA,2,NA,NA
"TMS14F1301P0004",1,1,2,NA,NA,130,NA,NA,NA,235.77,NA,2,NA,0.476190476190476
"TMS14F1301P0004",1,2,1,NA,NA,123,NA,NA,NA,235.7115,NA,1,NA,0.428571428571429
"TMS14F1301P0004",1,3,2,NA,NA,138,NA,NA,NA,218.805,NA,2,NA,0.476190476190476
"TMS14F1301P0004",1,4,1,NA,NA,NA,NA,NA,NA,217.3425,NA,1,NA,0.333333333333333
"TMS14F1301P0004",1,5,1,NA,NA,120,NA,NA,NA,224.5965,NA,1,NA,0.0952380952380952
"TMS14F1285P0006",1,1,1,NA,NA,105,NA,NA,NA,180.975,NA,1,NA,0.333333333333333
"TMS14F1285P0006",1,2,1,NA,NA,100,NA,NA,NA,209.64,NA,1,NA,0.285714285714286
"TMS14F1285P0006",1,3,1,NA,NA,60,NA,NA,NA,151.335,NA,1,NA,0.380952380952381
"TMS14F1285P0006",1,4,3,NA,NA,100,NA,NA,NA,248.952,NA,3,NA,0.428571428571429
"TMS14F1285P0006",1,5,NA,NA,NA,NA,NA,NA,NA,NA,NA,NA,NA,NA
"TMS14F1310P0015",1,1,1,NA,NA,NA,NA,NA,NA,153.051,NA,1,NA,0.428571428571429
"TMS14F1310P0015",1,2,5,NA,NA,NA,NA,NA,NA,131.4255,NA,5,NA,0.428571428571429
"TMS14F1310P0015",1,3,2,NA,NA,NA,NA,NA,NA,184.056,NA,2,NA,0.476190476190476
"TMS14F1310P0015",1,4,2,NA,NA,NA,NA,NA,NA,215.0025,NA,2,NA,0.428571428571429
"TMS14F1310P0015",1,5,4,NA,NA,NA,NA,NA,NA,233.2545,NA,4,NA,0.523809523809524
"TMS14F1014P0017",1,1,2,NA,NA,102,NA,NA,NA,246.3,NA,2,NA,0.0476190476190476
"TMS14F1014P0017",1,2,3,NA,NA,100,NA,NA,NA,197.16,NA,3,NA,0.380952380952381
"TMS14F1014P0017",1,3,1,NA,NA,95,NA,NA,NA,205.727,NA,1,NA,0.0952380952380952
"TMS14F1014P0017",1,4,NA,NA,NA,NA,NA,NA,NA,NA,NA,NA,NA,0.333333333333333
"TMS14F1014P0017",1,5,NA,NA,NA,NA,NA,NA,NA,NA,NA,NA,NA,NA
"TMS14F1292P0012",1,1,2,NA,NA,85,NA,NA,NA,144.8025,NA,2,NA,0.0476190476190476
"TMS14F1292P0012",1,2,1,3.75,100.333333333333,50,140,NA,NA,327.615,4.108838125,1,100.333333333333,0.285714285714286
"TMS14F1292P0012",1,3,1,4,107.25,45,125,NA,NA,279.06,3.741148125,1,107.25,NA
"TMS14F1292P0012",1,4,2,NA,NA,60,NA,NA,NA,140.2525,NA,2,NA,0.285714285714286
"TMS14F1292P0012",1,5,1,3.63636363636364,91,40,120,NA,NA,287.5425,3.2707959375,1,91,0.142857142857143
"TMS14F1013P0007",1,1,2,3.875,154.193548387097,105,167,NA,NA,263.8578,5.08564630645161,2,77.0967741935484,0.238095238095238
"TMS14F1013P0007",1,2,2,3.52941176470588,140.666666666667,100,160,NA,NA,275.0768,4.83676706666667,2,70.3333333333333,0.19047619047619
"TMS14F1013P0007",1,3,1,3.57894736842105,90.3382352941177,105,173,NA,NA,398.0139,4.49448416856618,1,90.3382352941177,0.238095238095238
"TMS14F1013P0007",1,4,2,6.18181818181818,84.2352941176471,112,180,NA,NA,250.499,2.63760711764706,2,42.1176470588235,0.19047619047619
"TMS14F1013P0007",1,5,3,NA,NA,115,NA,NA,NA,244.0926,NA,3,NA,0.238095238095238
"IITA-TMS-IBA000070",1,1,2,3.14285714285714,185.090909090909,74,140,NA,NA,255.6249,5.91423064090909,2,92.5454545454545,0.476190476190476
"IITA-TMS-IBA000070",1,2,1,NA,NA,80,NA,NA,NA,264.7509,NA,1,NA,0.428571428571429
"IITA-TMS-IBA000070",1,3,1,2.22222222222222,120.5,70,130,NA,NA,246.9084,3.719057775,1,120.5,0.476190476190476
"IITA-TMS-IBA000070",1,4,2,NA,NA,132,NA,NA,NA,266.3538,NA,2,NA,0.476190476190476
"IITA-TMS-IBA000070",1,5,NA,NA,NA,NA,NA,NA,NA,NA,NA,NA,NA,NA
"IITA-TMS-IBA982101",1,1,1,NA,NA,72,NA,NA,NA,216.8745,NA,1,NA,NA
"IITA-TMS-IBA982101",1,2,1,2.27272727272727,107,75,125,NA,NA,167.5798,2.241379825,1,107,0.19047619047619
"IITA-TMS-IBA982101",1,3,1,2.34782608695652,113.074074074074,80,134,NA,NA,192.0497,2.71448025046296,1,113.074074074074,0.238095238095238
"IITA-TMS-IBA982101",1,4,2,NA,NA,55,NA,NA,NA,609.1391,NA,2,NA,0.238095238095238
"IITA-TMS-IBA982101",1,5,2,NA,NA,60,NA,NA,NA,199.3752,NA,2,NA,NA
"IITA-TMS-IBA30572",1,1,1,NA,NA,65,NA,NA,NA,153.6568,NA,1,NA,0.285714285714286
"IITA-TMS-IBA30572",1,2,1,NA,NA,80,NA,NA,NA,183.6959,NA,1,NA,0.0476190476190476
"IITA-TMS-IBA30572",1,3,2,NA,NA,92,NA,NA,NA,168.1349,NA,2,NA,0.142857142857143
"IITA-TMS-IBA30572",1,4,NA,NA,NA,NA,NA,NA,NA,NA,NA,NA,NA,NA
"IITA-TMS-IBA30572",1,5,NA,NA,NA,NA,NA,NA,NA,NA,NA,NA,NA,NA
"TMS13F1315P0008",1,1,1,3.18181818181818,110.285714285714,55,125,NA,NA,272.7654,3.76026587142857,1,110.285714285714,NA
"TMS13F1315P0008",1,2,1,2.89473684210526,64.2727272727273,50,105,NA,NA,238.0515,1.91252739204545,1,64.2727272727273,0.333333333333333
"TMS13F1315P0008",1,3,1,7.51012145748988,76.6576819407008,50,105,165,NA,239.592,2.29582091644205,1,76.6576819407008,0.333333333333333
"TMS13F1315P0008",1,4,2,4.44444444444444,103,60,140,NA,NA,166.4059,2.1424759625,2,51.5,0.333333333333333
"TMS13F1315P0008",1,5,1,NA,NA,90,NA,NA,NA,219.9399,NA,1,NA,0.428571428571429
"TMEB419",1,1,5,NA,NA,NA,NA,NA,NA,217.8391,NA,5,NA,0.380952380952381
"TMEB419",1,2,2,NA,NA,NA,NA,NA,NA,272.4209,NA,2,NA,0.619047619047619
"TMEB419",1,3,1,NA,NA,NA,NA,NA,NA,215.7279,NA,1,NA,0.571428571428571
"TMEB419",1,4,2,NA,NA,NA,NA,NA,NA,291.9495,NA,2,NA,0.619047619047619
"TMEB419",1,5,3,NA,NA,NA,NA,NA,NA,290.6482,NA,3,NA,0.714285714285714
"TMS14F1291P0012",1,1,2,NA,NA,107,NA,NA,NA,176.6499,NA,2,NA,0.380952380952381
"TMS14F1291P0012",1,2,3,6.41666666666667,203.025974025974,30,107,NA,NA,454.209,11.5270280795455,3,67.6753246753247,NA
"TMS14F1291P0012",1,3,1,NA,NA,100,NA,NA,NA,196.3995,NA,1,NA,0.19047619047619
"TMS14F1291P0012",1,4,2,3.33333333333333,165,35,105,NA,NA,206.052,4.2498225,2,82.5,0.142857142857143
"TMS14F1291P0012",1,5,NA,NA,NA,NA,NA,NA,NA,NA,NA,NA,NA,NA
"TMS14F1196P0003",1,1,2,NA,NA,105,NA,NA,NA,241.49,NA,2,NA,0.285714285714286
"TMS14F1196P0003",1,2,2,NA,NA,100,NA,NA,NA,198.9839,NA,2,NA,0.0476190476190476
"TMS14F1196P0003",1,3,4,NA,NA,105,NA,NA,NA,141.5447,NA,4,NA,0.19047619047619
"TMS14F1196P0003",1,4,1,NA,NA,NA,NA,NA,NA,230.6337,NA,1,NA,0.0476190476190476
"TMS14F1196P0003",1,5,NA,NA,NA,NA,NA,NA,NA,NA,NA,NA,NA,NA
"TMS14F1014P0016",1,1,1,3.35,93.8955223880597,70,137,NA,NA,238.76,2.80231186567164,1,93.8955223880597,NA
"TMS14F1014P0016",1,2,2,3.2,116,80,128,NA,NA,157.62713,2.285593385,2,58,0.285714285714286
"TMS14F1014P0016",1,3,1,3.61111111111111,62.2153846153846,73,138,NA,NA,163.3301,1.27020562384615,1,62.2153846153846,0.238095238095238
"TMS14F1014P0016",1,4,2,3.4375,102.909090909091,60,115,NA,NA,109.5127,1.40873155,2,51.4545454545455,0.333333333333333
"TMS14F1014P0016",1,5,2,3.46153846153846,103.333333333333,75,120,NA,NA,124.8553,1.61271429166667,2,51.6666666666667,0.285714285714286
"TMS14F1098P0013",1,1,1,NA,NA,NA,NA,NA,NA,NA,NA,1,NA,NA
"TMS14F1098P0013",1,2,2,NA,NA,90,NA,NA,NA,189.4952,NA,2,NA,0.0952380952380952
"TMS14F1098P0013",1,3,2,NA,NA,95,NA,NA,NA,143.8106,NA,2,NA,0.142857142857143
"TMS14F1098P0013",1,4,3,NA,NA,87,NA,NA,NA,205.8752,NA,3,NA,0.333333333333333
"TMS14F1098P0013",1,5,1,3.19047619047619,96.4477611940299,78,145,NA,NA,260.0475,3.13512489738806,1,96.4477611940299,NA
"TMS14F1299P0007",1,1,2,NA,NA,NA,NA,NA,NA,214.645,NA,2,NA,0.380952380952381
"TMS14F1299P0007",1,2,2,NA,NA,110,NA,NA,NA,237.486,NA,2,NA,0.333333333333333
"TMS14F1299P0007",1,3,2,NA,NA,NA,NA,NA,NA,200.0486,NA,2,NA,0.0476190476190476
"TMS14F1299P0007",1,4,1,NA,NA,80,NA,NA,NA,247.951,NA,1,NA,0.142857142857143
"TMS14F1299P0007",1,5,3,NA,NA,120,NA,NA,NA,242.5092,NA,3,NA,0.238095238095238
"TMS14F1306P0008",1,1,2,NA,NA,115,NA,NA,NA,339.3852,NA,2,NA,0.476190476190476
"TMS14F1306P0008",1,2,1,NA,NA,90,NA,NA,NA,256.96,NA,1,NA,0.476190476190476
"TMS14F1306P0008",1,3,2,NA,NA,98,NA,NA,NA,340.6254,NA,2,NA,0.523809523809524
"TMS14F1306P0008",1,4,3,2.1875,260.142857142857,100,135,NA,NA,260.925,8.484721875,3,86.7142857142857,NA
"TMS14F1306P0008",1,5,2,NA,NA,NA,NA,NA,NA,147.24,NA,2,NA,NA
"TMS13F1049P0001",1,1,1,NA,NA,NA,NA,NA,NA,NA,NA,1,NA,0.428571428571429
"TMS13F1049P0001",1,2,NA,NA,NA,NA,NA,NA,NA,NA,NA,NA,NA,0.619047619047619
"TMS13F1049P0001",1,3,1,NA,NA,90,NA,NA,NA,194.3975,NA,1,NA,0.0952380952380952
"TMS13F1049P0001",1,4,NA,NA,NA,NA,NA,NA,NA,NA,NA,NA,NA,NA
"TMS13F1049P0001",1,5,NA,NA,NA,NA,NA,NA,NA,NA,NA,NA,NA,NA
"TMS13F1126P0003",1,1,2,NA,NA,100,NA,NA,NA,293.4328,NA,2,NA,0.238095238095238
"TMS13F1126P0003",1,2,2,NA,NA,100,NA,NA,NA,236.3394,NA,2,NA,0.19047619047619
"TMS13F1126P0003",1,3,2,NA,NA,95,NA,NA,NA,201.7412,NA,2,NA,0.0952380952380952
"TMS13F1126P0003",1,4,2,NA,NA,98,NA,NA,NA,224.0817,NA,2,NA,0.0952380952380952
"TMS13F1126P0003",1,5,NA,NA,NA,NA,NA,NA,NA,NA,NA,NA,NA,NA
"TMS14F1159P0003",1,1,2,2.05882352941176,148,70,105,NA,NA,225.4103,4.17009055,2,74,0.380952380952381
"TMS14F1159P0003",1,2,2,NA,NA,80,NA,NA,NA,180.884,NA,2,NA,0.0476190476190476
"TMS14F1159P0003",1,3,2,2.5,128,70,110,NA,NA,218.7855,3.500568,2,64,0.333333333333333
"TMS14F1159P0003",1,4,2,3.75,106.666666666667,50,110,NA,NA,685.7975,9.14396666666667,2,53.3333333333333,0.333333333333333
"TMS14F1159P0003",1,5,3,NA,NA,70,NA,NA,NA,173.695,NA,3,NA,0.380952380952381
"TMS14F1019P0015",1,1,1,3.07692307692308,49.5,60,100,NA,NA,194.3065,1.20227146875,1,49.5,0.285714285714286
"TMS14F1019P0015",1,2,3,3.69230769230769,148.8125,65,113,NA,NA,158.953,2.9567741640625,3,49.6041666666667,0.19047619047619
"TMS14F1019P0015",1,3,4,NA,NA,105,NA,NA,NA,195.08,NA,4,NA,0.0952380952380952
"TMS14F1019P0015",1,4,1,2.89473684210526,93.1818181818182,70,125,NA,NA,219.1222,2.552275625,1,93.1818181818182,0.142857142857143
"TMS14F1019P0015",1,5,1,3.71428571428571,50.3076923076923,68,120,NA,NA,208.8028,1.31304837692308,1,50.3076923076923,0.19047619047619
"TMS14F1295P0012",1,1,1,3.05555555555556,67.6363636363636,60,115,NA,NA,174.2137,1.47289764545455,1,67.6363636363636,0.238095238095238
"TMS14F1295P0012",1,2,2,NA,NA,80,NA,NA,NA,193.2405,NA,2,NA,0.238095238095238
"TMS14F1295P0012",1,3,1,3,62.6666666666667,80,134,NA,NA,217.0734,1.7004083,1,62.6666666666667,0.380952380952381
"TMS14F1295P0012",1,4,1,4,64,40,100,NA,NA,208.3205,1.666564,1,64,NA
"TMS14F1295P0012",1,5,1,NA,NA,105,NA,NA,NA,202.0896,NA,1,NA,0.0952380952380952
"TMS14F1300P0002",1,1,3,NA,NA,125,NA,NA,NA,221.1788,NA,3,NA,0.428571428571429
"TMS14F1300P0002",1,2,NA,NA,NA,NA,NA,NA,NA,NA,NA,NA,NA,0.380952380952381
"TMS14F1300P0002",1,3,3,NA,NA,NA,NA,NA,NA,199.7119,NA,3,NA,0.571428571428571
"TMS14F1300P0002",1,4,1,NA,NA,NA,NA,NA,NA,190.712,NA,1,NA,0.285714285714286
"TMS14F1300P0002",1,5,3,NA,NA,128,NA,NA,NA,244.3838,NA,3,NA,0.428571428571429
"TMS14F1287P0008",1,1,1,NA,NA,135,NA,NA,NA,318.138,NA,1,NA,NA
"TMS14F1287P0008",1,2,2,NA,NA,132,NA,NA,NA,297.2652,NA,2,NA,0.428571428571429
"TMS14F1287P0008",1,3,2,NA,NA,148,NA,NA,NA,312.1593,NA,2,NA,0.333333333333333
"TMS14F1287P0008",1,4,2,NA,NA,134,NA,NA,NA,246.4404,NA,2,NA,0.333333333333333
"TMS14F1287P0008",1,5,2,2.76190476190476,189.379310344828,140,198,NA,NA,350.6757,8.30134027758621,2,94.6896551724138,0.380952380952381
"TMS14F1146P0002",2,1,3,NA,NA,92,NA,NA,NA,132.745,NA,3,NA,0.428571428571429
"TMS14F1146P0002",2,2,2,NA,NA,25,NA,NA,NA,120.46,NA,2,NA,0.142857142857143
"TMS14F1146P0002",2,3,3,NA,NA,100,NA,NA,NA,174.93,NA,3,NA,NA
"TMS14F1146P0002",2,4,1,NA,NA,NA,NA,NA,NA,147.5325,NA,1,NA,0.142857142857143
"TMS14F1146P0002",2,5,2,NA,NA,105,NA,NA,NA,230.622,NA,2,NA,0.142857142857143
"TMS13F1315P0008",2,1,1,NA,NA,65,NA,NA,NA,240.45,NA,1,NA,0.238095238095238
"TMS13F1315P0008",2,2,1,2.89473684210526,63,55,110,NA,NA,206.52,1.626345,1,63,0.285714285714286
"TMS13F1315P0008",2,3,3,NA,NA,NA,NA,NA,NA,NA,NA,3,NA,0.238095238095238
"TMS13F1315P0008",2,4,1,6.875,98,55,120,145,NA,257.3422,3.15244195,1,98,0.142857142857143
"TMS13F1315P0008",2,5,NA,NA,NA,NA,NA,NA,NA,NA,NA,NA,NA,NA
"TMS14F1014P0016",2,1,1,3.125,60.2,60,110,NA,NA,107.889,0.811864725,1,60.2,0.19047619047619
"TMS14F1014P0016",2,2,1,3.92857142857143,57,55,110,NA,NA,123.567,0.880414875,1,57,0.0476190476190476
"TMS14F1014P0016",2,3,2,2.66666666666667,120.75,65,105,NA,NA,105.237,1.58842096875,2,60.375,0.19047619047619
"TMS14F1014P0016",2,4,5,3.64285714285714,289.21568627451,65,116,NA,NA,139.44,5.04102941176471,5,57.843137254902,0.142857142857143
"TMS14F1014P0016",2,5,2,3.5,80.2857142857143,60,95,NA,NA,122.202,1.22638435714286,2,40.1428571428571,0.19047619047619
"TMS14F1125P0010",2,1,3,4.28571428571429,165.5,65,125,NA,NA,185.8435,3.84463740625,3,55.1666666666667,0.142857142857143
"TMS14F1125P0010",2,2,2,3.05555555555556,135.272727272727,60,115,NA,NA,164.4949,2.78145921818182,2,67.6363636363636,0.142857142857143
"TMS14F1125P0010",2,3,2,4,134.5,65,125,NA,NA,198.265,3.3333303125,2,67.25,0.285714285714286
"TMS14F1125P0010",2,4,2,3.92857142857143,119.090909090909,65,120,NA,NA,176.425,2.62632670454545,2,59.5454545454545,0.142857142857143
"TMS14F1125P0010",2,5,4,3.75,352,60,120,NA,NA,184.8425,8.13307,4,88,NA
"TMS14F1291P0012",2,1,3,3.40909090909091,247.6,70,145,NA,NA,239.28,7.405716,3,82.5333333333333,0.142857142857143
"TMS14F1291P0012",2,2,2,NA,NA,120,NA,NA,NA,219.39,NA,2,NA,0.19047619047619
"TMS14F1291P0012",2,3,2,NA,NA,90,NA,145,NA,155.495,NA,2,NA,0.333333333333333
"TMS14F1291P0012",2,4,NA,NA,NA,NA,NA,NA,NA,NA,NA,NA,NA,NA
"TMS14F1291P0012",2,5,NA,NA,NA,NA,NA,NA,NA,NA,NA,NA,NA,NA
"TMS14F1287P0008",2,1,3,NA,NA,150,NA,NA,NA,300.458,NA,3,NA,0.476190476190476
"TMS14F1287P0008",2,2,3,NA,NA,140,NA,NA,NA,155.04,NA,3,NA,0.476190476190476
"TMS14F1287P0008",2,3,3,NA,NA,155,NA,NA,NA,201.268,NA,3,NA,0.238095238095238
"TMS14F1287P0008",2,4,2,NA,NA,145,NA,NA,NA,252.137,NA,2,NA,0.285714285714286
"TMS14F1287P0008",2,5,NA,NA,NA,NA,NA,NA,NA,NA,NA,NA,NA,NA
"TMS14F1310P0015",2,1,2,NA,NA,NA,NA,NA,NA,164.1855,NA,2,NA,0.476190476190476
"TMS14F1310P0015",2,2,2,NA,NA,85,NA,NA,NA,258,NA,2,NA,0.142857142857143
"TMS14F1310P0015",2,3,3,NA,NA,NA,NA,NA,NA,252.3255,NA,3,NA,0.476190476190476
"TMS14F1310P0015",2,4,2,NA,NA,NA,NA,NA,NA,209.445,NA,2,NA,0.238095238095238
"TMS14F1310P0015",2,5,2,NA,NA,NA,NA,NA,NA,172.967,NA,2,NA,0.476190476190476
"TMS14F1301P0004",2,1,2,NA,NA,105,NA,NA,NA,153.493,NA,2,NA,0.571428571428571
"TMS14F1301P0004",2,2,1,NA,NA,105,NA,NA,NA,148.67,NA,1,NA,0.571428571428571
"TMS14F1301P0004",2,3,2,NA,NA,100,NA,NA,NA,149.125,NA,2,NA,0.523809523809524
"TMS14F1301P0004",2,4,NA,NA,NA,NA,NA,NA,NA,NA,NA,NA,NA,NA
"TMS14F1301P0004",2,5,NA,NA,NA,NA,NA,NA,NA,NA,NA,NA,NA,NA
"TMS14F1292P0012",2,1,3,3.88888888888889,193.285714285714,95,165,NA,NA,132.7086,3.20633456785714,3,64.4285714285714,0.476190476190476
"TMS14F1292P0012",2,2,3,3.33333333333333,264,70,140,NA,NA,140.7075,4.6433475,3,88,0.476190476190476
"TMS14F1292P0012",2,3,1,NA,NA,35,NA,NA,NA,65.405,NA,1,NA,0.0952380952380952
"TMS14F1292P0012",2,4,1,3,70.6666666666667,80,140,NA,NA,115.91,1.02387166666667,1,70.6666666666667,0.380952380952381
"TMS14F1292P0012",2,5,NA,NA,NA,NA,NA,NA,NA,NA,NA,NA,NA,NA
"TMS14F1295P0012",2,1,1,3.42105263157895,90.8461538461538,85,150,NA,NA,212.643,2.41472483653846,1,90.8461538461538,0.428571428571429
"TMS14F1295P0012",2,2,1,3.5,102.571428571429,65,135,NA,NA,125.01,1.60280678571429,1,102.571428571429,0.19047619047619
"TMS14F1295P0012",2,3,1,3.82352941176471,77.9230769230769,80,145,NA,NA,200.995,1.95776860576923,1,77.9230769230769,0.333333333333333
"TMS14F1295P0012",2,4,1,NA,NA,70,NA,NA,NA,211.46,NA,1,NA,0.0476190476190476
"TMS14F1295P0012",2,5,1,3.33333333333333,57.5,45,95,NA,NA,203.1335,1.46002203125,1,57.5,0.142857142857143
"TMS14F1098P0013",2,1,2,NA,NA,75,NA,NA,NA,122.5075,NA,2,NA,0.476190476190476
"TMS14F1098P0013",2,2,4,NA,NA,95,NA,NA,NA,142.0725,NA,4,NA,NA
"TMS14F1098P0013",2,3,5,NA,NA,100,NA,NA,NA,156.1775,NA,5,NA,NA
"TMS14F1098P0013",2,4,5,NA,NA,90,NA,NA,NA,152.31,NA,5,NA,NA
"TMS14F1098P0013",2,5,3,1.875,322,100,130,NA,NA,151.7185,6.106669625,3,107.333333333333,0.380952380952381
"TMS14F1299P0007",2,1,2,2.14285714285714,148,60,105,NA,NA,168.3715,3.11487275,2,74,0.428571428571429
"TMS14F1299P0007",2,2,1,2.38095238095238,79.5,75,125,NA,NA,284.9152,2.8313448,1,79.5,0.476190476190476
"TMS14F1299P0007",2,3,3,2.05882352941176,243.857142857143,85,120,NA,NA,237.3586,7.23519875357143,3,81.2857142857143,0.380952380952381
"TMS14F1299P0007",2,4,3,NA,NA,NA,NA,NA,NA,215.5459,NA,3,NA,0.142857142857143
"TMS14F1299P0007",2,5,1,NA,NA,NA,NA,NA,NA,199.5481,NA,1,NA,0.523809523809524
"TMS14F1291P0003",2,1,1,NA,NA,115,NA,NA,NA,210.186,NA,1,NA,0.285714285714286
"TMS14F1291P0003",2,2,1,NA,NA,105,NA,NA,NA,179.61,NA,1,NA,0.238095238095238
"TMS14F1291P0003",2,3,2,NA,NA,125,NA,NA,NA,275.5656,NA,2,NA,0.380952380952381
"TMS14F1291P0003",2,4,2,NA,NA,105,NA,NA,NA,310.013,NA,2,NA,NA
"TMS14F1291P0003",2,5,3,NA,NA,NA,NA,NA,NA,238.8055,NA,3,NA,0.380952380952381
"TMS14F1196P0003",2,1,1,NA,NA,90,NA,NA,NA,171.2835,NA,1,NA,0.380952380952381
"TMS14F1196P0003",2,2,1,3.15789473684211,90.3333333333333,80,140,NA,NA,212.6066,2.40068285833333,1,90.3333333333333,0.285714285714286
"TMS14F1196P0003",2,3,1,NA,NA,110,NA,NA,NA,201.1224,NA,1,NA,0.333333333333333
"TMS14F1196P0003",2,4,2,NA,NA,105,NA,NA,NA,231.0796,NA,2,NA,0.142857142857143
"TMS14F1196P0003",2,5,2,NA,NA,105,NA,NA,NA,202.815,NA,2,NA,0.380952380952381
"TMS14F1014P0017",2,1,1,2.88461538461538,125.333333333333,50,125,NA,NA,191.0123,2.99252603333333,1,125.333333333333,0.238095238095238
"TMS14F1014P0017",2,2,1,NA,NA,95,NA,NA,NA,233.9968,NA,1,NA,0.142857142857143
"TMS14F1014P0017",2,3,2,NA,NA,85,NA,NA,NA,135.3749,NA,2,NA,0.19047619047619
"TMS14F1014P0017",2,4,2,3.86363636363636,167.294117647059,45,130,NA,NA,154.0572,3.22160791764706,2,83.6470588235294,0.333333333333333
"TMS14F1014P0017",2,5,2,3.6,25,45,135,NA,NA,196.8584,0.6151825,2,12.5,0.285714285714286
"TMS14F1013P0007",2,1,2,NA,NA,75,NA,NA,NA,163.867,NA,2,NA,NA
"TMS14F1013P0007",2,2,2,NA,NA,65,NA,NA,NA,132.381,NA,2,NA,NA
"TMS14F1013P0007",2,3,2,NA,NA,55,NA,NA,NA,163.3392,NA,2,NA,0.0476190476190476
"TMS14F1013P0007",2,4,1,3.125,66.4,70,120,NA,NA,192.5775,1.59839325,1,66.4,0.142857142857143
"TMS14F1013P0007",2,5,2,NA,NA,110,NA,NA,NA,142.5639,NA,2,NA,0.142857142857143
"TMS14F1285P0006",2,1,2,NA,NA,75,NA,NA,NA,177.5625,NA,2,NA,0.0476190476190476
"TMS14F1285P0006",2,2,1,NA,NA,70,NA,NA,NA,166.597,NA,1,NA,0.0476190476190476
"TMS14F1285P0006",2,3,1,NA,NA,85,NA,NA,NA,205.09,NA,1,NA,0.238095238095238
"TMS14F1285P0006",2,4,1,2.04545454545455,86.6666666666667,75,120,NA,NA,201.6138,2.1841495,1,86.6666666666667,0.380952380952381
"TMS14F1285P0006",2,5,NA,NA,NA,NA,NA,NA,NA,NA,NA,NA,NA,NA
"TMS13F1376P0018",2,1,2,NA,NA,145,NA,NA,NA,324.4456,NA,2,NA,0.380952380952381
"TMS13F1376P0018",2,2,1,NA,NA,135,NA,NA,NA,323.0442,NA,1,NA,0.238095238095238
"TMS13F1376P0018",2,3,2,NA,NA,NA,NA,NA,NA,233.8187,NA,2,NA,0.333333333333333
"TMS13F1376P0018",2,4,1,NA,NA,145,NA,NA,NA,383.9596,NA,1,NA,0.333333333333333
"TMS13F1376P0018",2,5,3,NA,NA,140,NA,NA,NA,297.6188,NA,3,NA,0.285714285714286
"TMS14F1301P0013",2,1,1,NA,NA,80,NA,NA,NA,150.724,NA,1,NA,0.380952380952381
"TMS14F1301P0013",2,2,2,NA,NA,80,NA,NA,NA,174.6024,NA,2,NA,0.285714285714286
"TMS14F1301P0013",2,3,1,NA,NA,45,NA,NA,NA,177.2232,NA,1,NA,0.380952380952381
"TMS14F1301P0013",2,4,1,NA,NA,75,NA,NA,NA,179.9961,NA,1,NA,0.19047619047619
"TMS14F1301P0013",2,5,2,NA,NA,85,NA,NA,NA,183.9273,NA,2,NA,0.523809523809524
"TMS14F1195P0004",2,1,3,3.5,181.285714285714,40,110,NA,NA,169.3452,3.83748319285714,3,60.4285714285714,0.428571428571429
"TMS14F1195P0004",2,2,2,NA,NA,105,NA,NA,NA,156.5961,NA,2,NA,0.285714285714286
"TMS14F1195P0004",2,3,1,3.80952380952381,83.8125,45,125,NA,NA,182.0488,1.90724563125,1,83.8125,0.380952380952381
"TMS14F1195P0004",2,4,1,3.68421052631579,55.5714285714286,50,120,NA,NA,142.9916,0.993280935714286,1,55.5714285714286,0.285714285714286
"TMS14F1195P0004",2,5,1,3.68421052631579,56.5,35,105,NA,NA,143.0462,1.0102637875,1,56.5,0.333333333333333
"TMS13F1400P0001",2,1,3,2.72727272727273,335,100,160,NA,NA,162.6385,6.8104871875,3,111.666666666667,0.19047619047619
"TMS13F1400P0001",2,2,4,3.75,254.666666666667,85,145,NA,NA,168.105,5.3513425,4,63.6666666666667,0.238095238095238
"TMS13F1400P0001",2,3,2,4.47368421052632,191.058823529412,65,150,NA,NA,209.64,5.00669647058823,2,95.5294117647059,0.0476190476190476
"TMS13F1400P0001",2,4,1,NA,NA,85,NA,NA,NA,134.2465,NA,1,NA,0.142857142857143
"TMS13F1400P0001",2,5,1,3.46153846153846,69.2222222222222,70,115,NA,NA,121.266,1.04928775,1,69.2222222222222,0.0476190476190476
"TMS13F1126P0003",2,1,2,5.05952380952381,245.905882352941,20,75,140,NA,177.5625,5.45795790441176,2,122.952941176471,0.285714285714286
"TMS13F1126P0003",2,2,2,NA,NA,100,NA,NA,NA,228.75,NA,2,NA,0.285714285714286
"TMS13F1126P0003",2,3,2,2.5,158,75,80,NA,NA,125.465,2.47793375,2,79,NA
"TMS13F1126P0003",2,4,2,NA,NA,80,NA,NA,NA,155.8954,NA,2,NA,0.0476190476190476
"TMS13F1126P0003",2,5,NA,NA,NA,NA,NA,NA,NA,NA,NA,NA,NA,NA
"TMS14F1288P0008",2,1,1,3.94117647058824,59.0298507462687,75,142,NA,NA,211.824,1.5629923880597,1,59.0298507462687,0.380952380952381
"TMS14F1288P0008",2,2,2,NA,NA,100,NA,NA,NA,184.7515,NA,2,NA,NA
"TMS14F1288P0008",2,3,3,NA,NA,120,NA,NA,NA,119.3225,NA,3,NA,0.0952380952380952
"TMS14F1288P0008",2,4,1,8.54166666666667,70.0487804878049,120,160,170,205,150.49,1.31770512195122,1,70.0487804878049,0.333333333333333
"TMS14F1288P0008",2,5,2,NA,NA,NA,NA,NA,NA,235.185,NA,2,NA,0.238095238095238
"TMS14F1300P0002",2,1,3,NA,NA,NA,NA,NA,NA,194.625,NA,3,NA,0.619047619047619
"TMS14F1300P0002",2,2,2,NA,NA,90,NA,NA,NA,226.475,NA,2,NA,0.476190476190476
"TMS14F1300P0002",2,3,2,NA,NA,105,NA,NA,NA,259.235,NA,2,NA,0.0476190476190476
"TMS14F1300P0002",2,4,4,NA,NA,120,NA,NA,NA,241.49,NA,4,NA,0.476190476190476
"TMS14F1300P0002",2,5,1,NA,NA,125,NA,NA,NA,350.4625,NA,1,NA,0.619047619047619
"IITA-TMS-IBA000070",2,1,3,NA,NA,100,NA,NA,NA,234.8925,NA,3,NA,0.333333333333333
"IITA-TMS-IBA000070",2,2,3,NA,NA,110,NA,NA,NA,213.735,NA,3,NA,0.476190476190476
"IITA-TMS-IBA000070",2,3,1,NA,NA,85,NA,NA,NA,277.0125,NA,1,NA,0.428571428571429
"IITA-TMS-IBA000070",2,4,NA,NA,NA,NA,NA,NA,NA,NA,NA,NA,NA,NA
"IITA-TMS-IBA000070",2,5,NA,NA,NA,NA,NA,NA,NA,NA,NA,NA,NA,NA
"IITA-TMS-IBA982101",2,1,3,NA,NA,100,NA,NA,NA,146.668,NA,3,NA,0.19047619047619
"IITA-TMS-IBA982101",2,2,3,NA,NA,95,NA,NA,NA,192.5775,NA,3,NA,0.333333333333333
"IITA-TMS-IBA982101",2,3,1,NA,NA,100,NA,NA,NA,150.2625,NA,1,NA,0.238095238095238
"IITA-TMS-IBA982101",2,4,1,1.78571428571429,122,75,125,NA,NA,202.5875,3.089459375,1,122,0.476190476190476
"IITA-TMS-IBA982101",2,5,NA,NA,NA,NA,NA,NA,NA,NA,NA,NA,NA,NA
"TMS14F1306P0008",2,1,1,NA,NA,95,NA,NA,NA,324.105,NA,1,NA,NA
"TMS14F1306P0008",2,2,2,NA,NA,95,NA,NA,NA,170.51,NA,2,NA,0.285714285714286
"TMS14F1306P0008",2,3,3,NA,NA,120,NA,NA,NA,233.43,NA,3,NA,0.571428571428571
"TMS14F1306P0008",2,4,4,NA,NA,155,NA,NA,NA,253.0275,NA,4,NA,0.571428571428571
"TMS14F1306P0008",2,5,1,NA,NA,NA,NA,NA,NA,246.3,NA,1,NA,0.571428571428571
"TMS13F1049P0001",2,1,2,NA,NA,95,NA,NA,NA,94.98,NA,2,NA,0.380952380952381
"TMS13F1049P0001",2,2,1,2.72727272727273,102.5,75,135,NA,NA,143.1645,1.83429515625,1,102.5,0.333333333333333
"TMS13F1049P0001",2,3,1,3.18181818181818,97,70,140,NA,NA,182.795,2.216389375,1,97,0.428571428571429
"TMS13F1049P0001",2,4,1,5.58823529411765,48.6842105263158,15,110,NA,NA,112.452,0.684329605263158,1,48.6842105263158,0.238095238095238
"TMS13F1049P0001",2,5,NA,NA,NA,NA,NA,NA,NA,NA,NA,NA,NA,NA
"TMS14F1019P0015",2,1,1,2.77777777777778,94.6,85,135,NA,NA,201.632,2.3842984,1,94.6,0.238095238095238
"TMS14F1019P0015",2,2,3,2.77777777777778,229.2,90,140,NA,NA,213.1435,6.106561275,3,76.4,0.19047619047619
"TMS14F1019P0015",2,3,2,3.125,134.4,85,135,NA,NA,297.2275,4.993422,2,67.2,0.285714285714286
"TMS14F1019P0015",2,4,2,NA,NA,90,NA,NA,NA,161.865,NA,2,NA,0.0952380952380952
"TMS14F1019P0015",2,5,2,2.94117647058824,128.2,65,115,NA,NA,218.194,3.49655885,2,64.1,0.0952380952380952
"TMEB419",2,1,1,NA,NA,NA,NA,NA,NA,281.53,NA,1,NA,0.666666666666667
"TMEB419",2,2,3,NA,NA,NA,NA,NA,NA,276.3885,NA,3,NA,0.714285714285714
"TMEB419",2,3,4,NA,NA,NA,NA,NA,NA,286.08,NA,4,NA,0.714285714285714
"TMEB419",2,4,3,NA,NA,NA,NA,NA,NA,219.468,NA,3,NA,0.619047619047619
"TMEB419",2,5,1,NA,NA,NA,NA,NA,NA,230.9249,NA,1,NA,0.571428571428571
"TMS14F1278P0003",2,1,1,1.75,114,35,70,NA,NA,224.4275,3.198091875,1,114,0.428571428571429
"TMS14F1278P0003",2,2,2,3.125,124.8,45,95,NA,NA,195.535,3.050346,2,62.4,0.0476190476190476
"TMS14F1278P0003",2,3,1,2.5,82,35,75,NA,NA,181.755,1.86298875,1,82,NA
"TMS14F1278P0003",2,4,1,NA,NA,65,NA,NA,NA,219.6955,NA,1,NA,0.333333333333333
"TMS14F1278P0003",2,5,1,2.89473684210526,128.181818181818,70,125,NA,NA,232.117,3.71914738636364,1,128.181818181818,0.333333333333333
"IITA-TMS-IBA980581",2,1,3,NA,NA,180,NA,NA,NA,389.04,NA,3,NA,0.476190476190476
"IITA-TMS-IBA980581",2,2,4,NA,NA,NA,NA,NA,NA,242.309,NA,4,NA,0.523809523809524
"IITA-TMS-IBA980581",2,3,3,NA,NA,NA,NA,NA,NA,225.7015,NA,3,NA,0.714285714285714
"IITA-TMS-IBA980581",2,4,2,NA,NA,140,NA,NA,NA,214.8725,NA,2,NA,0.380952380952381
"IITA-TMS-IBA980581",2,5,4,NA,NA,NA,NA,NA,NA,300.822,NA,4,NA,0.571428571428571
"TMS14F1159P0003",2,1,2,NA,NA,60,NA,NA,NA,156.6325,NA,2,NA,0.0476190476190476
"TMS14F1159P0003",2,2,1,2.25,70.2222222222222,50,95,NA,NA,129.69,1.13839,1,70.2222222222222,0.19047619047619
"TMS14F1159P0003",2,3,2,NA,NA,60,NA,NA,NA,143.184,NA,2,NA,NA
"TMS14F1159P0003",2,4,1,2.5,64,50,95,NA,NA,130.275,1.0422,1,64,0.238095238095238
"TMS14F1159P0003",2,5,2,2.22222222222222,145,50,90,NA,NA,134.136,2.431215,2,72.5,0.142857142857143
"TMS14F1022P0003",2,1,2,4.0625,117.230769230769,35,100,NA,NA,160.11,2.34622730769231,2,58.6153846153846,0.0952380952380952
"TMS14F1022P0003",2,2,1,4.16666666666667,59.4,35,110,NA,NA,146.85,1.09036125,1,59.4,0.238095238095238
"TMS14F1022P0003",2,3,1,5.71428571428571,53,40,120,NA,NA,128.715,0.852736875,1,53,0.142857142857143
"TMS14F1022P0003",2,4,NA,NA,NA,NA,NA,NA,NA,NA,NA,NA,NA,NA
"TMS14F1022P0003",2,5,NA,NA,NA,NA,NA,NA,NA,NA,NA,NA,NA,NA
"IITA-TMS-IBA30572",2,1,3,NA,NA,95,NA,NA,NA,167.0975,NA,3,NA,NA
"IITA-TMS-IBA30572",2,2,2,NA,NA,80,NA,NA,NA,160.6911,NA,2,NA,0.19047619047619
"IITA-TMS-IBA30572",2,3,2,NA,NA,95,NA,NA,NA,155.6406,NA,2,NA,0.333333333333333
"IITA-TMS-IBA30572",2,4,3,2.17391304347826,239.7,65,115,NA,NA,130.652,3.91466055,3,79.9,0.333333333333333
"IITA-TMS-IBA30572",2,5,NA,NA,NA,NA,NA,NA,NA,NA,NA,NA,NA,NA
"TMS13F1304P0003",2,1,2,NA,NA,120,NA,NA,NA,272.9175,NA,2,NA,0.380952380952381
"TMS13F1304P0003",2,2,2,NA,NA,95,NA,NA,NA,179.246,NA,2,NA,0.380952380952381
"TMS13F1304P0003",2,3,1,NA,NA,125,NA,NA,NA,253.4955,NA,1,NA,0.238095238095238
"TMS13F1304P0003",2,4,1,NA,NA,125,NA,NA,NA,263.85,NA,1,NA,0.333333333333333
"TMS13F1304P0003",2,5,2,NA,NA,NA,NA,NA,NA,182.1125,NA,2,NA,0.476190476190476
